title,club_main_category_id
남자가 이런 행동을 보인다면 절대 넘어가지 마세요,연애·소개팅
결혼까지 생각하는 남자는 무조건 이렇게 행동합니다,연애·소개팅
"여자는, 이거 하나면 바뀝니다",연애·소개팅
말 안 해도 상대가 알아서 잘하게 만드는 방법,연애·소개팅
이런 친구는 제발 남자친구한테 보여주지 좀 마세요,연애·소개팅
이런 남자는 제발 놓치지 마세요 (10명 중 한 명 있을까 말까 한 남자),연애·소개팅
밤일해서 X억이나 모았는데.. 연애·소개팅는 왜 제 뜻대로 안 될까요..,연애·소개팅
술 마실 때 이거 하나만 확인해 봐도 반은 걸러집니다,연애·소개팅
이런 여자들은 화류계 종사자일 가능성이 매우 높습니다,연애·소개팅
연애·소개팅할 때 주도권을 뺏기는 사람들의 특징,연애·소개팅
여자들이 남자로 느끼지 않는 남자,연애·소개팅
이런 여자에게는 절대 남자가 먼저 다가가지 않습니다,연애·소개팅
결혼정보회사를 오픈하게 되었습니다,연애·소개팅
"이 중 하나라도 하는 순간, 남자는 바로 떠납니다",연애·소개팅
이 쉬운 걸 못하는 여자들이 생각보다 너무 많습니다,연애·소개팅
"저랑 헤어진 지 세 달 됐는데, 새로 만난 여자와 생긴 아기가 16주(?)라네요.. 근데 그 여자 정체가...",연애·소개팅
남자친구에게 제 직업을 솔직하게 말할 수가 없었어요,연애·소개팅
남자가 더 좋아하게 만드는 방법,연애·소개팅
서운한 마음을 극복하는 가장 쉬운 방법,연애·소개팅
이런 여자와는 절대 결혼까진 생각하지 않습니다,연애·소개팅
많은 여자들이 속아 넘어가는 남자들의 가짜 호감,연애·소개팅
남자친구의 성병.. 어디서 걸린 거냐고 물어봤더니 한다는 말이..,연애·소개팅
남자 경험 많은 여자들의 고질적인 습관,연애·소개팅
사랑받지 못한 여자들은 본능적으로 이렇게 행동합니다,연애·소개팅
20대에 알았으면 정말 좋았겠다 싶은 연애·소개팅 조언 두 가지,연애·소개팅
연애·소개팅 시장에서 능력 좋은 여자들이 겪는 일,연애·소개팅
거의 모든 여자들이 남자 앞에서 하는 행동,연애·소개팅
남자 앞에서 딱 한 번만 해보세요,연애·소개팅
20대에 연애·소개팅 많이 못 해본 사람들이 30대가 되면 겪는 일,연애·소개팅
남자들이 꼬시기 쉽다고 생각하는 여자,연애·소개팅
성공 후에 깨달은 사실,연애·소개팅
90프로 이상의 여자들이 남자랑 연락할 때 하는 행동,연애·소개팅
남자를 다룰 줄 모르는 여자들은 하나같이 이렇게 행동합니다,연애·소개팅
무슨 일이 있어도 이것만큼은 절대 하지 마세요,연애·소개팅
잘생기지 않았다면 이것만큼은 꼭 하세요,연애·소개팅
30대 중반 이후의 여자가 결혼 할 수 있는 가장 현실적인 방법,연애·소개팅
이런 여자랑 결혼하면 고생길 시작입니다,연애·소개팅
"여자들은 절대 모르는, 남자가 관계를 피하는 이유",연애·소개팅
능력이 부족한 사람이 결혼할 수 있는 유일한 방법은 이것뿐입니다,연애·소개팅
"진짜 사랑하는 것처럼 느껴져도, 이런 남자는 당신에게 진심이 아닙니다",연애·소개팅
잘난 남자들이 좋아하는 여자,연애·소개팅
남자들은 예쁜 여자보다 이런 여자를 훨씬 더 좋아합니다,연애·소개팅
"이런 남자들은, 높은 확률로 당신을 좋아하고 있는 겁니다",연애·소개팅
여자에게 사랑받기 위해 꼭 알아야 할 한 가지,연애·소개팅
"오래 만나봤자, 이거 모르면 결국 결혼까진 못 갑니다",연애·소개팅
단둘이 있어도 절대 안 건드리고 싶은 여자들의 특징,연애·소개팅
살면서 이거 알고 있는 사람 단 한 명도 못 봤습니다,연애·소개팅
남자들이 무조건 좋아하는 여자,연애·소개팅
가지가지(?) 하는 남자친구,연애·소개팅
10년 넘게 을의 연애·소개팅를 하고 깨달은 사실,연애·소개팅
"여자들은 모르는, 남자 쪽 부모들이 연상을 반대하는 진짜 이유",연애·소개팅
하지만 너무 많은 여자들이 이런 남자를 만납니다,연애·소개팅
이런 여자한테 한 번 빠지면 남자 인생 다 망칩니다,연애·소개팅
서로를 맞춰가는 가장 좋은 방법,연애·소개팅
여자들이 좋아하는 남자 앞에서 무조건 하는 실수,연애·소개팅
헤어져도 붙잡으면 잡히는 경우,연애·소개팅
이런 여자들은 남자를 진심으로 좋아하는 게 아닙니다,연애·소개팅
오래 만나긴 힘든 타입의 여자,연애·소개팅
여자들이 남자와 스킨십하기 전에 하는 생각,연애·소개팅
사소한 걸로 간섭하는 남자들이 위험한 이유,연애·소개팅
이런 느낌이 들지 않는 여자는 연애·소개팅 상대에 불과합니다,연애·소개팅
남자들이 절대 안 사귀는 여자 1순위,연애·소개팅
관계 후에 남자가 떠나지 못하게 하는 법,연애·소개팅
여자들이 절대 안 사귀는 남자 1순위,연애·소개팅
이런 남자는 아무리 오래 만나봤자 절대 결혼 얘기 안 꺼냅니다,연애·소개팅
"90프로 이상의 남자들이 모르는, 여자들이 반하는 센스 있는 행동",연애·소개팅
생각 많은 여자들의 연애·소개팅 습관,연애·소개팅
제발 이 시기를 그냥 흘려보내지 마세요,연애·소개팅
이런 생각이 들지 않는 남자는 연애·소개팅 상대에 불과합니다,연애·소개팅
첫인상이 별로인 여자들의 특징,연애·소개팅
가만히 있어도 남자가 잘 꼬이는 여자들의 특징,연애·소개팅
남자가 진심으로 사랑할 때만 나오는 행동 두 가지,연애·소개팅
20대에 사람 보는 눈을 바꾸지 못하면 생기는 일,연애·소개팅
이런 남자들은 여자를 진심으로 좋아하는 게 아닙니다,연애·소개팅
제발 남자랑 이렇게 카톡하지 마세요,연애·소개팅
무능력한 부모를 둔 자식들의 삶,연애·소개팅
정떨어지게 만드는 여자들의 화법,연애·소개팅
원래 연애·소개팅하던 방식대로 남자 만나면 안 됩니다,연애·소개팅
헷갈리게 하는 사람 대처 방법,연애·소개팅
썸남의 아이를 낳고 싶어요,연애·소개팅
어장보다 훨씬 위험한 섹장치는 남자들의 특징,연애·소개팅
집착이 심한 남자들의 특징,연애·소개팅
유명 연예인의 아이를 가지게 되었습니다,연애·소개팅
여자들에게 꼭 해주고 싶은 말,연애·소개팅
"이거 하나만 보면, 결국 떠날 남자인지 알 수 있습니다",연애·소개팅
상위 10프로의 여자들이 남자를 꼬시는 방법,연애·소개팅
정작 남자들은 이런 행동하는 여자 절대 안 만납니다,연애·소개팅
이런 낌새가 보이는 여자에게는 시간 낭비하지 마세요,연애·소개팅
다른 여자들보다 특별한 여자가 될 수 있는 방법,연애·소개팅
자연스럽게 남자를 자빠트리는 방법,연애·소개팅
이런 여자는 제발 놓치지 좀 마세요,연애·소개팅
이렇게 하면 먼저 연락 안 하고는 못 배깁니다,연애·소개팅
부모에게 사랑받지 못한 사람들의 연애·소개팅 방식,연애·소개팅
남자가 이런 말을 한다면 가차 없이 떠나세요,연애·소개팅
이 세상 모든 남자들에게,연애·소개팅
결혼 준비가 안 돼있는 남자와의 연애·소개팅,연애·소개팅
이런 남자랑 자면 무조건 버림받습니다,연애·소개팅
우리나라 신혼부부들의 현실,연애·소개팅
여자들이 제일 싫어하는 남자 유형,연애·소개팅
이것 때문에 정말 많은 여자들이 결혼 적령기를 놓칩니다,연애·소개팅
남자랑 있을 때 이거 좀 하지 마세요,연애·소개팅
정말 좋은 배우자를 만나는 방법,연애·소개팅
이거에 넘어가는 여자들 생각보다 많습니다,연애·소개팅
남자들이 기피하는 여자 & 여자들이 기피하는 남자,연애·소개팅
이전까지는 제발 긴장을 늦추지 마세요,연애·소개팅
연애·소개팅를 하면 나도 모르게 하게 되는 것,연애·소개팅
결혼 잘하는 여자들은 생각부터가 다릅니다,연애·소개팅
몇 번 자고 나면 끝날 관계,연애·소개팅
여자가 하룻밤으로 생각하는 남자,연애·소개팅
결혼하고 싶으면 제발 이렇게 연애·소개팅하지 마세요,연애·소개팅
상대방과 경제력 차이가 난다면 반드시 이렇게 하세요,연애·소개팅
남자들이 제일 싫어하는 여자 유형,연애·소개팅
이런 남자 한 번 만나면 여자 인생 다 망칩니다,연애·소개팅
"2030, 제발 비혼 주의에 물들지 마세요",연애·소개팅
남자에게 한 번이라도 차인 적이 있다면 꼭 보세요,연애·소개팅
연애·소개팅 시장에서 인기 없는 사람들이 가진 공통점,연애·소개팅
애매하게 구는 남자들은 이렇게 해야 넘어옵니다,연애·소개팅
"단, 기회는 딱 한 번뿐입니다",연애·소개팅
이거 하나만큼은 꼭 확인해 보세요,연애·소개팅
결혼 적령기가 가까워지면 하게 되는 생각,연애·소개팅
이런 남자에게는 없었던 마음도 생깁니다,연애·소개팅
헤어진 여자들이 봐야 할 영상,연애·소개팅
서울에서 만나요! (아마도 이번이 마지막일 것 같아요..),연애·소개팅
겨울이 지나기 전에 꼭 써먹으세요,연애·소개팅
많은 여자들에게서 보이는 정떨어지는 본능적 행동,연애·소개팅
결혼은 꼭 이런 여자와 하세요,연애·소개팅
남자가 계속해서 잘하게 만드는 여자들의 특징 (ft. 쿠팡플레이 '사내연애·소개팅'),연애·소개팅
부산에서 만나요😀,연애·소개팅
이런 여자에게는 없었던 마음도 생깁니다,연애·소개팅
이거 진짜 사람 미칩니다,연애·소개팅
남자가 이런 행동을 보이면 절대 넘어가지 마세요,연애·소개팅
남자들은 이런 말 하는 여자는 일단 거르고 시작합니다,연애·소개팅
사귀고 싶진 않은 여자,연애·소개팅
"열이면 열, 모든 남자들이 별로라고 느끼는 여자",연애·소개팅
요즘 2030들의 엄청 위험한 생각,연애·소개팅
10년 만에 처음으로 팬미팅을 진행하게 되었습니다.,연애·소개팅
이 다섯 가지만 확인해 보시면 됩니다,연애·소개팅
이런 경우엔 옆에 있는 남자를 다른 남자로 바꾸셔야 합니다,연애·소개팅
결혼해서 잘 사는 사람들이 공통적으로 가지고 있는 특징,연애·소개팅
연애·소개팅하고 싶은 분들 보세요,연애·소개팅
남자한테는 이렇게 해야 먹힙니다,연애·소개팅
이걸 몰라서 남자에게 끌려다니는 여자들 되게 많습니다,연애·소개팅
남녀 불문하고 애인에게 절대 보여주면 안 되는 친구,연애·소개팅
결혼하고 싶으면 꼭 보세요. 현실에서 이거 알려주는 사람 못 봤습니다,연애·소개팅
여자 경험 많은 남자들의 고질적인 습관,연애·소개팅
남자가 '이 행동'을 보이면 당신에게 반했다는 뜻입니다.,연애·소개팅
눈 딱 감고 한 번만 해보세요,연애·소개팅
자기의 남자로 만드는 능력이 있는 여자,연애·소개팅
만날수록 질리는 남자 특징,연애·소개팅
여기에 해당하는 남자들은 결혼하면 무조건 변합니다.,연애·소개팅
근데 이거 잘하는 남자 거의 못봤습니다,연애·소개팅
"남자는, 이거 하나면 바뀝니다",연애·소개팅
자고 나면 달라질 사람인지 알아보는 법,연애·소개팅
이성이랑 카톡할 때 이런 사람 진짜 많습니다,연애·소개팅
30대라면 보지 마세요. 이미 늦었습니다,연애·소개팅
이거 모르면 열에 아홉의 남자는 결국 다 떠납니다,연애·소개팅
근데 이거 잘하는 여자 거의 못봤습니다,연애·소개팅
"믿기 어렵겠지만, 3명 중 1명은 여기에 해당합니다",연애·소개팅
결혼 적령기 여자들을 위한 현실 조언,연애·소개팅
연애·소개팅 못하는 남자들의 특징,연애·소개팅
애 낳기 전에 꼭 보세요,연애·소개팅
"남자를 만날 땐, 이 세 가지만 보시면 됩니다",연애·소개팅
많은 여자들이 꼭 알아야 하는 사실,연애·소개팅
연애·소개팅 초반에 꼭 해야 하는 것,연애·소개팅
바람피울 남자 미리 알아보는 법,연애·소개팅
남자들이 절대 질려 하지 않는 여자,연애·소개팅
"꼭, 연애·소개팅는 이렇게 하세요",연애·소개팅
제 딸을 최초 공개합니다..,연애·소개팅
좋은 여자를 구별할 수 있는 5가지 방법,연애·소개팅
이런 남자는 믿고 결혼하셔도 됩니다,연애·소개팅
어장 당하는 사람들의 특징,연애·소개팅
노처녀가 되는 여자들의 특징,연애·소개팅
지금 당신이 알아야 하는 것,연애·소개팅
와이프 출산 D-2 👼🏻 내일 입원합니다.. 유도 분만,연애·소개팅
여자가 남자에게 마음이 떴을 때,연애·소개팅
분위기 있는 여자가 되는 법,연애·소개팅
여자에게 이용당하지 않는 법,연애·소개팅
결혼하기 전에 미리 알아두면 정말 도움 되는 것들,연애·소개팅
남자가 더 좋아할 수밖에 없게 만드는 여자,연애·소개팅
결혼 생각 있는 분들만 보세요,연애·소개팅
운명의 상대를 만나는 법,연애·소개팅
좋아하는 사람과 사귈 수 있는 결정적 한방,연애·소개팅
남자가 헤어지고 싶을 때 하는 행동,연애·소개팅
"이런 마인드로 연애·소개팅하면, 시간 지나서 반드시 후회합니다.",연애·소개팅
정작 남자들한테 인기 없는 여자들,연애·소개팅
"남자들은 아무 생각없이 하는 행동인데, 대부분의 여자들이 의미부여하는 것",연애·소개팅
힘들 때 꼭 보셨으면 좋겠습니다,연애·소개팅
"모텔에서 딴 여자랑 나오다가 딱 걸린 남친, 여자친구를 보자마자 한다는 말이...",연애·소개팅
연애·소개팅는 이런 사람과 하세요,연애·소개팅
이런 사람들에게는 섹스리스가 찾아올 가능성이 높습니다,연애·소개팅
이것만 되면 연애·소개팅하면서 절대 싸울 일 없습니다,연애·소개팅
썸탈 때 이렇게 행동하면 남자한테 이용당하기 딱 좋습니다,연애·소개팅
"결혼할 남자, 진짜 잘 고르는 법",연애·소개팅
가장 빠르고 확실하게 남자의 마음을 확인할 수 있는 방법,연애·소개팅
"남자에게 이런 징조가 보이면, 고민하지 말고 헤어지세요",연애·소개팅
"이런 남자들, 진짜 엄청나게 많습니다",연애·소개팅
"여자 앞에서 이런 허세 부리면, 무조건 반은 먹고 들어갑니다",연애·소개팅
"결혼은, 내가 좋아하는 사람과 하는 게 아닙니다",연애·소개팅
여자들이 가장 중요하게 생각하는 남자의 매력,연애·소개팅
저도 이제 더 이상은 못 참겠습니다 죄송합니다,연애·소개팅
지 팔자 지가 꼬는 인간들의 특징,연애·소개팅
하루빨리 동심에서 벗어나세요,연애·소개팅
남자들은 이거 절대 모릅니다,연애·소개팅
연애·소개팅 못하는 여자 특,연애·소개팅
찔리면 지금이라도 고치세요,연애·소개팅
무조건 성공하는 고백 방법,연애·소개팅
저 아빠 됩니다,연애·소개팅
남자가 미쳐서 정신 못 차리는 여자,연애·소개팅
이 영상이 당신의 남은 인생을 바꿀 겁니다,연애·소개팅
"이걸 모르면, 결혼을 두 번 하게 될 수도 있습니다",연애·소개팅
연애·소개팅는 몰라도 결혼은 절대 안 되는 남자,연애·소개팅
"절대, 여자 얼굴 보고 연애·소개팅하지 마세요",연애·소개팅
거의 모든 여자들이 남자친구에게 하는 행동,연애·소개팅
괜찮은 남자들은 이런 곳에 많습니다,연애·소개팅
많은 사람들이 자기도 모르는 사이에 상대에게 이런 말을 내뱉습니다,연애·소개팅
"연애·소개팅 안 하고 있을 때, 진짜 조심해야 되는 사람",연애·소개팅
호구되기 딱 좋은 여자 특징,연애·소개팅
"이걸 모르면, 앞으로의 연애·소개팅도 계속 헤어짐을 반복하게 될 겁니다",연애·소개팅
매력적인 사람들이 공통적으로 가지고 있는 특징,연애·소개팅
여기에 해당되는 사람들은 무조건 결혼할 시기를 놓칩니다,연애·소개팅
남자에게 좋은 여자로 기억되는 법,연애·소개팅
20대의 시간은 사람을 만나는 데 쓰세요,연애·소개팅
소원해진 관계를 되돌릴 수 있는 유일한 방법,연애·소개팅
결혼을 일찍 하면 안 되는 이유,연애·소개팅
연애·소개팅는 몰라도 결혼은 절대 안 되는 여자,연애·소개팅
이성과 동거해본 적 없는 분들은 꼭 보세요. 안 보면 나중에 반드시 후회합니다,연애·소개팅
100% 확신할 수 있는 여자들의 호감 신호,연애·소개팅
남자가 권태기일 때와 사랑이 식었을 때의 차이,연애·소개팅
여자 머리 위에 있는 남자,연애·소개팅
여자 쪽이 더 좋아할 수밖에 없게 만드는 남자,연애·소개팅
마스크 끼고 있는데 번호를 물어보는 이유,연애·소개팅
결혼 전까지 모아야 하는 금액,연애·소개팅
연애·소개팅를 오래 해본 적 없는 사람들은 모르는 사실,연애·소개팅
받는 것에 익숙해지세요,연애·소개팅
"이 방법을 익히면, 삶이 매우 달라집니다",연애·소개팅
성격이 비슷한 사람을 만나면 안 되는 이유,연애·소개팅
헤어지고 힘들어하지 않는 사람들의 특징,연애·소개팅
100% 확신할 수 있는 남자들의 호감 신호,연애·소개팅
연애·소개팅 초반부터 이미 결과는 정해져있습니다,연애·소개팅
여자들은 이걸 왜 모를까?,연애·소개팅
삶이 피폐해집니다,연애·소개팅
결혼을 반드시 해야 하는 이유,연애·소개팅
"연애·소개팅 아무리 많이 해봤자, 결혼은 결국 이런 사람과 하게됩니다",연애·소개팅
한 살이라도 젊을 때 반드시 깨달아야만 하는 사실,연애·소개팅
"이 중에 하나라도 해당된다면, 그 관계는 꼭 다시 생각하세요",연애·소개팅
더 좋아하는 쪽은 절대 생각하지 못하는 사실,연애·소개팅
남자를 쉽게 믿지 못하는 여자들,연애·소개팅
남자들은 다 알지만 여자들은 모르는 사실,연애·소개팅
인생을 합리화하는 시기,연애·소개팅
내가 회사 생활은 절대 하지 않겠다고 결심하게 된 계기,연애·소개팅
썸남 호텔 유인 작전,연애·소개팅
신혼집 마련에 들어가는 비용,연애·소개팅
연애·소개팅가 내 뜻대로 되지 않을 때,연애·소개팅
혹시 월급만 모으고 계신가요?,연애·소개팅
많은 사람들이 이 사실을 꼭 알아야 합니다,연애·소개팅
시답잖은 사람들만 만나는 사람들의 특징,연애·소개팅
여자들이 무조건 좋아하는 남자,연애·소개팅
재회를 부르는 한방의 카톡,연애·소개팅
집값이 계속 오르는 이유 (집을 가장 싸게 살 수 있는 시점),연애·소개팅
앞으로 청첩장을 받게 되면 무조건 이렇게 하세요,연애·소개팅
내가 변하게 된 계기 (상대방의 행동에 불안해하지 않는 방법),연애·소개팅
여자들이 속기 쉬운 남자,연애·소개팅
거의 모든 사람들이 연애·소개팅할 때 이런 행동을 합니다,연애·소개팅
유튜브판 하트시그널 촬영 현장 VLOG,연애·소개팅
관계가 끝난 후 1시간 동안 많은 것들을 알 수 있습니다,연애·소개팅
2030들의 최대 고민,연애·소개팅
관계는 가지면서 사귀진 않는 진짜 이유,연애·소개팅
옷을 입고 있어도 여자의 몸매가 어떨지 알 수 있는 두 가지 방법,연애·소개팅
나보다 그 사람이 나를 더 좋아하게 만드는 법,연애·소개팅
이제야 말씀드려서 죄송합니다,연애·소개팅
돈입니다,연애·소개팅
미래가 불안하신가요,연애·소개팅
나와 깊은 관계까지 생각하는 사람은 반드시 이렇게 행동합니다,연애·소개팅
왜 결혼에 실패한 사람들의 얘기를 듣고 있나요?,연애·소개팅
남자가 애간장 타는 여자,연애·소개팅
지금보다 나은 삶을 사는 방법,연애·소개팅
남자 앞에서 절대 하면 안 되는 행동들,연애·소개팅
연애·소개팅 유튜버 셋이 모인 이유.avi,연애·소개팅
덜 사랑하는 방법부터 연습하세요,연애·소개팅
이 세상 모든 여자들에게,연애·소개팅
무조건 망할 수밖에 없는 사람,연애·소개팅
안정적인 연애·소개팅를 하는 방법,연애·소개팅
그리고 이렇게 하세요 (3천만 원을 모으면 달라지는 인생의 변화),연애·소개팅
연애·소개팅 유튜버 둘의 만남 「김달 X 김유신」,연애·소개팅
섹스는 평생 할 수 없습니다,연애·소개팅
솔로세요?,연애·소개팅
여자들의 여우짓,연애·소개팅
여우인 남자들이 하는 행동,연애·소개팅
절대 만나면 안 되는 사람,연애·소개팅
남자가 했을 때 설레는 행동,연애·소개팅
연애·소개팅하면 안 되는 사람,연애·소개팅
장거리 연애·소개팅 중인 분들 보세요,연애·소개팅
1억을 모으는 가장 빠른 방법,연애·소개팅
절대 만지면 안 되는 여자 신체 부위,연애·소개팅
"연애·소개팅 때, 상대방에게 반드시 확인해봐야 하는 한 가지",연애·소개팅
주변에 너무 흔하지만 대부분의 남자들이 모르는 조심해야 되는 여자,연애·소개팅
절대 만지면 안 되는 남자 신체 부위,연애·소개팅
욱하는 성격 고치는 방법,연애·소개팅
헤어지고 정신 못 차리는 친구에게 꼭 전해주세요,연애·소개팅
도대체 저한테 왜 그러세요?,연애·소개팅
요즘 10대,연애·소개팅
절대 친구에게 연애·소개팅사를 이야기하지 마세요 (특히 여자들),연애·소개팅
김달 장가가는 날 「결혼식 브이로그」 (Wedding day Vlog👰🏻‍♀️),연애·소개팅
돈 많은 사람 만나는 법,연애·소개팅
내가 좋아하는 여자를 내 여자로 만들 수 있는 방법,연애·소개팅
결혼에 골인하는 방법,연애·소개팅
제 결혼식에 모르는 남자가 찾아왔었습니다,연애·소개팅
남자친구 차 조수석에서 발견된 귀걸이의 정체,연애·소개팅
결혼할 때 들어간 비용 총정리,연애·소개팅
질리는 여자 특징,연애·소개팅
내가 결혼 전에 했던 생각,연애·소개팅
첫 경험 : 많은 사람들이 잘못 알고 있는 사실,연애·소개팅
제 인성에 대해 말씀드리겠습니다,연애·소개팅
상대방의 마음에 안 드는 점을 고치게 만드는 법,연애·소개팅
100% 설레는 여자의 행동,연애·소개팅
나쁜 남자를 걸러내는 눈,연애·소개팅
남자는 이런 여자를 좋아합니다,연애·소개팅
프러포즈 썰,연애·소개팅
나를 진지한 관계로 생각하면 절대 못하는 행동,연애·소개팅
카톡 보낼 때 이거 좀 하지 마세요ㅠㅠ,연애·소개팅
"밀고 당기지 말고, 당긴 후에 밀어내세요",연애·소개팅
당신의 운명이 바뀔 이야기,연애·소개팅
나의 매력을 상승시키는 법,연애·소개팅
같은 연애·소개팅 유튜버끼리 예의는 좀 지켜주시죠...,연애·소개팅
김달 💖 예신 웨딩촬영 사진 최초공개👰🏻,연애·소개팅
ㅎㅎ = 너한테 관심 없는 거,연애·소개팅
연애·소개팅의 참견에나 나올법한 사연이 실제로...,연애·소개팅
사귀기도 전에 알게 돼버린 썸녀의 OO 성향...,연애·소개팅
그 남자가 나를 좋아하는지 알 수 있는 확실한 방법,연애·소개팅
제 입장을 말씀드리겠습니다,연애·소개팅
남자친구에게 숨겨둔 아이가 있었습니다..,연애·소개팅
갑자기 훅 들어와버린 남사친,연애·소개팅
헤어진 남자들이 봐야 할 영상,연애·소개팅
예비 장모님께서 나를 처음 보자마자 하셨던 말,연애·소개팅
척'하지 마세요,연애·소개팅
사랑에 정답은 없을지 몰라도 오답은 있습니다,연애·소개팅
대부분의 남자들이 속마음을 얘기하지 않는 이유,연애·소개팅
여자들이 남자에게 잔소리를 하는 이유,연애·소개팅
돈을 많이 모을 수 있는 딱 한 가지 방법,연애·소개팅
내가 결혼을 결심한 이유,연애·소개팅
남자 보는 눈이 없는 여자들,연애·소개팅
마음 주면 내가 힘들어지는 남자,연애·소개팅
남자친구 눈알 굴러가는 소리,연애·소개팅
여자에게 스킨십을 하기 전에 꼭 알아야 하는 사실,연애·소개팅
오래 연애·소개팅하기 위해 필요한 세 가지,연애·소개팅
[결혼 발표] 저 장가갑니다,연애·소개팅
제가 그 사람을 잊을 수 있게 해드릴게요,연애·소개팅
똥차만 만나왔던 사람이 벤츠를 만나면,연애·소개팅
"이런 징조가 보이면, 그 연애·소개팅는 절대 시작하지 마세요",연애·소개팅
미친 사람,연애·소개팅
여자가 남자에 대해 잘못 알고 있는 사실 3가지,연애·소개팅
그 사람과 자기 전에 꼭 알아둬야 할 것,연애·소개팅
을에서 갑이 되는 과정,연애·소개팅
남자의 얼굴이 연애·소개팅에 미치는 영향,연애·소개팅
당신의 남자친구는 야동을 볼까요?,연애·소개팅
"여자친구의 스폰서, 그 뒷이야기..",연애·소개팅
이 말은 절대 하지 마세요,연애·소개팅
여자친구에게 스폰서가 있었습니다...,연애·소개팅
남자가 더 좋아하는 연애·소개팅는 결국 불행입니다,연애·소개팅
요즘 대세 마이민님과 연애·소개팅 타로 보고 왔습니다,연애·소개팅
연애·소개팅가 인생을 망치는 과정,연애·소개팅
남이 고쳐둔 걸 가져다 쓰라는 이유,연애·소개팅
그 사람을 놓아주기 힘들다면 보세요,연애·소개팅
남자가 하룻밤으로 생각하는 여자,연애·소개팅
5년 동안 뒤에서 저를 지갑이라 말하고 다녔다네요..,연애·소개팅
남자의 성욕,연애·소개팅
내 옆에 가까이 둬야 하는 사람,연애·소개팅
"XX 냄새 사연, 그 뒷이야기...",연애·소개팅
어쩌다 뒷방 늙은이가 되었을까,연애·소개팅
자존감 낮은 여자들의 연애·소개팅,연애·소개팅
내가 공무원의 꿈을 포기하고 깨달은 사실,연애·소개팅
당신의 소중한 시간을 아낄 수 있는 연애·소개팅 조언,연애·소개팅
여자들이 원하는 남자,연애·소개팅
남자의 가짜 눈물,연애·소개팅
XX 냄새 때문에 만나기 힘들 것 같다는 말을 들었습니다,연애·소개팅
안 좋은 남자를 만나는 여자들의 특징,연애·소개팅
당신의 연애·소개팅가 힘든 이유,연애·소개팅
"내 애인의 여사친, 남사친이 진짜 친구인지 알 수 있는 두 가지 방법",연애·소개팅
한 연애·소개팅 유튜버분으로부터 메일을 받았습니다,연애·소개팅
헤어지고 깨달은 사실,연애·소개팅
60대 어르신에게 소개팅을 시켜드려봤습니다,연애·소개팅
20대와 30대의 차이,연애·소개팅
남자친구 앞에서 자꾸만 작아지는 나 자신,연애·소개팅
XX 능력치 테스트를 해봤습니다,연애·소개팅
책임지고 싶은 사람,연애·소개팅
"딱 한 번이면, 나와 잘 맞을 사람인지 알 수 있습니다",연애·소개팅
싸강에서 봤던 남자가 번호를 물어봤어요💕,연애·소개팅
괜찮은 사람일지 알 수 있는 한 가지 방법,연애·소개팅
부끄럽네요..😅,연애·소개팅
남자가 평생을 함께 생각하는 여자,연애·소개팅
어떻게 남자친구 나이를 모를 수 있었던 걸까?,연애·소개팅
진짜 사랑,연애·소개팅
심각한 결정장애 여자친구,연애·소개팅
그 누나가 이걸 꼭 봤으면 좋겠어요,연애·소개팅
파트너였던 남자가 제 친구와 사귄다네요..,연애·소개팅
"중절 수술 후, 그 뒷이야기... (그 남자에게 온 연락)",연애·소개팅
하고 싶은 일이 없을 때,연애·소개팅
스푼 디제이女의 미친 텐션ㅋㅋㅋㅋㅋㅋㅋ,연애·소개팅
저 교정했어요..,연애·소개팅
일주일 만나고 헤어진 남자친구와 단 하룻밤 일로 원치 않는 아이가 생겼습니다..,연애·소개팅
마음에 드는 사람이 생기면,연애·소개팅
꼭 보세요. 인생은 100퍼센트 운입니다,연애·소개팅
가슴 수술,연애·소개팅
많은 남자들이 여자 앞에서 하는 매력 없는 행동들,연애·소개팅
"몸도, 마음도 외로울 때",연애·소개팅
내 몸을 원하는지 진심인지 알 수 있는 방법,연애·소개팅
여사친과 같이 하룻밤을 보내면 일어나는 일,연애·소개팅
남자들은 이런 여자를 좋아합니다,연애·소개팅
무조건 반은 먹고 들어갈 수 있는 팁,연애·소개팅
보면 볼수록 매력 있는 여자,연애·소개팅
헤어질 때 이런 애들 꼭 있더라,연애·소개팅
저 Jtbc 드라마 ‘부부의 세계’에 출연했습니다,연애·소개팅
하트시그널 프로필 사진 속에 숨겨진 소름 돋는 비밀,연애·소개팅
명심할 것. 설렘은 독,연애·소개팅
남자친구 있으세요?,연애·소개팅
여자들이 남자에 대해 착각하고 있는 사실들,연애·소개팅
(JPN SUB) 남자를 다루는 소소한 팁,연애·소개팅
나만 알고 있던 재회 필살기,연애·소개팅
남자가 먼저 꽂히게 만드세요,연애·소개팅
하트시그널 영상 올리고 나서 방송국에서 선물을 보내주셨습니다,연애·소개팅
불안한 나의 미래,연애·소개팅
(JPN SUB) 대부분의 여자들이 잘못 알고 있는 사실,연애·소개팅
몸정이 정말 무서운 이유,연애·소개팅
좋은 남자를 구별할 수 있는 5가지 방법,연애·소개팅
사랑한다고 상처를 허락하지 말 것.,연애·소개팅
썸남이 나를 보며 웃는다,연애·소개팅
"너무 힘들 땐, 한 번쯤은 쉬어가세요",연애·소개팅
말을 잘할 수 있는 5가지 방법,연애·소개팅
(JPN SUB) 10명 중 9명의 남자는 이런 여자에게 매력을 느낀다,연애·소개팅
인맥관리 아무리 해봤자 나한테 콩고물 안 떨어집니다,연애·소개팅
김달 프로필 촬영 vlog,연애·소개팅
우리는 모두 불효자식이므로,연애·소개팅
상대방의 속마음을 읽는 방법 (ft.하트시그널3),연애·소개팅
헤어지고 좋은 사람으로 기억되고 싶다면,연애·소개팅
20대에 깨우치면 인생에 정말 도움되는 것,연애·소개팅
유튜브의 한계,연애·소개팅
잘 생겨지는 법,연애·소개팅
한국어 패치가 완벽한 미녀의 나라 우크라이나 열혈팬,연애·소개팅
지금 당신이 놓치고 있는 것,연애·소개팅
떡볶이요...? ㅎㅎㅎㅎㅎㅎㅎㅎㅎ,연애·소개팅
(JPN SUB) 연애·소개팅만 했다 하면 감정부터 앞서는 사람들에게,연애·소개팅
전 여친과 동거 중인 남자친구,연애·소개팅
잘못된 연애·소개팅 때문에 당신의 직업이 바뀔 수도 있습니다,연애·소개팅
"권승현님, 같은 연애·소개팅 유튜버끼리 이건 좀 아니지 않나요?",연애·소개팅
꼭 자기 일 열심히 하는 사람을 만나세요,연애·소개팅
연애·소개팅가 서툴면 호기심을 자극하세요,연애·소개팅
김달 & 하트시그널 시즌3,연애·소개팅
"남자에, 여자에 미친 당신에게 묵직한 쓴소리",연애·소개팅
여자친구 어머니에게 윙크를 했더니...,연애·소개팅
내 연애·소개팅가 제일 어려운 이유,연애·소개팅
(JPN SUB) 모든 남자들이 꼭 봐야 할 영상,연애·소개팅
나를 바꿔가면서 연애·소개팅하지 마세요,연애·소개팅
김달이 방송을 준비하기 전과 후의 차이,연애·소개팅
20대에게 꼭 전하고 싶은 이야기,연애·소개팅
사람을 끌어당기는 힘,연애·소개팅
연애·소개팅학개론 역사상 가장 매력 넘치는 사연녀의 개족보 이야기ㅋㅋㅋㅋㅋ,연애·소개팅
아무것도 하지 않으면 아무 일도 일어나지 않는다,연애·소개팅
(JPN SUB) 연애·소개팅 고수가 되는 법,연애·소개팅
지금 당장엔 절대 생각하지 못하는 것,연애·소개팅
모든 게 완벽한 남자만 가능한 일,연애·소개팅
가장 힘들었던 순간에 깨닫게 된 사실,연애·소개팅
지금 당장 당신이 해야 할 것 : 마인드 리셋,연애·소개팅
여자친구가 클럽을 간다네요...,연애·소개팅
남자친구가 알고 봤더니 이단이었다...,연애·소개팅
(JPN SUB) 매력있는 사람이 되는 법,연애·소개팅
(JPN SUB) 연애·소개팅에 있어서 100퍼센트의 확률,연애·소개팅
왜 왔냐고 물었더니 보고 싶어서 왔다는 직장 선배 (대리 설렘💕),연애·소개팅
내가 20살로 돌아간다면 반드시 할 세 가지,연애·소개팅
연애·소개팅학개론 역사상 가장 충격적인 사연,연애·소개팅
한 사람과 오래 연애·소개팅하면 발생하는 일,연애·소개팅
익명의 누군가로부터 도착한 인스타그램 DM의 충격적인 내용,연애·소개팅
"사랑과 일, 두 가지 모두 쟁취하는 법",연애·소개팅
때는 바야흐로 1997년.. (feat. 20년 전 추억들 소환),연애·소개팅
"(JPN SUB) 그거, 너 혼자 사랑한 거야",연애·소개팅
남자에게 번호를 자주 따이는 사연녀,연애·소개팅
(JPN SUB) 진짜 연애·소개팅,연애·소개팅
머지않아 당신에게도 찾아올 선택의 갈림길 (능력 vs 사랑),연애·소개팅
서른 돼서 시작하면 늦는다,연애·소개팅
네이버 클라우드에 여자친구랑 직장 선배가 같이 찍은 사진이...,연애·소개팅
(JPN SUB) 주변에 너무 흔하지만 쉽게 눈치채지 못하는 조심해야 하는 남자,연애·소개팅
아이가 생기면,연애·소개팅
아들 연애·소개팅 좀 하게 해달라고 찾아오신 56세 어머니,연애·소개팅
남해로 여행 갔다가 모텔에 혼자 남겨진 여자친구,연애·소개팅
가난에서 벗어날 수 있는 유일한 방법,연애·소개팅
(JPN SUB) 연애·소개팅 잘만 하는 사람들의 특징,연애·소개팅
김달 vs 박서아,연애·소개팅
나와 잘 맞는 사람,연애·소개팅
끝까지 파고드는 싸움,연애·소개팅
지나치게 예쁜 것도 비극이다,연애·소개팅
재능 없는 분야에서 시간 낭비하지 않았으면,연애·소개팅
여자친구 집에 모르는 남자의 주민등록증...,연애·소개팅
주는 사랑 말고 받는 사랑하세요,연애·소개팅
연애·소개팅는 인생의 전부가 아닙니다,연애·소개팅
당신의 2020년을 바꿔드립니다,연애·소개팅
번호 딴 남자가 알고 봤더니 전 남친의 친구였다...,연애·소개팅
너와 나의 연결 거리 (ft. 장거리 연애·소개팅),연애·소개팅
주변 사람들부터 바꾸세요,연애·소개팅
마음에 드는 남자의 번호를 따는 방법,연애·소개팅
"연애·소개팅는, 맞춰주는 쪽이 손해",연애·소개팅
어장 속에 갇힌 물고기,연애·소개팅
그 사람과 헤어진 걸 천만다행이라고 생각하세요,연애·소개팅
조금 더 일찍 알았다면 좋았을 것들,연애·소개팅
남자들은 모두 공감할 ‘쉽지 않은 남자’,연애·소개팅
복수? 너 따위가?,연애·소개팅
천천히 알아가보자고 하시는 수의사 선생님....💕 (feat. 역대 최고 시청자 달성한 날),연애·소개팅
출동한 경찰에게 첫눈에 반해버렸어요...,연애·소개팅
피지컬이 너무 좋은 단골손님ㅋ,연애·소개팅
아메리카노에 니코틴은 최악이야ㅠㅠㅠㅠㅠ,연애·소개팅
남자에게 이용당하지 않는 방법,연애·소개팅
💕역대급 설렘 주의💗 “저.. 이 사람 좋아해도 될까요..?”,연애·소개팅
남자를 유혹하려면 먼저 남자를 알아야지!,연애·소개팅
좋아하는 사람이 생기면 이렇게 하세요ㅋㅋㅋ,연애·소개팅
방심하다가 기습 뽀뽀 당했습니다,연애·소개팅
"잘 되는 사람은 계속 잘되고, 안 되는 사람은 계속 안되더라",연애·소개팅
이 말을 절대 믿지 마세요,연애·소개팅
매력 없는 여자,연애·소개팅
드릴 말씀이 있습니다,연애·소개팅
집이 이렇게 많은데 내 집만 없는 이유,연애·소개팅
퇴사하는 직장 상사의 번호를 땄는데 ㅋㅋㅋㅋㅋ,연애·소개팅
첫 만남에 어디까지 가능한지 물어봤습니다,연애·소개팅
연애·소개팅가 인생의 전부인 시기,연애·소개팅
전 남친이랑 술 마시러 갔다가...,연애·소개팅
설렘이 끝난 순간부터가 진짜 연애·소개팅의 시작입니다,연애·소개팅
당신이 시작한 이유를 잊지 마세요,연애·소개팅
정말 소름 돋네요...,연애·소개팅
최소한 세 번은 해야 되는 거 아닌가요!!?,연애·소개팅
키스하기 딱! 좋은 타이밍,연애·소개팅
제발 이렇게 연애·소개팅하지 마세요,연애·소개팅
길 가다가 의대생 구독자를 만나면 일어나는 일ㅋㅋㅋㅋㅋㅋㅋ,연애·소개팅
킨텍스에서 번호 딴 그녀의 첫 데이트..💕 (적극적인 여자 2편ㅋㅋㅋㅋㅋ),연애·소개팅
해탈의 경지에 다다르는 법,연애·소개팅
사람들이 썸탈 때 가장 많이 하는 실수,연애·소개팅
요즘은 적극적인 여자가 대세입니다 ㅋㅋㅋㅋㅋㅋㅋ,연애·소개팅
(JPN SUB) 이런 사람과는 연애·소개팅를 시작하지 마세요,연애·소개팅
저와 함께 일하실 분? ㅎㅎㅎ (직원 구합니다),연애·소개팅
(JPN SUB) 나를 쉽게 생각하는 남자 (남자가 쉽게 생각하는 여자),연애·소개팅
(JPN SUB) 재회가 가능한 딱 한 가지 경우,연애·소개팅
남자친구 부모님 만나러 갈 때 꿀팁 5가지!,연애·소개팅
관계를 회복할 수 있는 방법,연애·소개팅
나보다 연봉이 높은 친구들을 보며 들었던 생각,연애·소개팅
연애·소개팅 경험이 중요한 이유,연애·소개팅
자격지심부터 버리세요,연애·소개팅
(JPN SUB) 마음의 여유가 없으니까,연애·소개팅
어차피 헤어지지도 못할 거면서 (가스라이팅 연애·소개팅),연애·소개팅
앞치마요..?,연애·소개팅
이해할 수 없는 남자들의 행동,연애·소개팅
(JPN SUB) 내가 더 좋아하는 사람과 연애·소개팅하면서 끌려다니지 않는 방법,연애·소개팅
새로운 식구가 생겼습니다,연애·소개팅
이별에 무뎌져야 할 때,연애·소개팅
한순간의 실수,연애·소개팅
남자는 여자에게 왜 이런 말을 할까..?,연애·소개팅
인생 가장 최고의 순간으로 돌아가는 방법,연애·소개팅
50대 인생 선배가 전하는 연애·소개팅 조언,연애·소개팅
모두가 부러워할 연애·소개팅를 하고 싶다면,연애·소개팅
너의 과거를 지금 내가 감당하기엔,연애·소개팅
지금 연애·소개팅할 때야?,연애·소개팅
결혼식은 올렸지만 혼인신고는 안 했는데..,연애·소개팅
헤어져놓고 계속 잘해주는 사람의 심리,연애·소개팅
여자가 좋아하는 남자 🌶 ?,연애·소개팅
툭툭 내뱉는 말투가 싸가지없는 남자친구,연애·소개팅
좋은 사람을 만나는 것보다 더 중요한 것,연애·소개팅
나는 왜?,연애·소개팅
내가 우월감에 빠져사는 이유..,연애·소개팅
(JPN SUB) 운명도 거스르는 게 타이밍입니다,연애·소개팅
[랜선 집들이🏠] 이사했어요!,연애·소개팅
너 같으면 너 만나고 싶겠니?,연애·소개팅
때가 될 때 하세요,연애·소개팅
넌 그 사람 얼마나 믿니?,연애·소개팅
네가 내 마지막 연애·소개팅가 되기엔 내 인생이 너무 아까워,연애·소개팅
이사한다고 이마트 갔다가..,연애·소개팅
결혼을 꼭 이성과 해야 되나요?,연애·소개팅
이 남자 소개받을 구독자분 계세유?,연애·소개팅
싸운 직후에 남자는 무슨 생각을 할까?,연애·소개팅
아끼지 말고 그냥 지금 하세요,연애·소개팅
"연애·소개팅의 끝, 그리고 현실",연애·소개팅
캠빨 없는 제 실물을 공개하겠습니다..,연애·소개팅
KBS 이혜성 아나운서와 방송국 vlog,연애·소개팅
(JPN SUB) 절대 돌아오지 않는 경우,연애·소개팅
왜 그렇게 사람 말을 쉽게 믿는지,연애·소개팅
여자들은 이거 절대 모를 걸? (남자가 무룩하는 이유),연애·소개팅
요즘 핫한 비슷해보이즈 허슬러 님을 만났는데..,연애·소개팅
(JPN SUB) 이별에 대처하는 자세,연애·소개팅
KBS 다녀오겠습니다,연애·소개팅
사랑은 배신합니다. 노력은 배신 ‘안’ 합니다,연애·소개팅
방목형 남자 다루기,연애·소개팅
저 이사갑니다,연애·소개팅
(JPN SUB) 헤어지셨어요? 소름 돋는 사실을 하나 알려드릴게요,연애·소개팅
남친을 위한 이벤트?,연애·소개팅
여자가 남자에게 설레는 순간,연애·소개팅
여자가 모텔비 내면 좀 그런가요?,연애·소개팅
제 여자친구 정말 어떡하죠?,연애·소개팅
(JPN SUB) 사랑하지 않는다는 증거,연애·소개팅
평생 한 사람만 사랑할 자신이 없습니다,연애·소개팅
죽음에 대한 두려움,연애·소개팅
힘드시죠?,연애·소개팅
"남사친, 여사친은 이럴 때 써먹으세요",연애·소개팅
평생 바람을 안 피우고 살 수 있을까요?,연애·소개팅
인생이 130도 달라질 수 있는 방법,연애·소개팅
(JPN SUB) 너무 사랑하는 사람과는 절대 행복할 수 없습니다,연애·소개팅
(JPN SUB) 남자들은 여우짓 하는 여자를 어떻게 생각할까?,연애·소개팅
궁합 빼고는 모든 게 완벽한 사람,연애·소개팅
내가 인맥관리를 하면서 느낀 점,연애·소개팅
동갑은 왜 이성으로 안 느껴질까?,연애·소개팅
이어폰 없이는 이 영상을 보지 마세요..,연애·소개팅
돈이 많은 아저씨에게 시집가도 괜찮을까요?,연애·소개팅
이성이 아닌 사람으로 보게 되는 순간,연애·소개팅
자기는 나 이러려고 만나?,연애·소개팅
30대가 불행하면 평생이 불행하다,연애·소개팅
SNS에 그 사람의 이름을 검색한다는 건,연애·소개팅
OO할 때 눈을 감는 이유?,연애·소개팅
좋아하는 일? 잘하는 일?,연애·소개팅
더 이상 후원 상담을 받지 않겠습니다,연애·소개팅
깻잎 잡아줄 수 있다 vs 절대 안 된다,연애·소개팅
새로운 건 언제나 설레는 법,연애·소개팅
(JPN SUB) 나보다 잘난 사람 앞에서 당당해지는 법,연애·소개팅
연애·소개팅를 오래 못하는 사람들의 특징,연애·소개팅
연애·소개팅도 결혼도 결국 자신과의 싸움입니다,연애·소개팅
"여자들은 잘 모르는 ""남자 많아 보인다""는 말의 진짜 의미",연애·소개팅
자존감이 중요한 게 아닙니다,연애·소개팅
원나잇 경험,연애·소개팅
그리운 건 그대일까 그때일까,연애·소개팅
그 정도 깜냥도 없으면서 클럽에서 빵댕이를 흔들어!?,연애·소개팅
꽃밭에는 물을 주지 마세요,연애·소개팅
사랑 결핍,연애·소개팅
(JPN SUB) 미친 철벽을 뚫는 방법ㅋㅋㅋㅋㅋㅋㅋㅋㅋㅋㅋㅋㅋㅋ,연애·소개팅
가장 쉽게 헤어지는 법,연애·소개팅
주는 만큼 당기는 힘,연애·소개팅
"내가 하면 로맨스, 남이 하면 s파트너",연애·소개팅
눈치 없는 사람,연애·소개팅
사람 보는 눈이 바뀌는 시기,연애·소개팅
이게 제 잘못인가요?,연애·소개팅
30대 남자가 바라는 연애·소개팅 (사소한 것에 자주 서운함을 느낀다면),연애·소개팅
역어장,연애·소개팅
후폭풍의 유통기한,연애·소개팅
설레는 사람과는 결혼하지 마세요,연애·소개팅
돈이 연애·소개팅에 차지하는 비중,연애·소개팅
부담스럽게 다가가세요,연애·소개팅
사람 좋아하는 사람은 연애·소개팅 상대로만 생각하세요,연애·소개팅
"사귄 지 1년 째, 결혼 얘기를 꺼냈더니 비혼 주의라는 남친",연애·소개팅
싸우고나서 아무것도 손에 안 잡힐 때,연애·소개팅
애인이 있는 사람을 꼭 내 사람으로 만들어야겠다면,연애·소개팅
쥐뿔도 없는 게,연애·소개팅
킹리적 갓심 : 풀리지 않는 미스터리,연애·소개팅
현실과 타협하게 되는 순간,연애·소개팅
(JPN SUB) SNS 하나면 상대방이 어떤 사람인지 알 수 있습니다,연애·소개팅
여자가 연하남을 바라보는 시선,연애·소개팅
재회를 향한 몸부림,연애·소개팅
사귀기 전에 속궁합이 잘 맞을지 알 수 있는 방법,연애·소개팅
종잣돈을 모을 수 있는 가장 확실한 방법,연애·소개팅
화류계와 직장인의 연애·소개팅,연애·소개팅
헤어지면 남보다도 못한 사이,연애·소개팅
결혼식이나 친구들 모임에 가면 꼭 있는 인간들,연애·소개팅
이렇게 고백하시면 무조건 망합니다,연애·소개팅
결혼 적령기가 되면 한 번쯤 하게 되는 생각들,연애·소개팅
카톡을 차단하는 사람들의 심리 & 차단을 당하는 이유,연애·소개팅
(JPN SUB) 모르는 이성과 눈이 마주친다면 절대 피하지 마세요,연애·소개팅
내가 회사 다닐 때 가장 이해하기 힘들었던 것,연애·소개팅
모텔에서만 데이트를 하려는 남자친구,연애·소개팅
B형 남자가 바람둥이에 나쁜 남자인 진짜 이유,연애·소개팅
우리가 이별에 아파해야 할 날은 아직 더 많이 남았다,연애·소개팅
지치고 힘든 사람들에게 전하고 싶은 말,연애·소개팅
[역대급 사연] 남자친구가 ㅇㅁ방에 간 사실을 알게 되었습니다,연애·소개팅
여자가 헤어지자고 말하면서 우는 이유,연애·소개팅
네가 지금 하고 있는 게 사랑이라고 착각하지 마,연애·소개팅
행복한 연애·소개팅를 원한다면 첫 단추부터 잘 꿰세요,연애·소개팅
51대 49의 법칙,연애·소개팅
못생겨서 연애·소개팅하기가 힘들다면,연애·소개팅
제목은 썸네일과 같습니다,연애·소개팅
그래가지고 복수할 수 있겠어?,연애·소개팅
부모님께 섣부르게 용돈을 드리면 안 되는 이유,연애·소개팅
밀당은 연애·소개팅전선에 위기가 닥쳤을 때 하는 것,연애·소개팅
딱 간절한 그만큼만 당신의 인생이 달라진다,연애·소개팅
사람을 잊는 것이 당신의 인생에서 가장 쉬운 일이다,연애·소개팅
더 좋아하는 쪽이 손해인 이유,연애·소개팅
진동벨이 울리면 왜 남자가 가지고 와야 하나요?,연애·소개팅
당신은 결혼에 대한 두려움을 느껴본 적 있나요? (이별에 아파하는 모든 분들께 이 영상을 바칩니다),연애·소개팅
"물먹고 체하면 약이 없고, 집착으로 헤어지면 답이 없다",연애·소개팅
절대 상대방이 당신을 서운하게 만드는 것이 아니다,연애·소개팅
나이가 어릴수록 공감하지 못하는 이야기,연애·소개팅
(JPN SUB) 헤어진 연인을 가장 빠르게 잊는 방법,연애·소개팅
나이에 비해 연애·소개팅 경험이 부족하다면,연애·소개팅
내가 자기계발을 하는 방법 (나태해질 때 스스로를 다잡는 방법),연애·소개팅
그 사람은 이미 이별을 준비하고 있었다 (ft. 7년간의 사랑),연애·소개팅
헤어져야 한다는 걸 알면서도 이별을 말하지 못하는 사람들,연애·소개팅
금사빠인 사람들이 상대방의 마음을 얻지 못하는 이유,연애·소개팅
여자들이 좋아하는 남자 속옷,연애·소개팅
지금 당신 옆에 있는 그 사람은 어떤 사람인가요?,연애·소개팅
사람은 사람으로 잊으세요,연애·소개팅
(JPN SUB) 연애·소개팅를 잘할 수 있는 방법,연애·소개팅
돈이냐.. 사람이냐...,연애·소개팅
"내 나이 서른, 내가 할 수 있는 일이 아무것도 없었다",연애·소개팅
20대라면 무조건 보세요. (20대와 30대의 연애·소개팅에 대한 가치관 차이),연애·소개팅
걔는 어쩌다 ‘쓰레기'가 되었을까?,연애·소개팅
꿈을 이루기 위해 필요한 것,연애·소개팅
(JPN SUB) 내가 좋아하는 사람이 나를 좋아하게 만드는 방법,연애·소개팅
헤어진 연인과 친구로 지내면 일어나는 일,연애·소개팅
당신은 연애·소개팅를 포기하고 살 수 있나요?,연애·소개팅
정말 받아들이기 힘든 이별 통보 방식,연애·소개팅
당신이 바라는 건 재회인가요? 그리움인가요?,연애·소개팅
상대방이 바람을 폈다면 나에게도 잘못이 있다,연애·소개팅
절대 성공할 수 없는 사람 (부정적인 사람은 긍정적인 사람을 절대 이해하지 못한다),연애·소개팅
당신이 연애·소개팅를 잘못하고 있다는 증거,연애·소개팅
(JPN SUB) 상대방의 이별 통보에 미련 없이 보내주는 방법,연애·소개팅
연애·소개팅할 생각이 없다고 말하는 여자들의 진짜 속마음,연애·소개팅
사랑받는 여자가 되기 위해 꼭 알아야 할 한 가지,연애·소개팅
아무리 열심히 해도 꿈이 이루어지지 않는다면,연애·소개팅
매번 차이는 남자들의 특징 (ft. 여자들의 이유 없는 이별 통보),연애·소개팅
20대 초반에게 꼭 해주고 싶은 연애·소개팅 조언,연애·소개팅
"연애·소개팅할 때, 혼자만의 시간",연애·소개팅
연애·소개팅의 끝이 꼭 결혼이어야 되냐고?,연애·소개팅
사귀기 전에 잤다고 의미 부여하지 마세요,연애·소개팅
이별을 극복하는 최고의 방법,연애·소개팅
썸만 타고 고백은 하지 않는다면,연애·소개팅
지금이라도 헤어지세요. (ft. 오래 연애·소개팅한 커플들에게),연애·소개팅
어장치는 상대방이 나를 좋아하게 만드는 방법,연애·소개팅
"(JPN SUB) 전 남친, 전 여친에게 연락 온 적이 있다면",연애·소개팅
"썸남, 썸녀에게 정떨어지는 순간들",연애·소개팅
잠수타는 인간 버릇 고치는 확실한 방법,연애·소개팅
헤어지자는 말에는 두 가지의 의미가 있다,연애·소개팅
대부분의 커플이 권태기를 극복하지 못하는 이유,연애·소개팅
(JPN SUB) 당신의 인생이 바뀔 수도 있는 이야기 (내가 20대에 알았으면 좋았을 것),연애·소개팅
당신이 좋은 사람을 만나지 못하는 이유,연애·소개팅
꼭 연애·소개팅고자이신 분들만 보세요,연애·소개팅
(JPN SUB) 첫 만남에 상대방을 파악할 수 있는 방법들,연애·소개팅
상대방에게 생색낼 거면 연애·소개팅하지 마세요,연애·소개팅
나보다 일이 먼저인 상대를 이해하는 방법,연애·소개팅
(JPN SUB) 자존감이 낮은 사람들은 사랑한다고 해도 믿지 않는다,연애·소개팅
꼭 쓰레기도 만나셔야 합니다.,연애·소개팅
사랑vs우정' 에 대한 나의 가치관,연애·소개팅
"내가 좋아하는 사람 말고, 나를 좋아해주는 사람을 만나야 하는 이유",연애·소개팅
"일도, 연애·소개팅도 내 뜻대로 되지 않는 가장 큰 이유",연애·소개팅
가정환경이 연애·소개팅에 미치는 영향,연애·소개팅
주변 친구들을 보면 그 사람이 어떤 사람인지 알 수 있다고?,연애·소개팅
헤어지고 아무리 매달려봤자 소용없는 이유,연애·소개팅
남자들의 지키지 못할 약속,연애·소개팅
저희 집은 17평 입니다.,연애·소개팅
내가 여자친구와 싸우지 않는 이유,연애·소개팅
친구에게 애인을 소개시켜주지 마세요,연애·소개팅
관계를 가지기 위해서 사귀자는 말을 내뱉는다니,연애·소개팅
상대방에게서 '촉' 이 온다면,연애·소개팅
내가 친구를 안 만나는 이유,연애·소개팅
미래 계획 없이 연애·소개팅하면 발생하는 일,연애·소개팅
하고 싶은 일을 찾는 것보다 더 중요한 것,연애·소개팅
같이 잤는데 '진짜 잠만 자는 남자' 의 심리,연애·소개팅
"(JPN SUB) '이것' 만 되면, 더 이상 연애·소개팅로 상처받을 일은 없습니다",연애·소개팅
(JPN SUB) 절대 만나면 안 되는 여자 Top 7,연애·소개팅
4살 이상 연하男은 웬만하면 만나지 마세요,연애·소개팅
(JPN SUB) 상대방이 나를 좋아하는지 알 수 있는 방법?,연애·소개팅
연애·소개팅 경험이 별로 없는 분들 꼭 보세요,연애·소개팅
19살 학생이 어떻게 이런 생각을 했을까?,연애·소개팅
(JPN SUB) 만나야 하는 남자 & 만나면 안 되는 남자,연애·소개팅
당신은 연애·소개팅를 할 자격이 없다,연애·소개팅
남자가 여자에 비해 공감능력이 떨어지는 이유,연애·소개팅
요즘 20~30대는 너무 조급하다,연애·소개팅
첫 만남에 여자에게 절대 하면 안되는 두 가지,연애·소개팅
돈도 있는 놈들이 더 버는 진짜 이유 (부자와 가난한 사람의 차이),연애·소개팅
(JPN SUB) 상대방의 진심을 알 수 있는 최고의 방법,연애·소개팅
술 좋아하는 사람만 걸러도 연애·소개팅가 편안해집니다.,연애·소개팅
멈추지 않는 이상 얼마나 천천히 가는지는 문제가 되지 않는다,연애·소개팅
(JPN SUB) 안 싸우는 커플들의 특징,연애·소개팅
외로울 때 연애·소개팅하지 마세요,연애·소개팅
나는 이 나이 먹도록 뭘 했을까?,연애·소개팅
여자가 좋아하는 나쁜 남자들의 특징,연애·소개팅
절대 가까이하면 안 되는 부류의 인간,연애·소개팅
잔다고 해놓고 SNS 하는 남자친구,연애·소개팅
서로 신경쓰이게 하지 않는 연애·소개팅가 정말 가능한 걸까?,연애·소개팅
내가 결혼식엔 몇 명이나 와줄까?' 이런 생각 한 번쯤은 해보셨죠?,연애·소개팅
언제까지 찌질하게 사실 건가요?,연애·소개팅
돌싱의 연애·소개팅,연애·소개팅
"남자의 '결혼하자' 와, 여자의 '우리 결혼 언제 해?' 의 의미",연애·소개팅
"지금까지 당신이 한 건, 진짜 사랑이 아니다",연애·소개팅
성공하기 위해서 받아들여야만 하는 현실,연애·소개팅
"헤어졌는데, 관계는 가지는 여자의 심리",연애·소개팅
"제발!! 커플 프사, 배경화면, 럽스타 강요 좀 하지마세요",연애·소개팅
집착과 의심으로 고민하는 분들에게,연애·소개팅
연애·소개팅 중에 새로운 이성에게 마음이 흔들린다면,연애·소개팅
자존감 낮은 사람들이 쉽게 놓치는 사실,연애·소개팅
연애·소개팅할 때 자주 싸우는 분들 꼭 보세요,연애·소개팅
"연애·소개팅할 때, 성숙한 방어기제를 가지는 방법",연애·소개팅
[Ep.3] 5년 만난 애인이 저의 20년 지기 친구와 바람을 폈습니다,연애·소개팅
바람의 명확한 기준,연애·소개팅
파트너 관계에 대한 나의 생각,연애·소개팅
"(JPN SUB) '내가 편안한 연애·소개팅' 를 하기 위해, 꼭 알아야 할 것",연애·소개팅
"끝말잇기로 썸남, 썸녀 자빠트리는 방법ㅋ",연애·소개팅
즐기는 사람을 절대 이길 수 없는 이유,연애·소개팅
(JPN SUB) 결혼은 어떤 사람과 해야 할까,연애·소개팅
(JPN SUB) 몸은 다 줘도 마음 만큼은 천천히 (내가 좋아하는 사람 vs 나를 좋아해주는 사람),연애·소개팅
네가 성숙하지 못해 회피하는 것들을 내 손으로 끝낸다 (feat. 권태기),연애·소개팅
관계만 가졌다하면 버림받는 사람들의 특징,연애·소개팅
(JPN SUB) 여자친구의 화를 풀어주는 방법,연애·소개팅
내가 자존감이 높아지게 된 계기 (나의 20대 이야기),연애·소개팅
[Ep.2] 빈부격차가 심한연애·소개팅 어떡할까요?,연애·소개팅
[Ep.1] 시간을 갖자는 상대방에게 어떤말을 해줘야 할까?,연애·소개팅
"이별 후, 사진첩을 정리하는 시기",연애·소개팅
혼전순결의 기준은 어디까지일까?,연애·소개팅
BL을 꿈꾸며...,연애·소개팅
당신의 통장에는 얼마가 들어있나요?,연애·소개팅
"썸타는 상대방이 야한 얘기를 한다면, 그건 100% 입니다",연애·소개팅
내가 살면서 뼈저리게 느낀 사실 한 가지 (인생의 세 번의 기회),연애·소개팅
여자들은 어떤 남자에게 번호를 주는지 직접 물어봤습니다.,연애·소개팅
(JPN SUB) 연애·소개팅에 대한 나의 가치관,연애·소개팅
(JPN SUB) 재회는 미친 짓이다,연애·소개팅
내 고집대로만 하는 연애·소개팅,연애·소개팅
정일까? 사랑일까? (정에 대한 남녀의 생각차이),연애·소개팅
"상대를 안달나게 만드는 방법 (썸의 끝, 연애·소개팅의 시작)",연애·소개팅
남자에게 사랑받을 수 있는 최고의 선물,연애·소개팅
내 애인이 과거에 만났던 사람들 (나와 하는 모든 게 내가 처음이었으면),연애·소개팅
이성에게 부담스럽지 않게 다가가기 위한 첫걸음,연애·소개팅
결혼할 나이인데 모아둔 돈이 없는 분들 보세요,연애·소개팅
애인 있는 사람' or '친구의 전 애인' 과 사귀고 싶어요,연애·소개팅
환승과 바람은 습관일까?,연애·소개팅
내 동생이 여자 소개를 받을 때 마다 차였던 이유,연애·소개팅
소개팅 앱으로 만나기 전에 꼭 알아야 할 것 (랜선연애·소개팅 총정리),연애·소개팅
연락 문제로 싸우는 커플은 무조건 헤어질 수 밖에 없다.,연애·소개팅
"연애·소개팅 할 사람 따로, 결혼 할 사람 따로",연애·소개팅
매번 지고 들어가는 연애·소개팅만 하는 분들 보세요.,연애·소개팅
연애·소개팅가 인생에 차지하는 비중,연애·소개팅
관계를 빨리 가지면 마음이 빨리 식을까,연애·소개팅
우연히 옛 애인을 마주치면? (인사한다 vs 쌩깐다),연애·소개팅
소개팅할 때 남녀의 시선 차이,연애·소개팅
인생의 가장 힘든 시기를 극복하는 방법,연애·소개팅
여자가 남자의 번호를 따는 방법,연애·소개팅
자존감이 높은 사람은 짝사랑을 하지 않는다.,연애·소개팅
"연애·소개팅할 때, 늘 나보다 상대방이 1순위가 되었던 이유",연애·소개팅
"썸탈 때 절대 해서는 안되는 말, 우리 무슨 사이야?",연애·소개팅
(JPN SUB) 연인사이 데이트 비용 총정리,연애·소개팅
연애·소개팅의 기본 조차 모르면 같은 이별을 반복한다,연애·소개팅
사람 보는 눈이 없는 사람,연애·소개팅
종교가 다른 연애·소개팅,연애·소개팅
집착과 구속을 하지 않는 방법 (헌신하면 헌신짝이 되는 이유),연애·소개팅
부정적인 사람은 절대 성공할 수 없다,연애·소개팅
인간관계에 있어서 갑이 되는 방법,연애·소개팅
당신이 쓰레기만 만나는 이유,연애·소개팅
자연스럽게 스킨십하는 5가지 방법,연애·소개팅
상대방에게 올바르게 화내는 방법,연애·소개팅
재회 업체에 320만 원을 썼다고요?,연애·소개팅
부모님이 반대하는 연애·소개팅와 결혼 총정리,연애·소개팅
커플들이 싸우게 되는 가장 큰 이유,연애·소개팅
대학을 (안 나온 or 안 나올) 분들에게 하고 싶은 말,연애·소개팅
눈이 높아야 하는 이유,연애·소개팅
"시간이 빠르다고 느껴진다면, 당신은 지금 위험합니다.",연애·소개팅
"연인관계에 있어서, 가장 중요한 요소",연애·소개팅
"바람 핀 상대에게 심증은 있는데, 물증이 없다면?",연애·소개팅
애인이 있는 사람에게 '늑대와 여우' 가 꼬이는 이유,연애·소개팅
"회피형 인간, 어떡하나요?",연애·소개팅
"사랑보다, 일이 먼저입니다",연애·소개팅
상대방 가지고 놀면서 연애·소개팅하세요,연애·소개팅
"싸울 때, 남녀의 입장 차이",연애·소개팅
어장' 당하지 않는 방법,연애·소개팅
(JPN SUB) 이별 후에 힘들지 않는 방법,연애·소개팅
헤어지자는 말을 습관처럼 내뱉는 사람,연애·소개팅
"환승이별하면, 어떻게 될까?",연애·소개팅
"이전 연애·소개팅의 트라우마 때문에, 새로운 연애·소개팅가 두려운 분들에게",연애·소개팅
연애·소개팅만 했다하면 '을' 이 되는 사람들의 특징 (을의 연애·소개팅),연애·소개팅
"상대방과의 궁합, 총정리",연애·소개팅
당신이 헤어질 수 밖에 없었던 이유,연애·소개팅
바람을 피는 이유,연애·소개팅
(JPN SUB) 나이차이 많이 나는 연애·소개팅는 하지마세요,연애·소개팅
"이별 후에, 반드시 해야 하는 것",연애·소개팅
"남자는 모르는, 여자가 남자친구에게 화를 내는 이유",연애·소개팅
당신이 매번 차일 수 밖에 없었던 이유,연애·소개팅
"연애·소개팅할 때, 상대방을 어떻게 믿어야 될까?",연애·소개팅
(JPN SUB) 20대가 가장 많이 하는 연애·소개팅 고민,연애·소개팅
"고백할 때, 거절 당하지 않는 방법",연애·소개팅
본인 스스로를 사랑하는 방법,연애·소개팅
상대방의 말에 쓸데없는 의미부여 하지마세요,연애·소개팅
감당할 수 있는 연애·소개팅를 하세요,연애·소개팅
"시간이 지나, 더 성숙해지면 재회가 가능할까",연애·소개팅