title,club_main_category_id
예술이 꼭 필요할까?,문화·예술
모네'를 코 앞에서 볼 수 있는 전시 ㄷㄷ,문화·예술
스케일 미쳐버린 초대형 우주 전시 리뷰,문화·예술
5월 한 달 동안 꼭 가볼만한 전시 TOP5! + 관람 꿀팁! | 이달의 문화·예술예술,문화·예술
지금까지 이런 동양화는 없었다…,문화·예술
“역대급 아름다움” 직접 다녀온 페기 구겐하임 컬렉션 미술관 후기! (이벤트 있음),문화·예술
요즘 난리난 역대급 현대미술 도시 리뷰,문화·예술
전세계가 주목하는 북유럽 미술 전시가 한국에 열렸습니다...,문화·예술
전 세계 미술씬이 주목하는 스타 작가 총출동… 역대급 스케일의 아트페어 ㄷㄷ,문화·예술
“미술품 가격이 100억?”… 예술 전문가가 알려주는 현대미술이 비싼 이유 | 예술탐닉 풀버전,문화·예술
SNS에서 미술 콘텐츠로 살아남는 방법 l 예술탐닉 풀버젼,문화·예술
1025마리의 버려진 유기견을 그린 86세 원로 화가의 그림 ㄷㄷ / 윤석남 작가의 작업세계 2부,문화·예술
지금 SNS에서 난리난 이 '야경' ㄷㄷ,문화·예술
86세 원로 화가가 아직도 그림을 고민하는 이유 / 윤석남 작가의 작업세계 1부,문화·예술
SNS에서 미술 콘텐츠로 살아남는 방법 l 예술탐닉,문화·예술
길거리 전체가 전시장인 신개념 아트페어 ㄷㄷ,문화·예술
요즘 SNS에서 핫한 ‘미술 채널’들이 말하는 잘 터지는 예술 콘텐츠의 비밀 | 예술탐닉,문화·예술
4월 한 달 동안 꼭 가볼만한 전시 TOP 5! + 관람 꿀팁! | 이달의 문화·예술예술,문화·예술
"최정상급 갤러리, 미술관 다 모인 2024 신상 아트페어가 온다",문화·예술
제주에 가면 꼭 가야할 역대급 예술가들이 모인 이곳!,문화·예술
작품 가격과 가치는 정비례할까? 예술 전문가가 알려주는 작품 가격의 모든 것 | 예술탐닉,문화·예술
“미술품 가격이 100억?”… 예술 전문가가 알려주는 현대미술이 비싼 이유 | 예술탐닉,문화·예술
199x년 생이라면 경악할 ‘이 작가’의 그림ㄷㄷ,문화·예술
미술계가 주목하는 국내 최장수 아트페어 ㄷㄷ,문화·예술
지금 미술계가 주목하는 ‘오류’난 그림 ㄷㄷ | 노상호 작가의 작업세계 2부,문화·예술
"""혁오 앨범부터 발렌타인 위스키까지""… 러브콜이 쏟아지는 ‘이 작가’가 SNS에 집중하는 이유 | 노상호 작가의 작업세계 1부",문화·예술
영국 런던이 주목한 역대급 연필 그림 ㄷㄷ,문화·예술
3월 한 달 동안 꼭 가볼만한 전시 TOP 4! + 관람 꿀팁! | 이달의 문화·예술예술,문화·예술
‘경복궁 낙서 사건’이 예술이 아닌 이유 + ‘선 넘는 예술작품’에 대한 예술 전문가의 생각은? | 예술탐닉,문화·예술
갈수록 ‘선 넘는 예술작품‘들… 예술 전문가들의 생각은? | 예술탐닉,문화·예술
놓치면 후회할 세계 최대 규모 그림책 축제,문화·예술
역대급 스케일의 폼페이 유물전 ㄷㄷ,문화·예술
"“전 예술한 것뿐인데요?“, 경복궁 낙서 사건… 예술 전문가의 생각은? | 예술탐닉",문화·예술
2월 한 달 동안 꼭 가볼만한 전시 TOP 5! + 관람 꿀팁! | 이달의 문화·예술예술,문화·예술
‘인물화’로 갈 데까지 간 예술가의 그림 ㄷㄷ | 이우성 작가의 작업세계,문화·예술
이 작가 토끼에 미쳤습니다...,문화·예술
이 위스키가 500만 원인 이유,문화·예술
고즈넉한 동양화에 뜬금없이 노트북이...?,문화·예술
1만 평 초대형 부지에 등장한 역대급 미술관 ㄷㄷ,문화·예술
2024년 놓치면 후회할 미술계 이슈 TOP 4 총정리!! | 예술탐닉,문화·예술
1월 한 달 동안 꼭 가볼만한 전시 TOP 4! + 관람 꿀팁! l 이달의 문화·예술예술,문화·예술
드디어 한국에 상륙한 일본의 천재 아티스트 ㄷㄷ,문화·예술
2023년에 이런 일이 있었다고? 놓치면 후회할 ‘2023년 미술계 핫이슈’ TOP 4 총정리! | 예술탐닉,문화·예술
2023년 놓치면 후회할 올해 ‘마지막‘ 전시 추천!,문화·예술
예술을 꼭 배워야 할까?,문화·예술
전세계가 주목하는 독일 현대미술 전시가 한국에 열렸습니다...,문화·예술
만지고 싶은 질감을 표현한 역대급 그림 ㄷㄷ,문화·예술
“감성 끝판왕” 미술계 사로잡은 한국 1세대 컨셉 아티스트의 소녀 그림 ㄷㄷ,문화·예술
“귀여운 게 다가 아니야“ 이 새 그림이 지금 미술계에서 주목받는 이유,문화·예술
8천 평 역대급 규모의 미술관이 등장했습니다...,문화·예술
이런 예술가는 ‘나쁜 예술가‘입니다… | 예술탐닉,문화·예술
지금 서울에서 펼쳐지는 완전 독특한 길거리 전시회 추천 ㄷㄷ,문화·예술
12월 한 달 동안 꼭 가볼만한 전시 TOP 4! + 관람 꿀팁! l 이달의 문화·예술예술,문화·예술
“미친 디테일“… 색연필로 갈 데까지 간 ‘이 작가’의 그림 ㄷㄷ,문화·예술
압도적 스케일 자랑하는 데이비드 호크니 전시의 모든 것,문화·예술
"11월 넷째 주, 전문가가 추천하는 이번 주 놓쳐선 안될 전시 TOP 4",문화·예술
지금 미술계가 이 그림에 주목하는 이유,문화·예술
"평균 연봉 “439만원""... 극한직업 미술계에서 어떻게 살아남을까? | 예술탐닉",문화·예술
2023년 가장 미래적인 전시 리뷰 ㄷㄷ,문화·예술
수묵화로 갈 데까지 간 ’이 작가‘의 그림 ㄷㄷ,문화·예술
당신이 몰랐던 '위로를 건네는' 회화 ㄷㄷ,문화·예술
요즘 난리난 역대급 디자인 아트페어 ㄷㄷ,문화·예술
‘좋은 전시’란 무엇인가? | 예술탐닉,문화·예술
"11월 첫째 주, 전문가가 추천하는 이번 주 놓쳐선 안될 전시 TOP 4",문화·예술
예술 고수가 직접 알려주는 '좋은 미술 전시 VS 나쁜 미술 전시' 구별하는 방법 ㄷㄷ | 예술탐닉,문화·예술
11월 한 달 동안 꼭 가볼만한 전시 TOP 5! + 관람 꿀팁! / 이달의 문화·예술예술,문화·예술
이 그림 속 인물들의 눈동자가 공허한 이유,문화·예술
지금 미술계가 주목하는 ‘짤’ 그림 ㄷㄷ,문화·예술
지금 서울에 등장한 역대급 일러스트 전시 리뷰 👀,문화·예술
가난하면 불행한가요? 고정관념 부수는 컴패션 전시의 모든 것,문화·예술
요즘 '그리기'로 갈 데까지 간 예술가 ㄷㄷ,문화·예술
전세계 5백만 명 방문한 역대급 반 고흐 전시 ㄷㄷ,문화·예술
지금까지 이런 동양화는 없었다…,문화·예술
지금까지 이런 유화 그림은 없었다…,문화·예술
빛으로 가득 찬 역.대.급 한강 축제ㄷㄷ,문화·예술
“예술 VS 디자인”… 입이 떡 벌어지는 역대급 디자인 아트페어 추천 ㄷㄷ,문화·예술
“동양화는 좀 지루하잖아?” “아닌데요?” ”???“,문화·예술
10월 한 달 동안 꼭 가볼만한 전시 TOP 4! + 관람 꿀팁! / 이달의 문화·예술예술,문화·예술
미술관부터 페어장까지 싹 다 휩쓴 ‘이 작가’의 그림ㄷㄷ,문화·예술
“화려한 모션이 나를 감싸네” 황홀함 그 자체 알폰스 무하 DDP 전시 리뷰,문화·예술
모두가 기다리던 2023년 가장 핫한 아트페어 🔥 프리즈 서울 후기,문화·예술
"한국 현대미술, 이 전시 하나로 종결입니다…",문화·예술
국립과학관에 등장한 미친 비주얼 전시 ㄷㄷ,문화·예술
9월 놓치면 후회할 인류애 넘치는 전시회 추천!,문화·예술
요즘 SNS에서 핫한 국립중앙박물관 토우 전시 추천!,문화·예술
"""꽃 그림을 그린 거죠?"" ""아닌데요?"" ""???""",문화·예술
2023년 가장 핫한 전시🔥 국립중앙박물관 내셔널갤러리 특별전 전시의 모든 것!,문화·예술
“최소 몇십억” 비싼 집에서 살면 행복할까?,문화·예술
“30년 외길인생” 끝에 한국미술계를 뒤흔든 화가 ㄷㄷ,문화·예술
9월 한 달 동안 꼭 가볼만한 전시 TOP 5! + 관람 꿀팁! / 이달의 문화·예술예술,문화·예술
이 예술가가 집을 사람처럼 그린 이유는?,문화·예술
놓치면 후회할 초대형 현대미술 전시 리뷰 ㄷㄷ,문화·예술
해외에서 난리난 '안티 밥 아저씨' 영상 ㄷㄷ,문화·예술
"“키아프, 프리즈”…9월 난리난 미술계 축제 속에서 놓치면 정말 후회할 ‘이것’",문화·예술
2023년 가장 핫한 아트페어🔥 키아프 서울 아트페어의 모든 것!,문화·예술
놓치면 후회하는 역대급 규모의 '달리' 전시 추천!,문화·예술
요즘 핫한 드로잉 전시 추천 TOP 5!,문화·예술
요즘 성수동에서 핫한 갤러리 전시 추천!,문화·예술
이건 그냥 식물 그림이 아닙니다…,문화·예술
드디어 한국에 상륙한 역대급 스케일 아트페어 ㄷㄷ,문화·예술
지금 셀럽들 사이에서 난리난 그림 리뷰ㄷㄷ,문화·예술
대체 뭘 그렸길래..? 이 그림이 셀럽들 취향 저격한 이유,문화·예술
8월 한 달 동안 꼭 가볼만한 전시 TOP 5! + 관람 꿀팁! / 이달의 문화·예술예술,문화·예술
보기만 해도 상상력 자극되는 그림 추천 TOP5,문화·예술
스케일 미쳐버린 초대형 현대미술 전시 리뷰,문화·예술
‘그림같은 순간’은 어떻게 만들어질까?,문화·예술
드디어 한국에 상륙한 일본 천재 예술가 전시 ㄷㄷ,문화·예술
드디어 한국에 상륙한 역대급 거장 전시 추천 TOP 4! + 관람 꿀팁✨,문화·예술
요즘 미술계에서 주목하는 '이미지 끝판왕' 작품 추천,문화·예술
이 사진은 절대 복제할 수 없습니다…,문화·예술
지금 미술계가 주목하는 '감성 끝판왕' 동양화 그림 추천,문화·예술
"""동양화는 다 비슷하잖아?"" ""아닌데요?"" ""???""",문화·예술
"지금 위로가 필요하다면, 당신을 위한 그림 추천 TOP4",문화·예술
드디어 한국에 상륙한 프랑스 거장 전시 리뷰!,문화·예술
95년생 작가의 놀라운 그림ㄷㄷ,문화·예술
7월 한 달 동안 꼭 가볼만한 전시 TOP 5! + 관람 꿀팁! / 이달의 문화·예술예술,문화·예술
당신이 앙리 마티스의 '이 전시'를 봐야 하는 이유,문화·예술
뉴욕타임즈도 극찬했다... 디테일 끝판왕 예술가 전시 리뷰!,문화·예술
동양화가 지루하다고..?,문화·예술
"""동양화는 좀 지루하잖아?"" ""아닌데요?"" ""???""",문화·예술
조상님들 K-POP 클라스 🔥🔥 역대급 스케일 고려 청자 전시 ㄷㄷ,문화·예술
지금 광화문에 등장한 미친 스니커즈 전시 ㄷㄷ,문화·예술
이 전시에 가면 200% 사랑에 빠집니다…,문화·예술
삶에 지친 당신을 위한 그림 추천 TOP 4!,문화·예술
지금 한국에서 가장 핫한 예술가 🔥 김선우 작가가 그림으로 영감받는 방법 ㄷㄷ,문화·예술
드디어 한국에 상륙한 피카소가 극찬한 색감 천재 전시 ㄷㄷ,문화·예술
6월 한 달 동안 꼭 가볼만한 전시 TOP 5! + 관람 꿀팁! / 이달의 문화·예술예술,문화·예술
요즘 한국 미술계를 발칵 뒤흔든 ‘새 그림’ ㄷㄷ,문화·예술
“감정을 잊고 지내는 당신에게”…널위한문화·예술예술이 추천하는 오지은 작가 그림 추천! 🎨,문화·예술
레고에 미친 자들이 예술을 하면 이렇게 됩니다...,문화·예술
90년생 ‘감성 장인’이 그림 그리는 법,문화·예술
올해 최고 기대 전시 🔥 ‘에드워드 호퍼 길 위에서’ 전시 리뷰!,문화·예술
"입이 떡 벌어지는 공간 체험 👀 마리오폰테, 트웰브 전시의 모든 것!",문화·예술
요즘 미술계에서 핫한 ‘사물’에 감정을 불어넣는 예술가 ㄷㄷ,문화·예술
드디어 한국에 상륙한 천재 예술가 전시 리뷰ㄷㄷ,문화·예술
루브르도 인정했다.. 요즘 핫한 그래피티 작가 전시 리뷰!,문화·예술
스케일 미쳐버린 초대형 현대미술 전시 리뷰,문화·예술
드디어 한국에 상륙한 천재 건축가 전시 ㄷㄷ,문화·예술
5월 한 달 동안 꼭 가볼만한 전시 TOP 5! + 관람 꿀팁! / 이달의 문화·예술예술,문화·예술
요즘 SNS에서 핫한 북유럽디자인의 비밀,문화·예술
위기의 한국예술..? 충격적인 한국 예술 근황ㄷㄷ,문화·예술
요즘 SNS에서 예쁘다고 난리난 미친 비주얼 전시🌟미구엘 슈발리에 전시의 모든 것!,문화·예술
발렌시아가가 된 예술가들 (Artists By Balenciaga),문화·예술
4월 한 달 동안 꼭 가볼만한 전시 TOP 5! + 관람 꿀팁! / 이달의 문화·예술예술,문화·예술
"피카소, 앤디워홀, 잭슨폴록.. 현대미술 거장들 총출동한 전시! 👀",문화·예술
중국을 엿먹인 중국의 천재 예술가?!,문화·예술
미친 스케일ㄷㄷ 화제의 '그' 전시 저희가 다녀왔습니다.,문화·예술
요즘 SNS에서 난리난 힙한 전통그림 전시 TOP4! + 관람 꿀팁,문화·예술
미술관 10년을 통틀어 역대급 규모로 만든 전시ㄷㄷ,문화·예술
요즘 SNS에서 예쁘다고 난리난 미친 비주얼 전시 리뷰,문화·예술
드디어 한국에 상륙한 미친 ‘신발’ 전시의 모든 것!,문화·예술
3월 한 달 동안 꼭 가볼만한 전시 TOP 4! + 관람 꿀팁! / 이달의 문화·예술예술,문화·예술
드디어 한국에 상륙한 ‘킹받는’ 천재 예술가 전시 추천 ㄷㄷ 👻 ‘마우리치오 카텔란’ 전시의 모든 것! | 리움미술관 바나나,문화·예술
드디어 한국에 상륙한 천재 디자이너 전시 ㄷㄷ,문화·예술
2월 한 달 동안 꼭 가볼만한 전시 TOP 4! + 관람 꿀팁! / 이달의 문화·예술예술,문화·예술
요즘 SNS에서 난리난 빛의 시어터 전시 리뷰 ✨,문화·예술
2023년 가장 핫한 전시 🔥 합스부르크 전시의 모든 것!,문화·예술
놓치면 후회할 역대급 국뽕 그림 ㄷㄷ,문화·예술
그 많던 졸업 작품들은 다 어디로 간 걸까?,문화·예술
전세계를 뒤흔든 초대형 미키 마우스 전시가 한국에 열렸습니다..!,문화·예술
요즘 조회수 미친듯이 오르고 있는 ‘이 애니메이션’의 정체,문화·예술
드디어 한국에 상륙한 프리다 칼로 전시 ㄷㄷ,문화·예술
스티브 잡스가 인정한 천재 예술가 📸 알버트 왓슨 특별 전시의 모든 것!,문화·예술
1월 한 달 동안 꼭 가볼만한 전시 TOP 4! + 관람 꿀팁! / 이달의 문화·예술예술,문화·예술
놓치면 후회할 역대급 현대미술 전시 ㄷㄷ,문화·예술
세계 최대 규모의 컬렉션 전시가 한국에 열렸습니다...,문화·예술
“귀여운 건 못 참지” 요즘 SNS에서 난리난 기발한 전시 리뷰,문화·예술
이번에 안 보면 두번 다시 못보는 전시ㄷㄷ,문화·예술
"""여기 한국 맞아..?"" 믿고 보는 피크닉 새 전시 리뷰!",문화·예술
12월 한 달 동안 꼭 가볼만한 전시 TOP 4! + 관람 꿀팁! / 이달의문화·예술예술,문화·예술
연말 데이트 핫플로 난리난 홍대 전시 리뷰,문화·예술
드디어 한국에 상륙한 세계 예술 트렌드를 주도하는 작가들 TOP 4! ㄷㄷ,문화·예술
“오! 뭘로 그리셨어요?” “그림자요” “???”,문화·예술
드디어 한국에 상륙한 압도적 스케일 전시 ㄷㄷ,문화·예술
드디어 한국에 온 프랑스 국보급 현대미술 클라스 ㄷㄷ,문화·예술
11월 한 달 동안 꼭 가볼만한 전시 TOP 4! + 관람 꿀팁! / 이달의 문화·예술예술,문화·예술
11월 놓치면 후회할 인류애 넘치는 전시회 추천!,문화·예술
예술이 사람을 치료하는 방법,문화·예술
1933년생 필카 장인이 사진 찍는 법,문화·예술
미술시장 역대급 호황! 그런데…,문화·예술