title,club_main_category_id
충북 “우리고장 국가유산 활용사업” 제2탄 난공불락의 요새 ‘삼년산성’ 대장장이와 함께해요!!,동네·또래
"진천 스마트팜, 파프리카 농장에 가다!｜똑똑팜 1화 (with 꽃보다유이)",동네·또래
"가장 중요한 궁합, 입맛 궁합!｜[메이드인 충청북도] EP.2 제천 원뜰",동네·또래
쑥의 무한 변신 : 지역과 상생하는 지역 농산물 가공 지원 사업,동네·또래
청남대 영춘제! 예술이야~｜충북플러팅💘,동네·또래
도심에서 떠나는 예술 여행,동네·또래
누구나 행복한 나들이 청주 미동산수목원(충북MD),동네·또래
오늘은 충북맘 복직하는 날~!,동네·또래
충북 “우리고장 국가유산 활용사업” 제1탄 청주 신항서원 NEW선비 체험,동네·또래
충청북도 인증! 대물림음식업소를 소개합니다~(청주 유명오리촌),동네·또래
아이패드 들고 떠난 힐링여행! 속리산 법주사 여행스케치(도민PD),동네·또래
소개팅남이 족발집에 데려간다면?｜[메이드인 충청북도] EP.1 삼미족발,동네·또래
신기술로 가뭄 극복!! 매립형 다목적 스마트 관수시스템,동네·또래
"앗, 타이어보다 싸다?! 단돈 3천원으로 즐기는 영동 레인보우 힐링센터(충북MD)",동네·또래
삐뚤삐뚤하고 못생긴 ‘바보도자기’ 명인 조태영 도예가,동네·또래
"봉사의 장으로 변신하는 경로당 ""충북 시니어 자원봉사단""",동네·또래
태국에 충북 농식품 상설판매장 개장!!,동네·또래
방치됐던 벙커가 미술관으로? '청남대 벙커갤러리',동네·또래
육아의 고민 함께 나눠요 청년여성 토크쇼,동네·또래
충북갤러리 기획전 《충북 한국화의 脈》,동네·또래
충북 라디오를 켜봐요 [24년 3월 3주],동네·또래
"[충북, 사람을 만나다] 60만 충북 출향인과 함께합니다 ""김정구 충북도민회중앙회장""",동네·또래
충북 라디오를 켜봐요 [24년 3월 2주],동네·또래
충청북도 가치자람' 하세요!,동네·또래
충북 라디오를 켜봐요 [24년 3월 1주],동네·또래
"[본빵으로 보은하라!] 착한 대추빵, 보은 본빵 홈쇼핑",동네·또래
충북 라디오를 켜봐요 [24년 2월 4주],동네·또래
충북의 스마트팜을 이끄는 정찬수 대표,동네·또래
충북 라디오를 켜봐요 [24년 2월 3주],동네·또래
"진천 한반도 지형 최초 발견자, 변상주 님",동네·또래
충북 라디오를 켜봐요 [24년 2월 2주],동네·또래
청남대 복합문화공간! 메타 스페이스 오픈!,동네·또래
충청북도 긴급 중대발표,동네·또래
충북 라디오를 켜봐요 [24년 2월 1주],동네·또래
농가에 불러온 혁신 자율주행 농기계,동네·또래
충북 라디오를 켜봐요 [24년 1월 5주],동네·또래
"골치아픈 밭의 폐비닐, 트랙터 수거기로 쉽게 수거!",동네·또래
"50년 베일 벗은 비밀 벙커, '당산 생각의 벙커'",동네·또래
충북 라디오를 켜봐요 [24년 1월 4주],동네·또래
기록하면 추억이 됩니다! 충청북도 영상자서전 지금 신청하세요!,동네·또래
충북 라디오를 켜봐요 [24년 1월 3주],동네·또래
충청북도 인증! 대물림음식업소를 소개합니다~(충주 민속가든),동네·또래
대한민국 중심에 서다. 충청북도!!,동네·또래
"(CJB청주방송 도지사대담) 2024년 충북, 대한민국의 중심으로 도약하다",동네·또래
충북 라디오를 켜봐요 [24년 1월 2주],동네·또래
"겨울 준비, 비닐멀칭으로 든든하게!",동네·또래
중부내륙발전특별법으로 대한민국 중심에 서다!!,동네·또래
충북 라디오를 켜봐요 [24년 1월 1주],동네·또래
"갑진년, 청룡의 해! 새로운 시작 2024년 새해 복 많이 받으세요~~~~~",동네·또래
한겨울에도 뜨거운 곳이 있다?!?☀️2023년 충북 정책 총정리! [충며드는 정책브리핑] EP.9 충북 날씨,동네·또래
충청북도 유튜브 구독자 10만 돌파! (감사해요 엉엉!!ㅠㅠ),동네·또래
충북 라디오를 켜봐요 [23년 12월 4주],동네·또래
"[충격!!] 흥 주체 못한 공무원 결국... ""춤판 벌여""",동네·또래
충북 라디오를 켜봐요 [23년 12월 3주],동네·또래
(12월22일 한파대비) 한파로부터 우리 건강과 안전을 지키기 위한 행동수칙!,동네·또래
2023 충청북도 60초 영상 공모전 장려상 (아부지 돌 굴러가유~~),동네·또래
"[청남대Song] ""청남대 어떤데""",동네·또래
딸기의 신이 알려주는 딸기 재배법! | 농사의 신 9화. 충북 청주 딸기의 신,동네·또래
충북 라디오를 켜봐요 [23년 12월 2주],동네·또래
"충북도, 2023년 상복터졌네!",동네·또래
"2023 충청북도 60초 영상 공모전 우수상 (충북의 보석 진천, 진천의 여행은 영화가 된다)",동네·또래
"스케이트장, 감성카페, 동물원까지?! 꿀잼도시 청주! | 충북아재의 취미생활 EP.11 청주 편",동네·또래
기업과 예술을 잇다 2023 충북 메세나 기획공연,동네·또래
충북 라디오를 켜봐요 [23년 12월 1주],동네·또래
도시농부와 못난이 배추의 만남!!!!!!,동네·또래
2023 충청북도 60초 영상 공모전 우수상 (충북으로 떠나는 사찰 여행),동네·또래
[이벤트]기업을 위한 최고의 선택! 충북 산업단지! [충며드는 정책브리핑] EP.8 산업단지,동네·또래
충북 라디오를 켜봐요 [23년 11월 4주],동네·또래
대한민국의 중심 충북 보은! 그리고 보은의 정상 속리산으로! | 충북아재의 취미생활 EP.10 보은 편,동네·또래
충청북도의 새 얼굴(CI)을 소개합니다. 중심에서다 충북!!!,동네·또래
사과 농사에서 가장 중요한 건? 바로 시작 단계! | 농사의 신 8화. 충북 충주 사과의 신,동네·또래
충북 라디오를 켜봐요 [23년 11월 3주],동네·또래
귀농 귀촌을 위해🏡충북에서 살아보자!｜[충북한가] EP.4 귀농귀촌,동네·또래
2023 충청북도 60초 영상 공모전 우수상 (충북 촌캉스 여행),동네·또래
"배추 농사를 해보려는 당신, 지금 시작해도 늦지 않았어요 | 농사의 신 7화. 충북 괴산 배추의 신",동네·또래
(도민PD)가을엔 제천 단풍명소 베론성지,동네·또래
충북 라디오를 켜봐요 [23년 11월 2주],동네·또래
2023 충청북도 60초 영상 공모전 최우수상 (과거와 미래를 잇는 역사의 향),동네·또래
조령산 자연휴양림 트리하우스를 소개합니다.,동네·또래
2023 충청북도 60초 영상 공모전 최우수상 (울엄마 프사바꾸기_충북 둘레길편),동네·또래
와인 한잔 할래요🍷 와인의 고장 영동에서 와인을 즐겨보세요! | 충북아재의 취미생활 EP.9 영동 편,동네·또래
충북 라디오를 켜봐요 [23년 11월 1주],동네·또래
너와 나의 상생! 🙏 ｜[충북한가] EP.3 도시농부 🌱,동네·또래
당신의 눈동자에 건배🍷할매들의 영동 와인 요리｜[충북할매 손맛대회] EP.10 영동 죽촌리 2편,동네·또래
[충북미디어크리에이터] 충북 옥천 가을 여행지 TOP3,동네·또래
충북 라디오를 켜봐요 [23년 10월 5주],동네·또래
출산의 기쁨을 지켜줘🎉｜[충북한가] EP.2 출산육아수당,동네·또래
알고 있는감?🍅영동 할매들만 보고싶포도🍇｜[충북할매 손맛대회] EP.9 영동 죽촌리 1편,동네·또래
"(속보) 충청북도 유튜브, 뉴스에 보도된 사연?",동네·또래
"25년만에 바꿨다, 충청북도 새 CI 등장!",동네·또래
충북 라디오를 켜봐요 [23년 10월 4주],동네·또래
[이벤트 마감]엄마를 부탁해❣️(feat.레이크파크르네상스)｜[충북한가] EP.1 레이크파크르네상스,동네·또래
자연과 함께 달리는 자전거 스탬프투어 도전?!🚴‍♂️ | 충북아재의 취미생활 EP.8 괴산 편,동네·또래
충북 라디오를 켜봐요 [23년 10월 3주],동네·또래
충북도립교향악단 낭성면 메밀밭 찾아가는 연주회,동네·또래
충청북도 행복마을' 홍보 영상,동네·또래
코덕들은 무.조.건 충북 오송으로 가야하는 이유 💄[충며드는 정책브리핑] EP.7 오송화장품뷰티산업엑스포,동네·또래
충북 라디오를 켜봐요 [23년 10월 2주],동네·또래
25년 만에 새롭게 찾은 충청북도의 새 얼굴(CI)을 소개합니다.,동네·또래
충북 라디오를 켜봐요 [23년 10월 1주],동네·또래
행복한 한가위 되세요^-^,동네·또래
2023 오송화장품뷰티산업엑스포 개최,동네·또래
활용도 100% 충주 할매들의 사과요리🍎｜[충북할매 손맛대회] EP.8 충주 긴들체험마을 2편,동네·또래
못난이 파프리카의 변신!! 파프리카잼 만들기,동네·또래
보은 대추왕의 대추농사 비법은? | 농사의 신 6화. 충북 보은 대추의 신,동네·또래
충북 라디오를 켜봐요 [23년 9월 4주],동네·또래
충청북도 인증! 대물림음식업소를 소개합니다~(2023년 신규지정 업소),동네·또래
사과하세요!🍎당도 최고 충주 사과하세요! ｜[충북할매 손맛대회] EP.7 충주 긴들체험마을 1편,동네·또래
관광매력 중심지 충북! 레이크파크 르네상스 33선,동네·또래
🔥단양하면 역시 액티비티지! 즐길 거 다 즐기고 왔다!!!🔥 | 충북아재의 취미생활 EP.7 단양 편,동네·또래
충북 라디오를 켜봐요 [23년 9월 3주],동네·또래
[도민PD] 충북 청주 실내빙상장을 소개합니다.,동네·또래
힐링 200% 보장🍃 요즘 대세 충북 촌캉스｜[충며드는 정책브리핑] EP.6 촌캉스,동네·또래
충북도립교향악단 시·군 순회 연주회(음성군),동네·또래
충북 라디오를 켜봐요 [23년 9월 2주],동네·또래
문화의 바다 충청북도! '충북도립교향악단'을 소개합니다,동네·또래
"""레이크파크 르네상스 실현!"" 충북종단대장정 202km 함께 걷기",동네·또래
인⭐그램 핫플 장소만 몇 개야?! 인생샷 남기려면 진천으로! | 충북아재의 취미생활 EP.6 진천 편,동네·또래
충북 라디오를 켜봐요 [23년 9월 1주],동네·또래
2023 친환경에너지페스티벌 개최,동네·또래
충청북도 사람에 대한 오해와 진실 [충며드는 정책브리핑] EP.5 충북사람이알고싶다,동네·또래
2023년 포도왕이 알려주는 포도 농사 비법! 농사의 신 5화. 충북 옥천 포도의 신,동네·또래
충북 라디오를 켜봐요 [23년 8월 5주],동네·또래
요리경력 55년차🍴할매들표 옥수수 요리 레시피｜[충북할매 손맛대회] EP.6 괴산 부흥3리 2편,동네·또래
9개국 18개 노선 실화? 청주국제공항에서 나트랑 간 SSUL!,동네·또래
[도민PD] 청주기록원 ┏청주의 어제와 오늘을 잇다┛,동네·또래
먹고시포도~ 새콤달콤 '충북포도' 맛보세요~!,동네·또래
충북 라디오를 켜봐요 [23년 8월 4주],동네·또래
(충북미디어크리에이터) 충주휴게소 먹방 투어~~,동네·또래
퀴즈 풀 땐 대학찰옥수수를 먹어야🌽 능률이 올라갑니다🙂｜[충북할매 손맛대회] EP.5 괴산 부흥3리 1편,동네·또래
38년생 김한옥' 다큐멘터리 영화 소개 / 충북 출신 감독작 해외 영화제 수상 쾌거!,동네·또래
충북 라디오를 켜봐요 [23년 8월 3주],동네·또래
광역철도 생기면 얼~마나 편하게요~💕[충며드는 정책브리핑] EP.4 광역철도,동네·또래
"복숭아 농사만 13년째, 매일같이 새벽 4시에 일어나야 하는 이유는? | 농사의 신 4화. 충북 음성 복숭아의 신",동네·또래
충북 라디오를 켜봐요 [23년 8월 2주],동네·또래
"충청북도, 대한민국 첨단산업의 중심에 서다!",동네·또래
계곡물에 빠졌다면 이렇게 행동하세요~ㅣ계곡에서 생존수영 하는법,동네·또래
여름철 폭염 행동수칙 알려드립니다!,동네·또래
충북 라디오를 켜봐요 [23년 8월 1주],동네·또래
"충북도, 호우피해 도민안정 특별지원 (정부지원금 별개로 20% 추가지원)",동네·또래
집중호우 피해도민 세제 지원 등 안내사항,동네·또래
충북 라디오를 켜봐요 [23년 7월 4주],동네·또래
집중 호우로 인한 차량 및 가옥 침수 시 대피 방법,동네·또래
궁평 지하차도 사고 합동분향소 안내,동네·또래
2023 호우 피해 국민 성금 모금,동네·또래
"집중호우, 어떻게 대비할까요?",동네·또래
갑작스러운 침수! 이렇게 행동하세요!,동네·또래
[이벤트 마감]중부내륙지원특별법 서명운동 한호흡 챌린지,동네·또래
MZ를 사로잡은 반려식물!🌱 이왕 하는 김에 분재 장인 도전...? | 충북아재의 취미생활 EP.5 옥천 편,동네·또래
충북 라디오를 켜봐요 [23년 7월 2주],동네·또래
중부내륙연계발전지역 지원에 관한 특별법 연내 국회 통과를 염원합니다.,동네·또래
방사광가속기를 알아야 기업의 미래가 생긴다!,동네·또래
어쩌다 못난이 김치 지금 바로 만나보세요!,동네·또래
충북도청에서 이금희 님 만난 썰! (feat 책책책 책을 읽읍시다!),동네·또래
2023년 7월 3일 선포한 충청북도의 브랜드를 소개합니다.,동네·또래
충청북도 브랜드 선포식 및 하늘정원 개방,동네·또래
충북도민 영환이가~ 충북도지사 영환이에게~,동네·또래
충북 라디오를 켜봐요 [23년 7월 1주],동네·또래
충청북도와 함께하는 중대재해예방,동네·또래
충청북도 행정부지사 이우종의 하루,동네·또래
충북도청 30살 7급 공무원 What's on my desk? 3편 #공무원브이로그,동네·또래
(경축?) 충청북도 유튜브 담당자 생방송 출연!!!!!,동네·또래
(충북미디어크리에이터) 단양여행 당일치기,동네·또래
"(도민PD)이번 주말은 가족, 연인과 함께 벨포레 목장으로!!",동네·또래
충북 라디오를 켜봐요 [23년 6월 4주],동네·또래
지적재조사를 만나면 마을이 행복해집니다.,동네·또래
[이벤트마감]앗! 할매표 대추요리! 따라하기 쉽다!🔥｜[충북할매 손맛대회] EP.4 보은 구병리 2편,동네·또래
충북 사랑하는 사람 모여라!❣️고향사랑기부제 챌린지｜[충며드는 정책브리핑] EP.3 고향사랑기부제편,동네·또래
수박 농사에서 가장 중요한 노하우는 “OO”입니다 | 농사의 신 3화. 충북 진천 수박의 신,동네·또래
중부내륙연계발전지역 지원 특별법 100만 서명운동 선포식!!,동네·또래
충북 라디오를 켜봐요 [23년 6월 3주],동네·또래
충청북도의 새 얼굴!CI (심벌) 디자인 투표하고 선물🎁 받아가세요!,동네·또래
대추나무에 퀴즈 걸렸네🌳할매들의 불꽃 튀는 퀴즈 대결｜[충북할매 손맛대회] EP.3 보은 구병리 1편,동네·또래
진천 백곡저수지에서 시원하게 수중전 한 판 했습니다!,동네·또래
초6 & 전 사격 국가대표 vs 평범한 대한민국 아재의 사격대결🔫 | 충북아재의 취미생활 EP.4 증평 편,동네·또래
충북 라디오를 켜봐요 [23년 6월 2주],동네·또래
개인형이동장치 이용 안전수칙 꼭 준수하세요!!!!,동네·또래
[충북여행 정보] 충북 핫플 여기 꼭 가보세요(feat 충북 팸투어),동네·또래
(충북미디어크리에이터) 아름다운 기암절벽 옥천군 부소담악,동네·또래
(도민PD) 유채꽃 보러 제주까지??? 이제 충북에서도 핀다!,동네·또래
"옛 대통령별장, 청남대 본관 비밀의 방 최초공개?",동네·또래
"[이벤트마감]충북도청을 도민 품으로 ""충북 산업장려관""의 재탄생",동네·또래
충북 라디오를 켜봐요 [23년 5월 5주],동네·또래
체험! 삶의 도시농부 현장?!,동네·또래
⭐️할매들의 요리 꿀팁 대공개⭐️손맛대회 우승자는 누구!?!?｜[충북할매 손맛대회] EP.2 단양 장현리 2편,동네·또래
인삼 농사로 성공하는 비결부터 인삼 잘 고르는 비법까지! | 농사의 신 2화. 충북 증평 인삼의 신,동네·또래
충북 라디오를 켜봐요 [23년 5월 4주],동네·또래
단양 할매들의 못 말리는 퀴즈 대결 모음zip😱｜[충북할매 손맛대회] EP.1 단양 장현리 1편,동네·또래
충청북도 도시 근로자 지원사업' 참여하세요!,동네·또래
최 주무관이 서울 간 사연? 인사동 가시면 여기 꼭 가보세요!,동네·또래
품바 체험을 하다 보니 품바 그 자체가 되어버린 아재의 하루🤪 | 충북아재의 취미생활 EP.3 음성 편,동네·또래
충북 라디오를 켜봐요 [23년 5월 3주 ],동네·또래
농사는 장비빨이지?? 비닐 피복기 탈부착식 발판!! 타고 가실게요~~~~,동네·또래
도지사실에서 도지사 뒷담화? (feat 세상에서 제일 작은 집무실),동네·또래
충북 라디오를 켜봐요 [23년 5월 2주 ],동네·또래
충북 소방기술경연대회!!! (이 구역 최강소방관은 나야~~~),동네·또래
충북생명 꼭! 필요한 의료비 후불제💊｜[충며드는 정책브리핑] EP.2 의료비후불제편,동네·또래
[5월1일 본격시행] 충청북도 출산육아수당 신청하세요,동네·또래
충청북도 새 얼굴 찾기 심벌(CI) 디자인 공모전,동네·또래
우리의 소원은? 2025 영동세계국악엑스포 유치🙏🙏 가야금 연주실력 최초공개?! (영동 국악체험촌),동네·또래
충북아재만의 송어 잡는 방법 전격공개! 송어회 가보자고~🤩🐟 | 충북아재의 취미생활 EP.2 충주 편,동네·또래
귀농 7년 차 농사의 ‘신‘이 알려주는 스마트팜 버섯재배 | 농사의 신 1화. 충북 영동 버섯의 신,동네·또래
"폭풍감동! 모네&르누아르, 반고흐 '청남대'에서 만나다!",동네·또래
2025 영동세계국악엑스포 유치를 응원합니다.,동네·또래
청남대 개방 20주년 대통령 별장 숙박 개방행사!!!!!!,동네·또래
고향에 돌아온 거장 충북도립교향악단 예술감독 임헌정,동네·또래
미션! 만(오천)원의 행복 (feat 충북 착한가격업소),동네·또래
2025 영동세계국악엑스포 유치를 기원합니다.,동네·또래
👥: 이 돈으로 캠핑이 가능해...? 😎: 제천에서는 가능해! | 충북아재의 취미생활 EP.1 제천 편,동네·또래
[이벤트 마감] 비용은 충북이 지원할게! 농사는 누가 지을래?｜EP.1 도시농부편,동네·또래
충청북도 새 이름 찾기 공모전' 브랜드 슬로건 대망의 1위는?,동네·또래
강쓰줍? ‘괴산 달천 쓰레기 줍기' (feat 수자원관리과),동네·또래
2023년 5월 본격 시행! 충북 출산육아수당(feat 최치봉의 '1000타 스캔들'),동네·또래
"고구마, 사과 5키로에 단돈 만원?! / 충북도청에 '못난이 농산물 장터'가 열렸어요!",동네·또래
"충북, CES에 가다! (2023년 02월 19일 피플 With CJB)",동네·또래
옛 대통령별장 청남대에서 펼쳐지는 매운맛 밸런스 게임(with 청남대 소장님),동네·또래
"""대한독립만세🇰🇷"" / 충청북도 3.1절 기념영상",동네·또래
대박쓰..이런 답변까지? Ai에게 물어봤습니다 | 챗GPT,동네·또래
충청북도 새 이름 찾기' 브랜드 슬로건 대국민 선호도 투표,동네·또래
못난이김치 블라인드테스트｜못 맞추면 김치 싸대기!!!,동네·또래
부서방문｜충청북도 유튜브 홍보하러 왔습니다!!,동네·또래
치유와 힐링이 필요해!!!!! 괴산자연드림파크,동네·또래
"호수와 백두대간의 가치 재발견, 충북 레이크파크 르네상스",동네·또래
충청북도 유튜브 신장개업!!!! 승진에 x친 공무원????,동네·또래
이번 주말엔 자율주행 버스여행~~~~!!!!,동네·또래
충북만의 의료혜택 챙겨가세요!!!!!,동네·또래
사찰음식의 대가 지견스님과 함께 맛도 좋고 몸에도 좋은 호박범벅,동네·또래
도농상생형 농촌 일자리사업 충북형 도시농부,동네·또래
충청북도에 기부하면 혜택이 1석 3조 충북고향사랑기부제,동네·또래
충북도청 MZ 공무원 What's on my desk? 2편,동네·또래
겨울캠핑왔음성!!!❤💥🌨☃⛄⛄,동네·또래
고향사랑기부제 충북 1호 기부자의 정체는??? (feat. 영석이형이 거기서 왜 나와???),동네·또래
충북도청 MZ 공무원의 What's on my desk! 1편(19금템??),동네·또래
2023년 계묘년 새해가 밝았습니다!!!,동네·또래
2023년 새해 복 많이 받으세요 ^^(김영환 충청북도지사 신년사),동네·또래
분위기에 취하고 뽕잎밥에 반하는 호수 옆 맛집👍👍,동네·또래
공무원VS공무원 퀴즈~자랑 대결!(feat.고향사랑기부제),동네·또래
내륙의 바다 충북의 강과 호수를 만나다(feat.충북레이크파크르네상스),동네·또래
이번 주말엔 여기 어때? 아직 갈 곳을 정하지 못했다면! 아이가 있다면! 날씨여행!,동네·또래
20세기 소녀 촬영지....거기 어디에요?👀,동네·또래
요기 어때? 좌구산 자연휴양림!,동네·또래
#충청북도 공식 유튜브 보고 갈래? 채널구독 이벤트!🎉,동네·또래
EP5. 기절초풍 청풍호 뒤? 번지점프!!!!,동네·또래
산세가 수려한 영동 여행 BEST,동네·또래
국내 여행지 BEST 제천 가볼만한곳 유럽같은 제천 여행지가 있다?,동네·또래
1타 쌍피?? 아니욥 1석 3조!!고향사랑 기부제✨,동네·또래
청주의 핫플 마동창작마을,동네·또래
충주에서 우중 캠핑,동네·또래
충청북도에 새 이름을 지어주면 이천만원!!!!(11.21~12.26) 🤩🤩🤩,동네·또래
EP4 일단 드루와~ 레전드 호수를 보여주마(feat. 충주 종댕이길),동네·또래
내 작은 손 하나로 생명을 살리는 심폐소생술 차근히 알려드립니다.,동네·또래
EP3 괴산 산막이 옛길 같이 걸어욥!,동네·또래
스마트한 농촌을 위한 ‘수위조절형 다단식 식물재배장치’,동네·또래
2022 충청북도 60초 영상 공모전 입선(사랑하고 사랑할 문화 충청북도),동네·또래
2022 충청북도 60초 영상 공모전 입선(같이가자 충북으로),동네·또래
2022 충청북도 60초 영상 공모전 입선(충청북도 MBTI),동네·또래
2022 충청북도 60초 영상 공모전 우수(충북 나드리 게임으로 충북을 여행해보자),동네·또래
2022 충청북도 60초 영상 공모전 우수(1분 만에 보는 충북 여행 명소),동네·또래
2022 충청북도 60초 영상 공모전 최우수,동네·또래
2022 충청북도 60초 영상 공모전 대상,동네·또래
✨'먹는 것에 진심!'✨ 솔로 캠퍼의 충북 차박 가을 혼캠 도전기!🎵 l 솔로캠핑 l 증평홍삼포크 l 초평밤나무캠핑장 l 진천 초평저수지🤞 [차 밖은 충북 EP2],동네·또래
재난영화? No!No!No! 멋쥔 대청호 풍경이 뙇! Ep2.청남대,동네·또래
♻2022년 충청북도 다배출공정전환지원사업🙌,동네·또래
👀새내기 공무원과 같이 하는 #충북레이크파크르네상스 Ep1. 옥천 향수호수길,동네·또래
🎇당일치기 완전 가능! 청주여행 BEST6✨,동네·또래
유기농 고추장 공짜! 유기농 김치가 공짜!!!!(한번 와봐~ 득템이여),동네·또래
충북도청 공무원의 흔한 점심🍗🍅🥙🥪🍕🍔😘,동네·또래
올해 꼭 가봐야 할 당신의 여행 가이드 괴산(feat.괴산세계유기농산업엑스포),동네·또래
국내 가을 여행지 BEST #단양 가볼만한 곳,동네·또래
댄스!!댄스!! 챌린지 괴산유기농산업엑스포와 함께해요~💋,동네·또래
2022 괴산세계유기농산업엑스포(9.30~10.16),동네·또래
"지금 가기 너무 좋은 그곳 제천 청풍호를 한눈에 옥순봉, 구담봉",동네·또래
수제맥주 끝판왕을 꿈꾸는 국산 유기농 맥주의 등장!,동네·또래
내 아이 수학영재 만들기!,동네·또래
2022 오송화장품뷰티산업엑스포(10.18~10.22),동네·또래
태풍 피해 예방 행동수칙(초강력 태풍 힌남노 북상중!),동네·또래
"필수 추천 여행 코스 , 대청호 어디까지 가야돼?",동네·또래
164만 충북도민은 정당한 보상을 요구한다! 이제는 충북의 권리를 되찾을 시간!,동네·또래
전시회장으로 변신한 충북도청 정원!(1분 안에 보는 독립운동사진전),동네·또래
물위에서 즐기는 아름다운 자연! 충북도청과 함께하는 카누체험😁😁,동네·또래
제천 당일치기 여행 - 뚜벅이도 가능한 🙄🙄,동네·또래
"[충북MBTI여행] 아쉬운 여행의 끝, 설레는 운명의 시작?! 영동편 ep.3",동네·또래
국내여행지 BEST 보은 가볼만한곳 시원한 휴가지 가득 보은여행,동네·또래
[충북MBTI여행] 이게 썸 맞아?🤔🤔 우당탕탕 MBTI 영동편 ep.2(feat.🍗🍦🥃 푸짐한 경품),동네·또래
"이상한 변호사 우영우, 충북도청에서 찍었다고?",동네·또래
[충북MBTI여행] 맞히고 말겠어! 알쏭달쏭 MBTI 영동편 ep.1(feat.🍗🍦🥃 푸짐한 경품),동네·또래
헬로코리아 여행객의 만찬 #충북#음성(●'◡'●),동네·또래
헬로코리아 여행객의 만찬 #충북 #진천(ˉ﹃ˉ),동네·또래
헬로코리아 여행객의 만찬 #충북#증평╰(*°▽°*)╯,동네·또래
헬로코리아 여행객의 만찬 충북 청주 (❁´◡`❁),동네·또래
[Teaser]내 여행 파트너가 되어줘!! 본격 충북 데이트 (feat.#MBTI),동네·또래
충북레이크파크 르네상스 구현을 위한 관광 전략,동네·또래
힐링 8분이면 충분하다 : 청주 향교편,동네·또래
여름철 호우나 태풍 시 안전을 위해 이것만은 꼭 지켜주세요!! ☔,동네·또래
걸음마다 눈길마다 꿈엔들 잊힐리야.옥천 장계관광지,동네·또래
"반격은 이곳에서 시작되었다 !!! 한국전쟁 국군 첫 승전지, 동락전투",동네·또래
올해 꼭 가봐야할 당신의 여행가이드 No2 (영동편),동네·또래
무한도전!! 2022 괴산세계유기농산업엑스포,동네·또래
이제는 국산 체리가 대세!(ˉ﹃ˉ),동네·또래
"드라마 스물다섯, 스물하나에 나오는 펜싱을 배워보자!",동네·또래
충북 진천 여행 3분만에 알아보자!,동네·또래
나를 지켜주는 건 너뿐이야,동네·또래
코로나가 바꿔 놓은 우리의 일상 자유로운 일상으로,동네·또래
세종대왕이 다녀간 힐링명소 초정행궁,동네·또래
"안전해요 충북도민, 사랑해요 자치경찰 ‘충북자치경찰위원회’",동네·또래
함께해요 2027 하계 세계대학경기대회 충청권 유치 온라인 서명 운동,동네·또래
"봄날의 핫플레이스, 유채꽃 명소(옥천 친수공원)",동네·또래
한 땀 한 땀 완성하는 프랑스자수의 세계,동네·또래
국내 여행지 BEST 옥천 가볼만한곳 마치 유럽같은 옥천여행,동네·또래
진천 하루여행 베스트 BEST,동네·또래
"조상들의 지혜를 엮었다, 짚풀공예전",동네·또래
잊혀져가는 우리의 삼일운동 독립운동가 5인!,동네·또래
임시정부 행정수반을 한 자리에! 대한민국 임시정부기념관,동네·또래
"👀 단양, 제천에 갈 계획이라면 꼭 가봐야 할 그 곳!👀",동네·또래
아름다운 청남대 라이딩 코스 소개,동네·또래
"내 손으로 찍는 여행 스케치 - 대청댐 전망대, 미술관 조각공원",동네·또래
자전거는 사랑을 싣고~ 아이와 강아지가 함께 하는 증평 자전거 공원 및 좌구산 봄 나들이!,동네·또래
"기억의 조각을 맞추는 시간, DOC. 대성로 122",동네·또래
눈을 떠보니 봄 꽃잔치,동네·또래
제6기 충청북도 누리소통망 서포터즈 발대식,동네·또래
과거 증기기관차의 오아시스 ‘구 충주역 급수탑’,동네·또래
2022 충청북도 무역통상진흥시책설명회,동네·또래
코로나19 재택치료 생활수칙 안내,동네·또래
낭만을 품고 살던 천재 시인의 공간‘오장환 문학관’,동네·또래
충북도가 준비한 꿀 혜택! 도민안전보험!,동네·또래
지금 우리 충북은... 미디어크리에이터 모집 중!,동네·또래
"유아, 초등학생 등 어린이 대상 코로나19 자검검사키트 사용법",동네·또래
"국민의사, 이시형 ‘K-organic’을 꿈꾸다",동네·또래
미술관도 살아있다! ‘증강풍경 AR展’,동네·또래
2022 충청북도 신성장산업분야 지원사업 온라인 통합설명회,동네·또래
"선조들도 사랑한 절경, 사인암",동네·또래
코로나19 재택치료 대상자 행동지침,동네·또래
기록을 통해 기억의 공백을 채우는 곳‘청주기록원’,동네·또래
"여성농어업인을 위한 꿀 혜택, 행복바우처 카드!",동네·또래
"365일 여름여름해, 레인보우 식물원",동네·또래
"안녕, 겨울! 안녕, 나무털옷!",동네·또래
청주에서 비틀즈를 만나다!,동네·또래
겨울에 가면 꿀잼인 충북관광지(feat. 옥순봉출렁다리),동네·또래
새활용나눔으로 따뜻한 연말 보내요,동네·또래
생활 속에서 실천하는 탄소제로,동네·또래
탄소제로 실천방법,동네·또래
"옥천, 겨울 명품 산책로",동네·또래
와인의 색다른 변신 ‘와인 치즈’,동네·또래
Lets GO 충북 영동,동네·또래
청풍아카데미_기후위기와 탄소중립 시대 지자체의 대안,동네·또래
"겨울, 맛있게 준비하자!",동네·또래
2021 충청북도 지역공동체 활성화 토론회,동네·또래
생생해서 더 짜릿한 충북안전체험관,동네·또래
11월 충북 in 단계적 일상회복중,동네·또래
"단양 ""수양개빛터널""",동네·또래
충book여행,동네·또래
헬로코리아 여행객의만찬 충북 옥천,동네·또래
헬로코리아 여행객의만찬 충북 영동,동네·또래
헬로코리아 여행객의만찬 충북 괴산,동네·또래
헬로코리아 여행객의만찬 충북 보은,동네·또래
충북이 자랑하는 완성형 잡곡 청풍찰수수,동네·또래
코리아세일페스타,동네·또래
제5회 충청북도 문화재기능인협회 작품전,동네·또래
"충북 가을 안심관광지(충주,영동)",동네·또래
"늦가을이 고여 머무는 곳, 우림정원",동네·또래
k-뷰티 명성을 이어가는 오송화장품뷰티산업엑스포,동네·또래
비대면 ON-TACT 2021 솔라에너지페스티벌 솔직 리뷰!,동네·또래
와인을 즐기는 또 다른 방법‘한방뱅쇼’,동네·또래
무예의변주 액션!👊 '제3회 충북국제무예액션영화제' 현장스케치,동네·또래
2021 충북문화관 기획전 '거장의 귀환',동네·또래
2021 오송화장품 뷰티산업엑스포를 가다!!!,동네·또래
성희롱 없는 조직문화 확산(충북도청),동네·또래
여성독립운동가 역사속으로,동네·또래
1인 가구도 쉽게 즐길 수 있는 웰빙밥상,동네·또래
"가을 명품 산책로, 생거진천으로!",동네·또래
충북 옥천 피서지! 장령산 자연휴양림을 가다!,동네·또래
장민호와 함께 알아보는 2021오송화장품뷰티산업엑스포,동네·또래
충북청년축제,동네·또래
"무궁화 꽃이 피었습니다 ""미동산 수목원 무궁화 우수분화 전시회""",동네·또래
2021 WMC 컨벤션,동네·또래
오송화장품뷰티산업엑스포,동네·또래
유튜버 듬아와 함께하는 오송화장품뷰티산업엑스포,동네·또래
"충북도, 수도권 4단계 기준 일부 적용 사회적 거리두기 시행",동네·또래
[충북국제무예액션영화제 유튜브 퀴즈이벤트],동네·또래
메밀꽃이 피었다고 연락을 주시다니요,동네·또래
CIMAFF 충북국제무예액션영화제,동네·또래
2021 오송화장품뷰티산업엑스포(홍보모델 장민호),동네·또래
[역대급 경품] 쏘영의 홈쿡? vs 밥굽남의 야생? 지금 바로 댓글!,동네·또래
[당첨발표] 두근두근! 구독을부탁해 2탄! 당첨자발표 영상🎬😆,동네·또래
기업체 신규채용 코로나19 PCR검사 행정명령,동네·또래
비오는 날 술과 한우 묵은지..저 밥굽남은 왕이 되었습니다. (댓글 이벤트: 청주 신선주 5명! 얼른 드루와이~),동네·또래
백년가게 이야기 ‘책을 펼치다!’,동네·또래
2021 솔라에너지페스티벌,동네·또래
충북의 찐 맛집 추천! 충북대물림업소 3탄,동네·또래
"저 밥굽남! 드디어 육질의 끝판왕, 청풍명월 한우를 만났습니다.",동네·또래
부모님께 보내는 추석 영상 편지,동네·또래
배출의 품격,동네·또래
정도전도 반했다! ‘도담삼봉’,동네·또래
[MukBang ASMR] 쏘영Ssoyoung의 도발적인 우아한 먹방? [댓글이벤트: 5명께 사과맥주] ㅣEatingshow ㅣSsoyoung ㅣKOREAN PORK ㅣSUB,동네·또래
"코로나 상생 국민지원금, 사기 스미싱 멈춰!",동네·또래
#충격TV 유튜브 보고갈래? 채널구독 이벤트!🎉,동네·또래
[Mukbang ASMR] 쏘영 Ssoyoung이 감탄한 홍삼 먹인 돼지고기 먹방 (경고 : 허기짐 주의)ㅣEatingshow ㅣSsoyoung ㅣKOREAN PORK ㅣSUB,동네·또래
충북청년축제,동네·또래
"[입선] 삶에 예술이 필요할 때, 충북",동네·또래
"[입선] 귀농귀촌, 충청북도가 도와드립니다",동네·또래
"[우수상] 즐기는 즐거움, 청풍명월 충북",동네·또래
[우수상] 하늘 아래 옥빛의 물결,동네·또래
[입선] AGAIN 충북,동네·또래
[입선] 충청북도 제4차 종합계획 톺아보기,동네·또래
오늘 뭐하니? 미술관 #가보자고,동네·또래
"법주사의 밤, 빛으로 물들다",동네·또래
"아름다운 불꽃, 충북여성독립운동가",동네·또래
충북의 찐 맛집 추천! 충북대물림업소 2탄,동네·또래
생활임금조례안 충청북도 입장문,동네·또래
이번 휴가는 동굴 어때?,동네·또래
여름 휴가엔 제천 청풍호 카누카약이지!,동네·또래
무더운 여름을 시원하게! 숨은 숲캉스 명소 추천🤟,동네·또래
쓰줍남이 옥천으로 달려간 이유?🤔 여기 장난아닌데요?😲,동네·또래
"갑작스런 재난☔, 충청북도 ""풍수해보험""으로 지켜요!",동네·또래
여름 숲캉스 추천!🏡✊ 충북 제천 치유의숲,동네·또래
안전을 약속해줘! ‘충북안전체험관’,동네·또래
"LH 토지투기 의혹관련, 충청북도 공무원․개발공사 임직원 가족 전수조사 결과 브리핑",동네·또래
사회적 거리두기 3단계 격상 관련,동네·또래
충북의 찐 맛집 추천! 충북 대물림업소,동네·또래
"여름에도 따뜻한 차를 마시는 나, 제법 멋있어요",동네·또래
거리두기 2단계+α 상향…5인 이상 집합금지,동네·또래
짜릿한 기암절벽으로의 초대,동네·또래
해마다 심해지는 폭염 이렇게 대처하세요~,동네·또래
"충북도, 코로나19 사회적 거리두기 강화된 2단계 격상 조치",동네·또래
충북주민참여예산학교 알아보아요✍️,동네·또래
전통주 명인을 찾아가다! 우리의 술 맛보기 체험🍶,동네·또래
충북 음성군으로 떠나는 스탬프여행! 발도장 꽝꽝!🦶,동네·또래
일석이조 스탬프투어!,동네·또래
전통주 시음 및 소개,동네·또래
드라이브 맛 스루! #맛을 보은!,동네·또래
안전으로 가는 디딤돌 충북안전체험관,동네·또래
"LH 토지투기 의혹관련, 충청북도 공무원․개발공사 임직원 ,전수조사(가족 제외) 결과 브리핑",동네·또래
충청북도 사회적 거리두기 개편「1단계+α」시행,동네·또래
미래 성장산업의 중심 ‘치유농업’,동네·또래
"올여름, 핫플레이스는 바로 여기!",동네·또래
요요미와 함께해유~ 착한운전,동네·또래
내륙첨단산업권 발전종합계획 공청회,동네·또래
컬러에 스며들다 - 세계명화와 함께하는 색깔여행,동네·또래
태양광·이차전지 안전성 확보를 위한 시험평가 시스템 구축지(지역균형뉴딜 우수사업 공모 국민투표),동네·또래
스마트 의료플랫폼 시범모델 사업(지역균형뉴딜 우수사업 공모 국민투표),동네·또래
아이와 함께 화분을 만들어봐요~,동네·또래
똑순이 엄마의 집콕놀이법 대방출,동네·또래
충북영동금강 모치마을 농촌체험 V-log,동네·또래
힐링이 되는 시골여행(단양여행기),동네·또래
대통령의 별장은 하루 숙박비가 얼마인가요..?,동네·또래
좌구산 명상 구름다리 언택트관광지 충북증평 가볼만한 곳,동네·또래
청남대 대통령 별장 충북여행 언택트관광지,동네·또래
충청북도 4차산업혁명대응 선도기술개발지원사업 성과보고회 및 기술교류회,동네·또래
"자연 속 힐링, 여기 어때?",동네·또래
봄에 즐기는 문화생활,동네·또래
"충북 진천, 한반도의 봄을 담다",동네·또래
K-바이오 랩허브 오송 유치 토론회,동네·또래
자치경찰조례안 재의 철회 관련 충청북도의 입장,동네·또래
쓰레기 매립장의 화사한 변신! 튤립튤립한 문암생태공원,동네·또래
"청주 수암골 ""쓰줍하다""",동네·또래
봄맞이 드라이브,동네·또래
자치경찰제 조례안 재의요구 관련 충북도의 입장,동네·또래
보행용 관리기 작동법,동네·또래
대도민 이동자제 및 방역수칙 준수 호소문,동네·또래
LH 토지투기 의혹관련 충청북도 공무원·개발공사 임직원에 대한 1단계 조사 결과,동네·또래
24만 송이 튤립으로 전하는 봄날의 힐링,동네·또래
충청북도 사회적 거리두기 준 2단계 및 코로나19 의심환자 진단검사 의무화 행정명령,동네·또래
우리 모두를 위한 코로나19 감염 확진자 제로화 운동!,동네·또래
전 세계 대학생 올림픽! 충청권이 도전해U,동네·또래
2027년 하계유니버시아드 대회 유치 도전,동네·또래
기본형 공익직불금 올바르게 신청하기!!,동네·또래
"LH 토지투기 의혹 관련 충청북도 공무원,개발공사 임직원 전수조사 실시",동네·또래
"별 볼 일 있는 곳, 단양",동네·또래
2021 충청북도 무역통상진흥시책설명회,동네·또래
2021년 충청북도 신성장산업분야 지원사업 온라인 통합설명회,동네·또래
다목적 방사광가속기VR,동네·또래
"""가치가 무궁무진해"" 다목적 방사광가속기 파헤치기!",동네·또래
2021년 충북 스마트공장 보급확산 사업 온택트 설명회 2부,동네·또래
2021년 충북 스마트공장 보급확산 사업 온택트 설명회 1부,동네·또래
“50만 서명운동”... 충북 광역철도 국가계획 반영 총력,동네·또래
화훼 농가 살리기! “꽃으로 응원해요”,동네·또래
충북문화관 道 소장품전 'New acquisitions',동네·또래
충북도 3차 긴급재난지원금 소상공인 등 추가 지원 온라인 브리핑,동네·또래
충북의 강화된 사회적 거리두기 1.5단계 시행,동네·또래
"건강한 설 명절, 거리두기로 지키세요!",동네·또래
당신에게 추천하는 2월의 영화,동네·또래
대설피해 이렇게 대비합시다!,동네·또래
서민경제 회복 및 긴급재난지원금 관련 온라인 브리핑,동네·또래
"충주가 품은 한 폭의 동양화, 수주팔봉",동네·또래
2021 충북 바이오 지원사업 통합설명회,동네·또래
노사 우수관계 사례 영상 3 삼동,동네·또래
노사 우수관계 사례 영상 1 SPC팩,동네·또래
2022 괴산세계유기농산업엑스포 사전 홍보,동네·또래
순식간에 모든 것을 날려버리는 강풍!! 이렇게 대비합시다,동네·또래
"충북의 쉼표, 그곳에 가다 (from. 지탄역)",동네·또래
충청북도 산업디자인실 개발지원 안내 및 개발상품전시,동네·또래
제 57회 무역의 날 기념 홍보영상 mp4,동네·또래
사회적거두기 강화된 2단계 연장방안,동네·또래
‘달라진 제도·시책 확인하세요’․․․8개 분야 51개 제도,동네·또래
대설 대비 안전수칙!,동네·또래
충청북도 사회적거리두기 강화된 2단계 연장방안,동네·또래
색다른 맛의 즐거움! 팽이버섯 사과잼 만들기,동네·또래
2022 괴산세계유기농산업엑스포 국제행사 승인 발표,동네·또래
"충북의 보물, 이지당의 겨울",동네·또래
쌀 조청 제조 방법,동네·또래
2020 충청북도 바이오 인공지능 포럼,동네·또래
지역 소득 잠정 추계 발표,동네·또래
충북의 자랑거리 국립청주박물관을 소개합니다!,동네·또래
충북시청자미디어센터 탐방기!,동네·또래
아이들의 소중한 생명을 지키는 어린이안전법!,동네·또래
충청북도 연말연시 특별방역 강화 대책,동네·또래
"누구나! 무료로! 코로나19 검사, 직접 받아봤습니다.",동네·또래
집에서 미리 즐기는 크리스마스,동네·또래
충청북도겨울여행,동네·또래
국제커플의 코로나 블루 극복하기!,동네·또래
충북의 뉴트로를 찾아서 : 옥천 구읍,동네·또래
"야, 너도 무예할 수 있어! Part5 칼리아르니스",동네·또래
"야, 너도 무예할 수 있어! Part4 펜칵실랏",동네·또래
"야, 너도 무예할 수 있어! Part3 우슈",동네·또래
"야, 너도 무예할 수 있어! Part2 무에타이",동네·또래
"야, 너도 무예할 수 있어! Part1 택견",동네·또래
2020년 충북지역인적자원개발의 날,동네·또래
충북 스마트공장 고도화 포럼 및 시상식,동네·또래
한파대비 안전수칙!,동네·또래
대설대비 안전수칙,동네·또래
괴산에서 김장하기!!,동네·또래
(농자극장)무엇이든 농자보살,동네·또래
"건강한 식재료, 카사바 노지재배 방법",동네·또래
🎬연하구곡가 각시바위의 전설😭 (feat.주현미),동네·또래
"충북도, 사회적거리두기 2단계 일부조정",동네·또래
2020 전국드론사진영상공모전 대상 - 으뜸! 충북!,동네·또래
2020 전국드론사진영상공모전 최우수 - 아름다운 충북,동네·또래
2020 전국드론사진영상공모전 우수상 - Highlight of Chungbuk,동네·또래
2020 전국드론사진영상공모전 우수상 - 드론으로 그리는 아름다운 충북,동네·또래
충북 가을 드라이브코스 소개,동네·또래
충북 농특산물 쇼핑몰 잇다팜!,동네·또래
충북의 뉴트로를 찾아서,동네·또래
2020 전국드론사진영상공모전 입선 - 충북이 그리는 풍경,동네·또래
2020 전국드론사진영상공모전 입선 - The Way with Chungbuk,동네·또래
2020 전국 드론 사진영상 공모전 입선 - 이 아름다운 자연을 지킨다는것,동네·또래
2020 전국 드론 사진영상공모전 입선 - 충북나의즐겨찾기,동네·또래
2020 전국드론사진영상공모전 입선 - 가을로 떠나는 여행,동네·또래
농업에서 찾은 상생‘아쿠아포닉스 농법’,동네·또래
먹어서 세계속으로 (feat. 동남아시아 음식),동네·또래
충북 자율주행차 산업지 급부상․․․시범운행지구 지정,동네·또래
청남대 전직대통령 동상 관련 입장발표,동네·또래
한국판뉴딜 지역균형뉴딜 홍보영상,동네·또래
충청북도 강화된 사회적거리두기 1.5단계 시행,동네·또래
(농자극장)충북농업기술원 5분토크,동네·또래
청렴한 충북을 만드는 ‘충청북도 예산낭비신고센터’,동네·또래
"11월, 웃음과 감동을 그대에게!",동네·또래
2020 농림어업총조사에 참여해주세요!,동네·또래
우리 모두 마스크 착용합시다!,동네·또래
"글로벌 시대 속 우리 문화재, 어디까지 알고 있니? - 국립청주박물관 특별전 “한국의 청동기문화 2020”",동네·또래
충북 농기원 뉴스룸(특별출연 : 알파카),동네·또래
"명월초, 그 식물이 알고 싶다",동네·또래
(농자극장) 산모랭이 풀내음 2화,동네·또래
2020 WMC 온라인컨벤션 성료…디지털 모델 제시,동네·또래
가을 청남대 나들이,동네·또래
일상 속 미세먼지 줄이기 함께해요!,동네·또래
(농자극장) 산모랭이 풀내음 2화(feat 농자의 지옥체험기),동네·또래
충주국제무예액션영화제 '웨슬리스나입스' 축하영상,동네·또래
"바람도 쉬어가는 곳, 말티재",동네·또래
제4회 충청북도문화재기능인 온라인 작품전,동네·또래
집에서 즐기는 2020오송화장품뷰티산업엑스포!,동네·또래
2020 WMC(세계무예마스터십위원회)컨벤션,동네·또래
k-뷰티 중심 오송화장품뷰티산업엑스포 온라인 개막,동네·또래
먹어서 세계 속으로 (Feat. 봉주르~프랑스~),동네·또래
(농자극장) 산모랭이 풀내음 1화,동네·또래
"[EVENT] 제2회 충주국제무예액션영화제, 보고싶은 영화를 말해줘! | 충청북도 유튜브 이벤트",동네·또래
충북 김치 활용 요리법,동네·또래
농자의 하루 (feat. 잇다팜),동네·또래
2020 인구주택총조사 실시,동네·또래
"제2회 충주국제무예액션영화제 - 무예의 정신, 영화로 발하다!",동네·또래
집에서 할수있는 집콕챌린지,동네·또래
충북 나들이 명소(명암유원지),동네·또래
2020오송화장품뷰티산업엑스포,동네·또래
슬기로운 집콕생활 4가지!,동네·또래
구석구석 충북 먹거리,동네·또래
비대면 추석을 위한 고향에서 온 편지,동네·또래
충주국제무예액션영화제의 모든 것!!,동네·또래
유튜브 활용 기업마케팅 지원 사업 매칭데이 현장을 소개합니다,동네·또래
"숲캉스, 어디까지 해봤니? (feat. 미동산 수목원)",동네·또래
집중호우 복구비 6천985억원 최대 확보․․․정비사업 국비도 대거확보,동네·또래
충북도청에 배우 오지호가 떴다?!,동네·또래
올해 말고 오래 봐요! 건강한 추석 보내기 프로젝트!,동네·또래
프로그램 9월 영화,동네·또래
잇다팜에 다 있다!,동네·또래
수소에너지 우리 생활속에 이미 함께하고 있습니다,동네·또래
충북 귀농 귀촌의 핫플레이스가 되다,동네·또래
"충북형 민간주도 배달앱 ""충북먹깨비""를 소개합니다.",동네·또래
(농자극장) 농사직설 상담센터 2부,동네·또래
온라인으로 즐기는 충북청년축제,동네·또래
안전한 추석 명절 보내기,동네·또래
(농자극장) 농업이 알고싶다-농사직설,동네·또래
(번외) 농자극장 - 잔대나물밥 맛있게 먹는 법,동네·또래
(농자극장) 1화 상사 실적 가로 채는 법,동네·또래
(프롤로그) 0.이중인격자 상사를 만나면 생기는 일,동네·또래
충북 여성독립운동가를 만나다,동네·또래
"사회적 거리두기 2단계 연장(2주, 9.7~9.20) 조치 계획",동네·또래
태풍 시 지켜야 할 5가지 행동요령,동네·또래
2020 오송화장품뷰티산업엑스포 온라인 개최,동네·또래
충북 이색 언택트 관광명소: 외쌍유원지,동네·또래
충북 이색 언택트 명소 : 충북 무료 차박 성지,동네·또래
도내 집단감연 확산방지를 위한 취약시설 방역 강화 조치,동네·또래