title,club_main_category_id
[피피엘식당] 오늘도 직원이 도망갔습니다,푸드·드링크
놀라서 라면 뱉을 뻔했습니다 | 라면왕_EP.4,푸드·드링크
골목식당은 할 만큼 했잖아요 이제 돈 좀 벌게요,푸드·드링크
[내꺼내먹_백스비어] 이것까지 메뉴로 만들었습니다.,푸드·드링크
[축지법 EP.13_코리아메모리얼페스타] 공대원 찾아 주한 대사관들까지 급습(?)했습니다!,푸드·드링크
소떡소떡보다 맛있는 떡어묵꼬치! 어린이날 애들 간식으로 근사하죠?,푸드·드링크
"[축지법 EP.12_남원춘향제] 바가지요금의 성지, 그곳에 다녀왔습니다",푸드·드링크
[내꺼내먹_EP.14] 초심 잃은 새마을식당?! 제꺼 긴급 점검 들어갑니다😭,푸드·드링크
[축지법 EP.11_제주농부장터] 시작부터 이벤트 배틀?! 다시 돌아온 축지법! 제주부터 출발합니다👋🏻,푸드·드링크
[배고파_마카오_EP.05] 젖 먹던 힘까지 회식에 쏟아붓는 거야!,푸드·드링크
[내꺼내먹_EP.13] 파스타 먹다가... 갑자기 나온 홍콩반점 근황?!,푸드·드링크
내가 만약 라면왕에 출전한다면? 저라면 이 메뉴를 해볼 거예유. 라면으로 짬뽕 맛이 나는 짬뽕햄라면!,푸드·드링크
[백종원의 님아 그 시장을 가오_EP.45_인천] 못 먹으면 한 될까봐 다 시켰습니다,푸드·드링크
"악플로 가득한 라면왕 마이콜, 그의 운명은? | 라면왕_EP.3",푸드·드링크
양지 안 쓰셔도 돼요! 집 반찬 0티어 소고기 메추리알 장조림,푸드·드링크
그리고 마우스를 3일 간 압수 당했습니다,푸드·드링크
[배고파_마카오_EP.04] 밥에 감자튀김? 이런 건 나도 처음 보는데...?,푸드·드링크
이제 이 300만 원은 제겁니다 | 라면왕_EP.2,푸드·드링크
[배고파_이스탄불_EP.10] 백종원이 운세를 점쳐드립니다,푸드·드링크
100만 원짜리 라면 맛은? | 라면왕_EP.1,푸드·드링크
[백종원의 님아 그 시장을 가오_EP.44_울산] 울산 팀원분들이 꽁꽁 숨겨서 몰래 먹는 집! 찾아왔지요~,푸드·드링크
[내꺼내먹_EP.12] 덮밥이 있었는데 없어졌습니다. 등촌동 골목식당 | 덮밥집 미전옥X예산 대술어묵,푸드·드링크
봄나물~ 쉽고 간단한 황금비율 달래장 레시피! 봄에는 역시 달래죠?,푸드·드링크
[배고파_이스탄불_EP.09] 누가 이거 먹으러 오자고 했어?,푸드·드링크
[내꺼내먹_EP.11] 어머니 손맛이 그리웠다구요! 아낌없이 내어주는 원주 골목식당 | 어머니손칼국수,푸드·드링크
[백종원의 님아 그 시장을 가오_EP.43_포항] 내 동생 진이가 알려준 바로 그것!,푸드·드링크
[내꺼내먹_EP.10] 최애 부위♡ 차돌을 만나 한껏 신이 났습니다,푸드·드링크
누구나 100% 성공하는 햄감자채볶음! 요즘 이거 때문에 밥 거덜 납니다,푸드·드링크
[배고파_이스탄불_EP.08] 600원으로 배부르게 아침 먹을 수 있습니다,푸드·드링크
[내꺼내먹_EP.9] 우동가게 1호점에 간판이 떨어졌다고요? 점포도 접어야 한다고요?,푸드·드링크
"라면왕, 이대로 괜찮을까…? | 라면왕_EP.0",푸드·드링크
[백종원의 님아 그 시장을 가오_EP.42_홍성] 살다 살다 이렇게 생긴 만두는 처음 봅니다,푸드·드링크
[내꺼내먹_EP.8] 대파와 감자.. 논란의 그 메뉴! 해명하겠습니다,푸드·드링크
우리 애들한테 해주면 아빠 덕후되는 간식 I 허니버터고구마,푸드·드링크
[백종원의 님아 그 시장을 가오_EP.41_대전] 밥 먹으러 왔다가 호출당했습니다..?!,푸드·드링크
"[내꺼내먹_EP.7] 골목식당 그 후, 제주 금악마을 | 폐업 위기의 타코집",푸드·드링크
[배고파_이스탄불_EP.07] 욕 나오게 맛있어서 지갑 드리고 왔습니다,푸드·드링크
[내꺼내먹_EP.6] 점장 몰래 구워 드세요! 제대로 즐기는 소 곱창 루틴,푸드·드링크
[백종원의 님아 그 시장을 가오_EP.40_부안] 이 집에는 짬뽕보다 강력한 한방이 있습니다,푸드·드링크
[내꺼내먹_EP.5] 어쩌다 보니 제주도 회식?!! 흑돼지로 회식이 가능하다고??,푸드·드링크
소고기 떡국 무진장 쉽게 만드는 방법 알려드릴까요?,푸드·드링크
[백종원의 님아 그 시장을 가오_EP.39_제천] 아재들 눈물 콧물 빼는 디지게 매운맛,푸드·드링크
"[내꺼내먹_EP.4] 돌아갈까 봐 다시 갔어요! 홍탁 사장님, 그동안 나 없이 편안했어요?",푸드·드링크
"천하제일 라면대회, 지금 나갑니다🍜 | 라면왕_예고",푸드·드링크
[배고파_이스탄불_EP.06] 먹는 것만으로도 죄짓는 맛,푸드·드링크
[내꺼내먹_EP.3] 누가 좀 말려주세요. 말하면 이루어지는 신박한 네고?!,푸드·드링크
전이 손이 많이 간다고요? 3분 만에 합니다,푸드·드링크
[백종원의 님아 그 시장을 가오_EP.38_청주] 하루에 4접시만 팝니다,푸드·드링크
[내꺼내먹_EP.2] 이 짬뽕 가게엔 슬픈 이야기가 있어요 (feat. 말 못한 사연😥),푸드·드링크
[백종원의 님아 그 시장을 가오_EP.37_광주] 하루에 1시간 장사하는 집,푸드·드링크
"[내꺼내먹_EP.1] 4트 만에... 피자 주문 성공했습니다. 사장님, 좀 나와 봐요",푸드·드링크
[배고파_마카오_EP.03] 마카로니... 우리 친해질 수 있을까?,푸드·드링크
[내꺼내먹_EP.0] 갑자기 연돈 방문?! 제주까지 찾아간 이유는..?,푸드·드링크
[배고파_마카오_EP.02] 마카오에서도 안 뿌릴 수가 없었습니다,푸드·드링크
[백종원 시장이 되다_예산 29화] 시장 상인들이 전해온... 아직 끝나지 않은 이야기?! 예산시장 연말결산🎅 (희망ver),푸드·드링크
[배고파_마카오_EP.01] 마카오 찐맛집만 알려드립니다 안 보면 손해,푸드·드링크
[백종원 시장이 되다_예산 28화] 저 이러면 섭섭해요😭 예산시장 연말결산 (절망ver),푸드·드링크
[배고파_이스탄불_EP.05] 장담하건대 앉은 자리에서 2판은 먹습니다,푸드·드링크
[백종원 시장이 되다_창녕 2화] 밥장사 본격 등판! 보스몹 함께 잡으러 가요🔥,푸드·드링크
[배고파_이스탄불_EP.04] 이스탄불에서 해장하러 국밥집 왔습니다,푸드·드링크
[백종원 시장이 되다_창녕 1화] 산토끼 유니버스에 오신 걸 환영합니다🐰,푸드·드링크
[배고파_이스탄불_EP.03] 튀르키예에선 겨울에 오작바시 먹습니다,푸드·드링크
[축지법 EP.10_예산글로벌푸드챔피언십요리대회] 이젠 심사천재로 거듭나볼게요 (feat. 팜유왕자),푸드·드링크
[백종원의 님아 그 시장을 가오_EP.36_장성] “소곱창 시키니까 12첩 반상이 나오네?” 반찬만으로 소주 1병 거뜬합니다! 장성 곱창집,푸드·드링크
[축지법 EP.9_홍성글로벌바베큐축제] 바베큐 축제로 기네스북 도전?!,푸드·드링크
[배고파_이스탄불_EP.02] 어나더레벨 카이막을 만났습니다,푸드·드링크
[백종원 시장이 되다_예산 27화] 설채현 쌤에게 백술이의 개춘기를 묻다,푸드·드링크
짜파구리 만들 때 물 절대 버리지 마세요!,푸드·드링크
[배고파_이스탄불_EP.01] 이걸 먹어야 이스탄불에 온 겁니다,푸드·드링크
[백종원의 님아 그 시장을 가오_EP.35_안동] “그릇에 숟가락 들어갈 틈이 없네!” 뼈다귀를 다 먹어야 국물 먹을 수 있습니다! 안동 뼈해장국,푸드·드링크
[축지법 EP.8_홍성글로벌바베큐축제] 바베큐에 진심인 분들에게 바칩니다🍖글.바.페 Coming soon!,푸드·드링크
이게 쌀이야 진주야…? 바로 안동농협 백진주쌀입니다!,푸드·드링크
[백종원의 님아 그 시장을 가오_EP.34_정읍] “이게 수육이여? 곰탕이여?” 국밥에 수육 한 그릇이 담겨 오는 정읍 곰탕집,푸드·드링크
[축지법 EP.7_금산세계인삼축제] K-인삼 메뉴의 성공적 데뷔?! 축제 심폐소생합니다,푸드·드링크
[백종원의 님아 그 시장을 가오_EP.33_충주] “충주 술꾼이 여기 모르면 간첩이야” 내장 진짜 잘 드시는 분들만 도전하세요! 33년 막창구이집!,푸드·드링크
[백종원 시장이 되다_예산 26화] 고마우면 밥을 해주는 편😋 김형석 작곡가 헌정 밥상,푸드·드링크
라면에 요거 하나면 요리가 됩니다!,푸드·드링크
[배고파_방콕_EP.08] 무까타,푸드·드링크
[축지법 EP.6_명주페스타] 가을.. 취하기 좋은 계절입니다..★ 2023 명주페스타 사용설명서,푸드·드링크
[배고파_방콕_EP.07] 방콕 죽! 죽입니다,푸드·드링크
[축지법 EP.5_금산세계인삼축제] K-인삼으로 세계 정복! 가보자고!,푸드·드링크
[배고파_방콕_EP.06] 방콕에 치맥 전파하러 왔습니다,푸드·드링크
[축지법 EP.4_예산맥주페스티벌] 예.맥.페. 축제 3일! 그곳에 나타난 서프라이즈한 선물의 정체는?!,푸드·드링크
명절 푸드·드링크 소고기 육전으로 끝내 드립니다,푸드·드링크
[배고파_방콕_EP.05] 이 비주얼 때문에 오픈런 했습니다,푸드·드링크
[축지법 EP.3_예산맥주페스티벌] 이거 실화..?!! 인구 8만 예산군에 24만 명이 몰렸다고요..?,푸드·드링크
[배고파_방콕_EP.04] 태국인의 450년 된 소울푸드,푸드·드링크
"[백종원 시장이 되다_예산 25화] 초심 잃은 죄, 잔소리 1시간 형에 처함",푸드·드링크
숟가락을 놓을 수 없는 악마 레시피! 에그 인 헬,푸드·드링크
[배고파_방콕_EP.03] 뿌팟퐁커리 이런 비주얼은 태어나서 처음 봅니다,푸드·드링크
[백종원 시장이 되다_예산 24화] 더본코리아 서열 1위를 노리는 신입 직원(?),푸드·드링크
[배고파_방콕_EP.02] 배고파는 사실 회식이 본체입니다,푸드·드링크
[축지법 EP.2_예산맥주페스티벌] 바베큐 테스트하다가 집에서 쫓겨날 뻔(?),푸드·드링크
[배우당] 이거 진짜 실화..?! 만두 한 판에 얼마라고요?!!!,푸드·드링크
[배고파_방콕_EP.01] 방콕에 오면 가장 먼저 가야 합니다,푸드·드링크
[축지법 EP.1_예산맥주페스티벌] 이것이 바로 폭염에서 온 K-바베큐 '아싸~도'!,푸드·드링크
물 끓이는 시간보다 만드는 시간이 더 빨라요~ 90초 볶음라면!,푸드·드링크
[백종원의 님아 그 시장을 가오_EP.32_태안] “이거 먹으려고 술 먹고 왔죠~” 전날 먹은 술 숙취까지 싸악 풀어주는 태안 바지락해장국집!,푸드·드링크
[축지법 EP.0_예산맥주페스티벌] 맥주 광인? 먹짱? 일단 다 들어와 보세요,푸드·드링크
[백종원의 님아 그 시장을 가오_EP.31_서산] “사장님 저랑 서울 갈래요?” 매일 출근 도장 찍고 싶은 곳! 서산 분식집,푸드·드링크
[축지법 티저_예산맥주페스티벌] 갑자기 축지법을 하겠다는 이유가 있을 거 아니에요..! 예?!,푸드·드링크
더도 말고 덜도 말고 딱 6분 컷! 왕가래떡 떡볶이,푸드·드링크
[백종원의 님아 그 시장을 가오_EP.30_함양] “누가 먹던 걸 가져오면 어떡해요?!” 백종원도 당황하게 만드는 비주얼의 대구뽈찜집!,푸드·드링크
[배고파_홍콩_EP.08] 홍콩에서 찾은 백종원 20년 단골집,푸드·드링크
[백종원 시장이 되다_예산 23화] 바쁘다 바빠 현대 사회💦 빈대떡에 백걸리 한 잔 하면서 쉬어 가실게요~,푸드·드링크
홍콩의 맛 그대로 챙겨왔습니다! 초간단 햄 계란밥!,푸드·드링크
[배고파_홍콩_EP.07] 홍콩에서 저녁밥 6천 원이면 충분합니다,푸드·드링크
[배고파_홍콩_EP.06] 아침밥은 먹었지만 차찬텡은 못 참지!,푸드·드링크
[백종원 시장이 되다_예산 22화] 어디서 타는 냄새 안 나요? 백 대표님 돈 태우는 냄새🔥💵🔥,푸드·드링크
[배고파_홍콩_EP.05] 백종원 울리는 홍콩 매운 국수집,푸드·드링크
[백종원 시장이 되다_예산 21화] '그 곳'이 떠오르는 곱창거리..?! 삽교 곱창거리 먹어서 혼내주자🔥,푸드·드링크
[백종원의 님아 그 시장을 가오_EP.29_구미] 고기 반 마늘 반! 무조건 밥 한 공기 추가하는 마성의 돼지찌개 먹고 왔습니다!,푸드·드링크
[백종원의 님아 그 시장을 가오_EP.28_구미] “커피 한 잔에 5천 원인데…” 곱창 팔아서는 남는 것도 없습니다! 구미 40년 돌곱창집!,푸드·드링크
[배고파_홍콩_EP.04] 백종원 제작진은 이렇게 회식합니다,푸드·드링크
[백종원 시장이 되다_예산 20화] 드디어 밝혀지는 다음 행선지의 비밀?! 우리는 끝나지 않는다!😎,푸드·드링크
[백종원의 님아 그 시장을 가오_EP.27_고흥] “현지인 먹을 것도 없어요!” 지금 못 먹으면 문어 잡힐 때까지 기다려야 합니다. 고흥 스페셜 한정판 문어코!,푸드·드링크
[백종원 시장이 되다_예산] 바베큐 축제 예고편을 가장한 내가 만든 맥주 앞광고😎,푸드·드링크
[백종원의 님아 그 시장을 가오_EP.26_영주] “국물 죽이는데?” 영주를 가는 단 하나의 이유가 있다면 이 해물탕입니다! 40년간 영주 골목을 지킨 해물탕집,푸드·드링크
네팔렘 ‘밥장사’ 지금 성역으로 떠납니다.,푸드·드링크
[백종원 시장이 되다_예산 19화] 드디어 공개되는 국밥거리 그 후 이야기! 그곳엔 무슨 일이...?!,푸드·드링크
[백종원의 님아 그 시장을 가오_EP.25_양구] “이렇게 퍼주면 뭐가 남아요?” 장담하건대 웬만해선 한 그릇 다 못 먹습니다. 산더미처럼 퍼주고 손님 남기는 육개장집!,푸드·드링크
[백종원 시장이 되다_예산 18화] 이 영상을 보는 당신은 지금 예산시장의 낙원 약과가 먹고 싶다...🌀 약과라이팅의 시작💫,푸드·드링크
"[백종원의 님아 그 시장을 가오_EP.24_강진] ""현지인 추천 받고 왔는데..."" 아무 식당이나 들어가도 맛있다길래 일단 들어가 봤습니다",푸드·드링크
[백종원 시장이 되다_예산 17화] 예산시장 숨은 디테일들~ 요건 절대 몰랐을 걸?!😁,푸드·드링크
"[백종원의 님아 그 시장을 가오_EP.23_홍천] ""생전 처음 보는 조합인디?"" 한입 먹자마자 이 푸드·드링크을 모르고 살았던 세월을 반성했습니다",푸드·드링크
[백종원 시장이 되다_예산 16화] 희한하네...🤔 분명 점검하러 왔는데... 먹방 찍게 되네?!🤪,푸드·드링크
[백종원의 님아 그 시장을 가오_EP.22_천안] 촌놈 백종원에게 지적해 달라길래 도저히 못 참고 한마디 했습니다. “이것보다 맛있으면 반칙이에요!”,푸드·드링크
[백종원 시장이 되다_예산 15화] 재개장 매장 신규 메뉴 점검받는 날인데… 에헤이… 조졌네 이거!,푸드·드링크
[백종원의 님아 그 시장을 가오_EP.21_철원] “이게 물회예요?” 철원에 물회 먹으러 갔다가 메뉴부터 고쳐주고 왔습니다,푸드·드링크
[백종원 시장이 되다_예산 14화] 시장 메뉴 개발비가 얼마라고요..? 이게 진짜 다 들어가나요?!😨,푸드·드링크
[백종원의 님아 그 시장을 가오] 인심 돌려받으러 왔습니다,푸드·드링크
[백종원 시장이 되다_예산 13화] 재개장 완료한 환상의 예산시장... 뭔가 보여드리겠습니다!💪,푸드·드링크
[배고파_홍콩_EP.03] 점심시간 미어터지는 홍콩 노점 국수집,푸드·드링크
[배고파_홍콩_EP.02] 배고파서 슬슬 화나려고 합니다,푸드·드링크
"[백종원 시장이 되다_예산 12화] 대체 예산 국밥거리, 그곳에는 무슨 일이 있는 것인가...💦",푸드·드링크
[백종원 시장이 되다_예산] 리뉴얼한 예산 상설시장~ 새로운 이용 방법✨ 알려드립니다!,푸드·드링크
[배고파_홍콩_EP.01] 산속으로 딤섬 먹으러 갔습니다,푸드·드링크
[배고파_홍콩_EP.00] 배고파서 홍콩 왔습니다,푸드·드링크
[백종원 시장이 되다_예산 11화] 삼국축제 요리대회에 상금이 얼마가 걸렸다고?,푸드·드링크
"어묵탕 지겨우셨죠? 오늘 저녁, 빨간 어묵으로 끝내드릴게요!",푸드·드링크
[백종원 시장이 되다_예산 10화] 오픈 전인 예산시장에 100명이나 OOO하러 왔다고?,푸드·드링크
왜 멀리 미국까지 가요? 집에서 이렇게 버팔로 윙 해 먹으면 되는데~,푸드·드링크
[백종원 시장이 되다_예산 9화] 짬뽕아 어떡해? 니네 레시피 개빡쳤어. 너 새로운 레시피 행이래.,푸드·드링크
8분 만에 끝내는 밑반찬 4종! 만들어 두면 일주일은 든든해요!,푸드·드링크
[백종원 시장이 되다_예산 8화] 맛이 확 다르죠? 근데 누가 우리 대표님 좀 말려주세요...,푸드·드링크
남들보다 삼겹살 2배로 먹는 법 알려드릴게요! 숨겨 놓고 몰래 먹는 파무침 3종!,푸드·드링크
[백종원 시장이 되다_예산 7화] 여기에 목숨 걸 거 아니면 하지 마세요. 예산 시장엔 과연 무슨 일이...?,푸드·드링크
알면서도 애써 모른 척했습니다... 끈기 있는 팀원에게 이 영상을 바칩니다!,푸드·드링크
[백종원 시장이 되다_예산] 긴급! 예산 시장 중단 합니다❌,푸드·드링크
[백종원 시장이 되다_예산 6화] 니들이 도래창맛을 알아? 이게 바로 신광정육점의 맛이여!🥩,푸드·드링크
더 이상의 부대찌개는 없습니다! 이걸로 끝내겠습니다,푸드·드링크
[백종원 시장이 되다_예산 5화] 닭 볶다가 눈물과 땀을 동시에 흘린 사연은..?💧,푸드·드링크
장담하건대 내일 또 먹고 싶을 거예요,푸드·드링크
[백종원 시장이 되다_예산 4화] 예산 시장 국수집! 이름이 '선봉'이면 국수가 공짜!?,푸드·드링크
술만 먹으면 자꾸 이거 찾게 된다니까요,푸드·드링크
[백종원 시장이 되다_예산 3화] 드디어 시작이다! 닭바비큐? 닭바베큐! 한 번 먹으면 멈출 수 없을 걸?🍽,푸드·드링크
[백종원 시장이 되다_예산 2화] 이거슨... 악몽인가... 길몽인가...! 예산 시장을 감싼 불길한 기운...!💦,푸드·드링크
요즘 [님아 그 시장을 가오]가 왜 안 올라오냐고요?,푸드·드링크
[백종원 시장이 되다_예산 1화] 레트로 시장 살리기?! 시장 그 느낌 아니까~,푸드·드링크
[백종원 시장이 되다_예산 0-1화] 궁금하셨을 이야기들! 다 말씀드리겠습니다.,푸드·드링크
[백종원 시장이 되다_예산 0화] 백종원의 꿈 이뤄보려합니다. '시장'이 되겠습니다!,푸드·드링크
[님아 그 시장을 가오_EP. 20_해남] 해돋이는 모르겠고 소고기 먹으러 왔습니다,푸드·드링크
[MZ들이 장사하는 세상_ EP.03] 파브리 빌려주고 눈물의 대가리로 돌려받았습니다💦,푸드·드링크
[님아 그 시장을 가오_EP. 19_논산] 바쁘다 바빠~ 왼손에 술잔&오른손에 고기! 손이 쉴 틈이 없어요!,푸드·드링크
[MZ들이 장사하는 세상_ EP.02] 왜 우리를 버렸어요? 다... 돌려받을 겁니다. 대구에서 제일 맛있는 브런치로!,푸드·드링크
[님아 그 시장을 가오_EP. 18_속초] “사장님 국수는 어디 갔어요?” 국수 찾는 데 한참 걸렸습니다! 회 먹다 식사 끝나는 희한한 회국수집!,푸드·드링크
[MZ들이 장사하는 세상_EP.01] 말없이 대구까지 찾아가 브런치 혼내줬습니다 #내돈내산,푸드·드링크
[님아 그 시장을 가오_EP. 17_청양] 이 순두부찌개는 밥 두 공기가 기본입니다! 집 앞이면 매일 출근 도장 찍고 싶은 찐한 순두부찌개집!,푸드·드링크
‘취중JIN담’ 비하인드│예고,푸드·드링크
[님아 그 시장을 가오_EP. 16_제주] 제주도 가신다구요? 이 식당 하나만 알아두세요!,푸드·드링크
"[김치월드_JAPAN_EP. 02] 스트리트푸드파이터, 김치로 다시 시작합니다!",푸드·드링크
[님아 그 시장을 가오_EP.15_원주] 행복한 시간이었습니다 삼겹살은 역시 쌈이죠! (feat.쌈 하나~ 우리 술 한 잔~),푸드·드링크
[김치월드_JAPAN_EP. 01] 일본 다녀왔습니다,푸드·드링크
[님아 그 시장을 가오_EP. 14_진안] “이건 나와의 싸움이에요” 나오자마자 비주얼에 기선 제압당했습니다! 하루 딱 3시간만 영업하는 희한한 순대국밥집!,푸드·드링크
[님아 그 시장을 가오_EP. 13_진천] “저기... 실례지만 뭐 시키셨어요?” 여러분 조심하세요! 이 중국집에서 다른 테이블 쳐다보다간 두 그릇 먹게 됩니다!,푸드·드링크
[백종원 with BTS 진] 취중진담 TEASER,푸드·드링크
"[님아 그 시장을 가오_EP. 12_임실] ""혹시 다슬기 쏟으셨어요?!"" 다슬기 양념장부터 시작하는 풀코스! 밥 먹으러 갔다가 도시락까지 싸 오는 다슬기백반집!",푸드·드링크
[님아 그 시장을 가오_EP.11_창원] 둘 다 먹고 오늘 집에 안 갑니다! 동네 어른들의 낮술 성지는 무조건 맛있는 거 아시죠? 소주 두 병은 마시고 시작하는 찐한 곰탕집!,푸드·드링크
다음 날 먹으면 더 맛있어요! 오래 끓일수록 게🦀 맛있는 꽃게 해장국,푸드·드링크
[님아 그 시장을 가오_EP.10_대구] 누가 보든 말든 그릇 째 원샷 때리고 싶은 집! 테이블도 하나 없이 56년 장사한 희한한 묵집!,푸드·드링크
정말 너무 간단해서 아무나 할 수 있다.,푸드·드링크
[님아 그 시장을 가오_EP. 09_상주] 이 식당에 수천만 명이 다녀갔다고요? 제가 직접 확인해보겠습니다!,푸드·드링크
[님아 그 시장을 가오_EP. 08_담양] “사장님! 3인분 더 포장해주세요~” 이거이거 내장러버 환장합니다... 국물보다 막창이 더 많은 찐 막창전골!,푸드·드링크
[님아 그 시장을 가오_EP. 07_동해] “푸드·드링크 지적 좀 해주세요!” 가볍게 밥 먹으러 왔는데 오늘 임자 제대로 만났습니다!,푸드·드링크
"[님아 그 시장을 가오_EP. 06_삼척]""오늘 제 생일인가요?"" 이제부터 생일에 이거 먹겠습니다. 굴김치 3층 탑으로 시작하는 묵직한 삼척 문어 한상 차림!",푸드·드링크
[님아 그 시장을 가오_EP. 05_경산] 여기 올 땐 하나만 주의하세요! 국자는 사장님만 만질 수 있습니다. 점심 먹으러 왔다가 저절로 소주 찾게 되는 돼지찌개집!,푸드·드링크
[님아 그 시장을 가오_EP. 04_음성] “저희는 남길 생각 없어요!” 이 정도면 장사가 아니라 봉사입니다. 인근 학생 수천 명은 키워낸 단돈 4000원 돼지국밥집.,푸드·드링크
[님아 그 시장을 가오_EP. 03_청도]국밥 없는 국밥집,푸드·드링크
[님아 그 시장을 가오_EP. 02_군위] 지금 아니면 못 먹습니다. 화끈한 성격의 사장님이 제대로 불맛 입힌 연탄닭구이집!,푸드·드링크
"[님아 그 시장을 가오_EP. 01_곡성] ""백종원이 누군디?"" 백종원을 모르는 순수한 사장님의 찐한 콩국수집",푸드·드링크
님아 그 시장을 가오,푸드·드링크
이거 먹으려고 3시간 기다렸다,푸드·드링크
캠핑에서 제일 만만한 고추장찌개,푸드·드링크
제작진놈들의 계속되는 캠핑 강행군에 탈출을 시도하는 도시러버 백종원의 모습입니다,푸드·드링크
명란대첩 │ 나에게는 아직 12개의 명란이 남아 있쥬~ 부럽쥬?,푸드·드링크
초코파이탕,푸드·드링크
"방년 11세 소년 백종원, 고등어통조림조림을 만들다",푸드·드링크
"무한동력, 드디어 발견했다! 무한정 들어가는 하이볼+명란 구이로 완성한 무한 음주 공식!",푸드·드링크
밥 먹고 바로 빵 먹기 가능? 제대로 끝장 보는 백종원식 풀소유 캠핑 먹부림!,푸드·드링크
집종원은 사실 캠핑이 체질? 나 분명 캠핑 싫어하는데 왜 이렇게 잘해!,푸드·드링크
🦆: 여보 여기 있던 내 알 못 봤어요?│메추리알 장조림,푸드·드링크
🍅케첩이 된 멋쟁이 토마토! 나폴리탄으로 업그레이드해줬습니다!🍅,푸드·드링크
오늘따라 야장 가고 싶네... 청양고추 잔뜩 넣은 번데기탕에 감귤 향 터지는 미상 한 병? 오늘 나 집에 안 가!,푸드·드링크
[제1회 주주총회_EP.3]드디어 증류주 먹는다!🍶 자기야! 내가 원했던 게 이거자나!🙌 취기를 빌려 고백하는 주당들의 술 취향까지😚,푸드·드링크
[모집 공고] 우리 장사 이야기로 소통 좀 할까요?,푸드·드링크
단돈 2천원으로 방구석 피서! 다람이 거🐹 도토리🌰 뺏어 만든 쿨내 폴폴❄ 묵사발,푸드·드링크
92년... 아마 그때 우린 뽀글이에 미쳤었죠,푸드·드링크
[제1회 주주총회_EP.2] 팬톤 선정 올해의 컬러 '막걸리 레드'🍓 인★갬성 제대로 즐기는 새콤달콤오색 막걸리 PARTY!🎉,푸드·드링크
세상에서 게맛살 제일 맛있게 먹는 법!(TIP. 에어프라이어로 불맛 내기),푸드·드링크
[제1회 주주총회_EP.1] 체내 알코올 농도 100% 주당들의 잔망 넘치는 전통주 시음기,푸드·드링크
『흑종원 박제』 좋아요를 눌러 JOY를 표하십시오,푸드·드링크
우유 크림 파스타 만들어서 먹어볼 도전자를 찾습니다.,푸드·드링크
백종원과 한잔 하실 분 구해유🍺 생방송 실시간 술먹방 예고!,푸드·드링크
콩나물 해장국이 먼저냐 수란이 먼저냐? 아무튼 술 숙취엔 이거 두 개 먹고 시작입니다,푸드·드링크
참치김치찌개 끓이기 전에 '이거' 같이 안 해 먹으면 손해!,푸드·드링크
맛탕 시리즈 2탄! 소금이냐 설탕이냐... 반전 매력 감자맛탕,푸드·드링크
300원으로 한 냄비 가~득 국 끓이기! 가성비 끝판왕 맑은 미역국,푸드·드링크
맛집 사장님이 알려 주는 식당에서 사 먹는 차돌된장찌개 집에서 끓이는 법,푸드·드링크
양조위 단골집 앞에서 백종원을 고민에 빠지게 하는 마성의 토마토라면,푸드·드링크
소주엔 새우깡이 국룰? 이젠 맥주에 멕시칸 새우깡이 대세다,푸드·드링크
"소여사 인스타를 뜨겁게 달군 그 레시피, '도리로코스' 공개합니다!",푸드·드링크
"식당에서 먹는 콩나물국 맛의 비밀, 이건 몰랐쥬?",푸드·드링크
여름맞이 프라이팬 없이 만드는 🌼김치밥이 피오씁니다🌼,푸드·드링크
소여사가 좋아하는 황태미역국! 해장용으로 딱이에요,푸드·드링크
LA 맥앤치즈 가게 옆에서 장사하고 싶은 맛! 코리안 스타일 떡앤치즈,푸드·드링크
○○만 넣으면 밖에서 사 먹는 김치찌개 맛 납니다! 궁금하쥬?,푸드·드링크
고깃집 된장찌개 부럽지 않은 봄맞이 냉이된장라면,푸드·드링크
온두부가 만드는 요리에 리액션을 잃은 백종원🤐 짠하다 온유야.. 우리 집 놀러와｜바종원 ep.01,푸드·드링크
드디어 백종원 술방 시작합니다! 한잔 내어오셔유,푸드·드링크
해장하러 끓였다가 한 잔 더! 참치김치라면,푸드·드링크
발상의 전환! 혼자 쫄깃하고 바삭하고 다 하는 수제비 튀김,푸드·드링크
하면 할수록 빠져든다... 집에서 빚는 우리 술 우리 막걸리,푸드·드링크
비엔나소시지 굽다 마지막 킥! 한 방이면 단짠단짠 안주 탄생,푸드·드링크
파채 활용법 끝판왕! 대파+토스트가 이게 가능?,푸드·드링크
나.. 감자 좋아하냐.... 10분이면 충분한 한국식 감자 브런치,푸드·드링크
15분이면 맥주 4캔 순삭 가능한 간장맛 / 매운맛 어묵구이 (feat.술방 예고),푸드·드링크
30년 전통 쌈밥집 아저씨가 고기 없이 만드는 달걀 쌈장,푸드·드링크
짜파구리 멈춰🖐🏻 편의점 털어 신박한 라면 꿀조합 찾기 도전!,푸드·드링크
딱 5가지 재료만 있으면 일본 쇼유라멘 소환 가능,푸드·드링크
집종원만의 특별한 치밥레시피! KFC 할아버지도 몰라 아무도 몰라🤫,푸드·드링크
오늘은 3.3데이~ 옥상에서 삼겹살 구워 먹으며 깻잎논쟁 종결합니다!,푸드·드링크
쟁여두면 마음이 든든해지는 만능곱창무침으로 끓여본 곱창라면,푸드·드링크
요즘은 '피쏘'를 해야 인싸쥬? 남은 단무지로 피자 만들기,푸드·드링크
재료는 단 3가지! 우리 집이 카레우동 맛집일세👏🏻,푸드·드링크
백종원이 먹는 달걀밥의 비밀 ! -심화 편-,푸드·드링크
백종원이 먹는 달걀밥의 비밀 ! -기초 편-,푸드·드링크
치폴레? (❌) 치콜레! (⭕) 정국이가 먹던 그 메뉴 저도 한번 만들어 봤습니다,푸드·드링크
NO오븐 베이킹 🐶 맛있는 초코롤 혼자 먹다 소여사한테 딱 걸림..!,푸드·드링크
"저는 갈맥길만 걷겠습니다, 등갈비튀김이 더 맛있어지는 마법 가루 공개!",푸드·드링크
우리 집에서 김치전 먹고 갈래? 연애 성공을 부르는 마법의 김치떡전,푸드·드링크
엉덩이 한번도 안 떼고 야식 만들기 도저언! 김밥의 새로운 장르 '통순대 김밥',푸드·드링크
맛있겠쥬?먹고싶쥬?궁금하쥬? 겨울간식 호빵 구워먹으면 어쩔빠네 저쩔빠네🤪,푸드·드링크
치즈가 내린다 샤라랄라~♪ 혼자 먹기 너~무 아까운 치즈등갈비,푸드·드링크
나만 없어 약과.. 이정도는 약과지~ 약켓팅 포기하고 직접 만들어 버림!,푸드·드링크
아침 굶지 마세요~ 불주먹 불끈 쥐고 만든 세상 든든 백모닝 세트,푸드·드링크
"내가 혼자 살았다면..? 혼자의, 혼자에 의한, 혼자를 위한 뀰맛레시피 공개!",푸드·드링크
냉면집에선 겨울에 뭘 팔까요? 제주금악냉면 신메뉴 먹으러 가봤습니다,푸드·드링크
제가 갖고 있는 와인 중에 제일 저렴한(?) 와인으로 뱅쇼 끓여봤습니다...?,푸드·드링크
매장 모르게 '빽다방' 깜짝 방문 해봤습니다! 빽다방 아이스 음료의 진실은..? #내꺼내먹,푸드·드링크
매장 급습하러 갑니다! 이번엔 어디게요?,푸드·드링크
카레는 먹고싶고... 많은 재료 사오기 귀찮을 땐...🤔,푸드·드링크
따라 하지 마세요! 저는 집에서 카레 이렇게 만들어 먹습니다,푸드·드링크
5분 안에 제가 뭘 만들려고 하는지 추리하시오. [100점]｜백종원의 쿠킹로그 번외 편,푸드·드링크
별다른 도구 없이도 김밥김을 조미김으로 만들 수 있어요!,푸드·드링크
"전 구울 때, 튀긴듯 바삭하지만 안타고 촉촉하게 잘 굽는 법",푸드·드링크
스틱고구마가 아니라 고.구.마.스.틱!,푸드·드링크
오징어 불고기! 그냥 삼겹살만 구워먹기 아쉬울 때 꼭 해보세요~ 🦑,푸드·드링크
홍합 먹기 좋은 계절이죠? 전기밥솥으로 만들어본 홍합밥,푸드·드링크
비지찌개! 이렇게 고소하면 반칙인데요?,푸드·드링크
제가 좋아하는 갈치조림은요...,푸드·드링크
연돈 볼카츠? 집에서 만들어 봅시다,푸드·드링크
갑자기 쌀쌀해지니 뜨끈한 국물 생각나시죠?,푸드·드링크
조리는 3분 컷! 재료비도 초저렴!,푸드·드링크
"김밥의 수많은 속재료가 부담된다면? '이것'만 준비하세요, 간단하게 김밥 맛집 흉내내기 가능!",푸드·드링크
꿀팁 대공개! 고추장찌개가 맛있어지는 비법은...!,푸드·드링크
한국인 입맛 정조준 라면! 매운 라면 국물 맛 좌우하는 마지막 한 스푼의 비법은? [한돈 라면],푸드·드링크
여행이 그리운 분들~ '공심채볶음'으로 동남아시아의 맛을 집에서도 느껴보아요!,푸드·드링크
한국 양념으로만 맛을 냈어요! 전복조림인 척 하는 전복구이,푸드·드링크
추석특집) 이게진짜_레알_수정_과.mp4,푸드·드링크
새마을식당'하면 떠오르는 바로 그 메뉴! '7분돼지김치' 먹방과 김치찌개 이야기~ #내꺼내먹,푸드·드링크
내꺼내먹! '새마을식당'에서 열탄불고기 먹어봤습니다~ 외국 팀원들을 위한 불고기 먹방 A to Z!,푸드·드링크
고급 레스토랑 따라잡기! 전복 내장 이렇게 드시면 정말 맛있어요~ 전복크림파스타,푸드·드링크
만두를 맛있게 먹는 또 다른 방법? 매운맛 좋아하는 분들 따라해보세요 [인스타 라이브 편집본],푸드·드링크
스.푸.파 속 푸드·드링크 따라하기! 청두야시장에서 먹던 그 감자 요리?!,푸드·드링크
마트에서 산 '돼지불고기'로 네가지 활용법 대방출,푸드·드링크
마트에서 산 '소불고기'로 다섯가지 활용법 대방출,푸드·드링크
"약 4,000원어치 고기로 만드는 그럴~듯한 스테이크!",푸드·드링크
"줄 서서 먹는 북엇국집 맛, 집에서 손쉽게 따라하기!",푸드·드링크
고기를 넣어 더 맛있는 감자조림! 든든한 밑반찬 만들어두세요~,푸드·드링크
💪운동한다고 닭가슴살 사다 놓은 분들! 말복 '닭개장' 손쉽게 끓여봐요,푸드·드링크
콩 없이 만드는 콩국수! 2021ver.,푸드·드링크
콩국수에 소금? vs 설탕? 여러분의 선택은? [인스타 라이브 편집본],푸드·드링크
매콤한 순대볶음! (+안 터지게 볶는 요령 알려드릴게요!),푸드·드링크
"통장 잔고가 허전하다고요,,? 저렴하고 간단한 반찬으로 보릿고개 버티세요",푸드·드링크
샐러리 볶음! 저 믿고 딱 한번만 해보세요! 정말 맛있어요! 진짜로🙄,푸드·드링크
토마토 주스로 스튜를 만든다고요? 집에 있는 재료만으로 도전!🍅,푸드·드링크
생각보다 더! 더! 쉬운 들깨칼국수~,푸드·드링크
캘리포니아 롤! 만들다가 시식 포기한 이유는...?,푸드·드링크
한국의 깊은 맛 소고기칼국수 (+한식 세계화 이야기 조금ㅎㅎ),푸드·드링크
어묵듬뿍라면! 해물맛 라면 더 맛있게 즐기는 법 (Feat. 마라소스),푸드·드링크
맛ㄷrㅅ1보다 더 맛있는 와따시(?) '볶음고추장',푸드·드링크
이렇게만 끓이시면 '인생 된장찌개' 됩니다. 자작자작 비벼먹는 된장찌개,푸드·드링크
비빔면으로 팟타이 만들기! 뜨겁게 먹는 비빔면 2탄 #뜨빔면,푸드·드링크
불 없이! 뚝딱 만드는 치즈순대. 마트 재료 꿀조합이에요!,푸드·드링크
밥도둑을 두 개나 만들어버렸어요;; 간장맛 vs 고추장맛 과연 승자는?,푸드·드링크
열심히 준비한 냉면 프로젝트! 제주의 '금악 무짠지 냉면'을 소개합니다,푸드·드링크
제품 리뷰는 처음이죠? '냉면' 만들어 먹으며 여러분께 드리고 싶은 말씀이 있습니다!,푸드·드링크
도전! 새우젓 파스타. 듣도 보도 못한 맛이 나와요,푸드·드링크
매콤새콤달콤 쫄면! 하지만 전 쫄면을 별로 좋아하진 않아요... 그 이유는...!,푸드·드링크
경양식 돈가스를 만드는 두 가지 방법 (+버터 없이 돈가스소스 만들기!),푸드·드링크
오징어튀김 좋아하시는 분은 꼭 해보세요~ 진미채전!,푸드·드링크
"이걸 배우고 나면 아귀찜, 코다리찜도 가능해요! 매콤~한 콩나물찜!",푸드·드링크
김치 라면! 더 맛있게 만드는 '회심의 일타' 알려드릴게요,푸드·드링크
남은 땅콩버터로 여름을 준비해요! 땅콩버터비빔면,푸드·드링크
비빔면 뜨겁게 드셔보셨나요? 비빔면을 먹는 새로운 방법!,푸드·드링크
감자탕! 돼지등뼈 없이도 가능해요 (feat. 찍어먹는 겨자 소스 만들기),푸드·드링크
🧄마늘은 많이 많이!🧄알리오올리오 떡볶이,푸드·드링크
"크림 없이 크림새우, 어떻게 만들까요? 재료 간단, 만드는 법은 더 간단!",푸드·드링크
부'대찌개맛 '뿌'햄라면,푸드·드링크
이 카레의 주인공은 '고기'입니다. 고기 듬뿍 뒷다리살 카레,푸드·드링크
만 번(?) 저어 만드는 수제 마요네즈!💪,푸드·드링크
겉절이 어렵지 않아요! 만능양념장과 함께라면 봄나물 완전정복~,푸드·드링크
참치마요' 만들어서 고급진 토스트까지! (준비물:남은 치킨무),푸드·드링크
멸치 없이 채수로~ 쉽고 빠른 잔치국수 만들기!,푸드·드링크
찬물라면! 저도 끓여보았습니다. 그것도 10개를 한번에!,푸드·드링크
육쌈 비빔면! 제가 비빔면 먹는 방법,푸드·드링크
🔥부대찌개🔥 육수 없이도 진한 맛 내는 방법! (+T.M.T 주의),푸드·드링크
집에서 세계요리! 돼지고기 생강구이 (+맛술 고르는 팁!),푸드·드링크
"집에서 팟타이 도전! 간장, 식초, 액젓으로 간단하게~",푸드·드링크
살찌는 조합 = 그 정도로 맛있다는 거죠! 몬테크리스토 샌드위치,푸드·드링크
밥상위의 치트키 소고기 장조림 (feat. 버터 비빔밥),푸드·드링크
3월 3일 삼겹살데이! 뒷다리살도 삼겹살 만큼 맛있게 먹는 꿀팁!,푸드·드링크
다 때려넣으면 끝~ 제일 쉬운 '어묵볶음',푸드·드링크
"치즈라면전, 맛이 없을 수 없는 조합~",푸드·드링크
이걸 먹으면 나도 왕이 될 상인가~? 궁중 떡볶이!,푸드·드링크
사먹는 맛 그대로! 뜨끈뜨끈 갈비탕 만들어보세요~,푸드·드링크
백종원의 요리비책'과 함께 즐거운 설날 보내세요!,푸드·드링크
설 맞이 꼬치산적! 그리고 설 전 꼭 해야 할 일은?,푸드·드링크
설날을 기다리며 김치만두 만들어요!,푸드·드링크
빈대떡 먹고 싶을 때 뚝딱! 고소~한 콩전,푸드·드링크
"기사식당st 돼지불백, 추억의 그 맛!",푸드·드링크
뺏어 먹어도 무죄! 꾸덕꾸덕 크림 떡볶이~,푸드·드링크
편견을 버리세요! 청국장이 좋아지는 레시피,푸드·드링크
"파전은 먹고 싶은데, 쪽파가 없다면?",푸드·드링크
배달시켜 먹고 남은 탕수육 더 맛있게 먹는 법?!,푸드·드링크
조금 특별한 굴전?! (feat.스리라차),푸드·드링크
이탈리아 정통 말고 한국 스타일! K-알리오올리오,푸드·드링크
짬뽕은 어떻게 만들까요? 불쇼와 함께 맛보는 짬뽕!,푸드·드링크
숙취로 고생하는 분들 꼭 해보세요! 숙취박살 해장라면,푸드·드링크
이번 크리스마스엔 집에서 간단히 즐기는 찹! 스테이크,푸드·드링크
다른 반찬 필요없는 저의 최애 고기쌈장!,푸드·드링크
마늘듬뿍 꽈리고추 닭볶음,푸드·드링크
크리에이터 스포트라이트: 백종원의 요리비책 편,푸드·드링크
두툼한 떡갈비 성공하는 TIP 대방출,푸드·드링크
띵동! 깜짝 선물이 찾아왔어요~ 유튜브 오리지널 선물 언박싱!,푸드·드링크
김장에는 수육이죠! 뻑뻑하지 않게 삶는 방법 공개!,푸드·드링크
크리에이터 스포트라이트: 백종원의 요리비책 편 | 공식 트레일러,푸드·드링크
이게 바로 찐 중국식볶음밥 (준비물: 중화화구),푸드·드링크
냉동만두로 육수내는 초간단 만두전골,푸드·드링크
집에서 만들어 먹는 마리텔 칵테일 깻잎모히토,푸드·드링크
대패 두루치기 '나만의 비법 소스' 알려드릴게요!,푸드·드링크
"영양듬뿍 전복죽, 생각보다 쉬워요~",푸드·드링크
부드러움 끝판왕 프렌치토스트,푸드·드링크
똠양꿍맛 나는 초고추장찌개,푸드·드링크
밥을 훔친 오징어볶음&덮밥,푸드·드링크
여러분 저 믿죠? 꽁치통조림볶음밥,푸드·드링크
겉바속촉 초간단 감자전,푸드·드링크
라떼는 말이야 고구마라떼,푸드·드링크
양념 4개면 '소불고기' 끝!,푸드·드링크
사과한테 사과하세요. 너무 맛있는 사과부침개,푸드·드링크
라면땅 업그레이드. 설탕+마요+스프 꿀맛탱,푸드·드링크
따라 하셔도 됩니다. *김치 피자*,푸드·드링크
투움바파스타 맛 ○○라면,푸드·드링크
우리집이 휴게소 '소떡어떡',푸드·드링크
*따라하지 마세요*,푸드·드링크
추석 소갈비찜은 행복이에요,푸드·드링크
숟가락 젓가락으로 동그랑땡 만들기,푸드·드링크
면역력 걱정없는 마늘볶음밥,푸드·드링크
육개장 만드는 데 20분이면 가능,푸드·드링크
집에서 '크림 파스타'쯤이야,푸드·드링크
가성비 최고 콩나물불고기,푸드·드링크
참치캔'으로 만드는 참치함박스테이크,푸드·드링크
최애 간식 기름 떡볶이,푸드·드링크
요리에 맞게 다양한 양파 써는 법,푸드·드링크
추억의 분홍 소시지전,푸드·드링크
꿀없이 만드는 허니버터브레드,푸드·드링크
양파 손질 정말 쉬워요,푸드·드링크
중독성 강한 통옥수수구이,푸드·드링크
내 밥 어디갔어! 밥도둑 달걀장조림,푸드·드링크
옥수수' 밖에서 사먹는 것처럼 삶는 방법!,푸드·드링크
가슴속까지 시원한 메밀국수,푸드·드링크
해장 킹!!! 무파 라면!!,푸드·드링크
성공률 100% 돼지고기 김치찌개,푸드·드링크
포실포실 고소한 참기름 달걀라면,푸드·드링크
"할머니가 그리운 맛, 소고기된장찌개",푸드·드링크
초간단 1분 라볶이,푸드·드링크
수박+오이 = 무슨 조합?,푸드·드링크
시원달달한 수박화채! 가족들에게 점수 따세요,푸드·드링크
진짜 가지가지 합니다.,푸드·드링크
초고추장 없이도 새콤달콤한 골뱅이 파채무침,푸드·드링크
"소고기' 말고 '돼지고기'로 끓이는 '뭇국', 엄청 시원하고 개운해요",푸드·드링크
곧! 중복이라 닭칼국수인데 특이한 닭칼국수 알려 드릴게요,푸드·드링크
이러니 맛있을 수박엨ㅋㅋㅋㅋ,푸드·드링크
라면으로 만드는 비빔면 Bibimmyun Made From Ramyun,푸드·드링크
초간단 '고추기름' 만들기!,푸드·드링크
뽀오얀 국물이 제대로~ 더위 나기 보양식 '닭곰탕',푸드·드링크
이런 카레가 있었어?,푸드·드링크
고기와 싸먹으면 정~말 맛있는 파프리카 무침! 입안에서 톡!! Bursts in Your Mouth! Paprika Muchim,푸드·드링크
"미역냉국 만들다가 국수가 땡겨 만든 냉국수! Ice-Cold Naengguk, Perfect for the Summer! It Makes You Crave Noodles!",푸드·드링크
옥수수 캔으로 만드는 최고의 간식 The Ultimate Snack Made from Canned Corn,푸드·드링크
김치전을 바삭바삭하게!,푸드·드링크
집에 손님 올 때는 이 메뉴를 해보세요. Make This Dish When You Have Guests Over!,푸드·드링크
식당에서 먹는 닭볶음탕의 비법은 바로~ What is the secret of Dak-bokkeum-tang in a restaurant?,푸드·드링크
장 보러 '서울중앙시장'에 다녀왔습니다! I Went to Seoul Central Market for Grocery Shopping!,푸드·드링크
얼큰하고 매콤하게~ 밥도둑 두부조림! Hot and spicy dubujorim!,푸드·드링크
비빔국수 만들다가 신메뉴가 탄생했습니다 '○○비빔국수' !! The Season for Bibim Guksu! Check Out This New Kind of Guksu.,푸드·드링크
"시골에서 먹는 강된장! 밥에 비벼 먹으면 끝이에요! Good Old Country Food, Gangdoenjang! Just Mix It With Rice!",푸드·드링크
자연스러운 감칠맛의 다시마칼국수! Naturally flavorful dasima kalguksu!,푸드·드링크
폭신~폭신한 에그 샌드위치 Soft and fluffy egg sandwich,푸드·드링크
"밖에서 사먹는 순두부찌개 맛을 집에서!! Sundubu Jjigae!, No Need to Make a Sauce Separately!",푸드·드링크