title,club_main_category_id
이혼하기 직전 확인 안하면 손해보는 것들,주식
고령화 시대' 대한민국 가장 큰 착각과 문제점,주식
30년 넘게 대한민국에서 제일 비싼 강남 청담동에 살면서 느낀 점,주식
1000만원이 있다면 사야 할 주식?,주식
10년 넘게 주식하면수 수익률 900%를 달성하며 느낀점,주식
남는게 없는 중국집 사장님의 고민,주식
부자들이 아침에 꼭 이불을 개는 이유[병원장 3부],주식
왜 부자들만 계속해서 운이 좋은걸까??[병원장 2부],주식
저는 처음에 '이 말'을 이해하지 못했습니다[병원장 1부],주식
젊을 때 시력을 잃어 10년 째 눈이 보이지 않지만 끝까지 포기하지 않고 매일 아침 출근하는 66살 시각장애인 대표님,주식
위암 4기 시한부 판정받은 600억 자산가의 고백,주식
매출 400억 넘는 회사 대표는 출근해서 어떤 일을 할까?,주식
41살에 비로소 깨달은 실패하지 않는 인생진리 5가지[하꼰대],주식
진짜 상위 0.1% 찐부자들은 SNS를 안할까??,주식
소름돋게 정확한 성공하고 실패하는 사람들의 팔자의 특징ㄷㄷ,주식
지방대 출신이 어떻게 2년만에 90억을 벌 수 있었을까?,주식
한강이 보이는 월세 500만원짜리 집은 어떻게 생겼을까?,주식
소름돋게 인생에서 성공하는 사람들의 가장 큰 공통점,주식
30살에 전역하고 5년 동안 유튜브만 했던 37살의 하루,주식
60층에 있는 150억 부자집 어떻게 생겼을까?,주식
"서래마을, 트리마제, 나인원 한남 부자동네 다 살아보고 느낀 점 [With.터보832]",주식
"최저생계비 40만원, 우울증에 걸리며 암울한 삶을 기적같이 극복한 20대",주식
월 1천 벌어도 강남에 살기 어려운 이유[with 터보832],주식
육사 출신 장군에게 대한민국 쿠데타의 가능성을 물어보자[서울의 봄 리뷰],주식
1년만에 주식으로 10억을 번 29살의 집,주식
"주식 수익 9억, 취업 때려치고 컴퓨터 앞에 앉은 20대",주식
대한민국 교권이 무너진 현실적인 이유와 학부모 갑질의 레벨,주식
상위 0.1% 금수저가 알려주는 중산층의 현실[with.터보832],주식
중고 모닝 사러왔다 벤틀리 사는 과정을 물어봤습니다 [With.중카TV],주식
월 180만원벌다가 월 5천만원 벌고 느낀점,주식
전세 80억... 상위1% 청담동 부자들은 어떤 집에 살까?,주식
연 25억 버는 구독자 20만 유튜버의 하루[한방언니],주식
유튜브 채널을 팔고 저격당해 인생 나락가면 어떤 기분일까?[주언규],주식
서울대 출신이 알려주는 삼성전자 퇴사하고 구글에 입사한 이유,주식
서울에서 한강뷰가 제일 예쁜 부자집은 어떻게 생겼을까?[브라이튼 여의도],주식
20년된 구축아파트에 5천만원 넘게 인테리어를 하면 살만할까?,주식
청담동에 살며 롤스로이스 타는 [상남자주식회사] 대표의 하루,주식
유튜브 하나로 방구석에서 강남으로 이사가는 36살 남자의 하루,주식
처가댁에 비밀로 하고 창업한 서울대 출신 35살의 고백...,주식
1억 넘는 연봉을 받던 대기업을 3년만에 그만둔 남자의 출근길,주식
모두가 말렸지만 전역 후 유튜버가 된 65세 전직 사단장,주식
명당으로 소문나 연예인이 가장 많이 살았던 아파트,주식
영끌해서 집을 산 대한민국 20.30의 현실,주식
40억 아파트 전세주고 월세 500만원 강남 아파트로 이사간 이유[반포자이 34평],주식
대한민국에서 5번째로 비싼 집에 살고있는 성공한 흙수저 출신 병원장의 집,주식
17명만 살 수 있는 대한민국에서 4번째로 비싼 집[파르크 한남],주식
상위 0.1%만 산다는 140억 짜리 부자집은 어떻게 생겼을까?,주식
130억 한강이 보이는 대한민국에서 5번째로 비싼 집,주식
강남에서 제일 비싼 47년 된 아파트에서 6년째 몸테크중인 39살[풀버전],주식
100억 부자는 500억 부자를 보면서 무슨 생각이 들까?,주식
"40살, 흙수저인 아버지께서 올해 돌아가셨습니다.",주식
"월 이자만 2500만원, 영끌했다가 피눈물 흘린 40살 건물주",주식
유튜브 보고 배달장사 뛰어들었다가 피눈물 흘리고 있는 전직HID 출신 40대 자영업자,주식
"전국 임용 50등, 영재교육까지 했던 서울교대 출신 초등교사의 고백",주식
누구나 가능 한 가난을 벗어나는 획기적인 유튜브 시청법,주식
"왜 SNS에 ""성공 사기꾼""들이 계속해서 생겨나는 걸까?",주식
1년에 35억을 버는 30대 미혼 남성은 어떻게 살까?,주식
경제적 자유를 이뤘다고 하는데 퇴사를 왜 안할까?[작가 송희구],주식
돈 벌기 위해 직장그만두고 영업직에 뛰어든 36살 미혼여성,주식
이 책 1권을 읽고 평범한 제 인생을 바꿨습니다,주식
"""가난하게 살기 싫으면 이 영상 3번 보세요"" 가난한 사람은 절대 안하고, 부자들은 모두 하고있는 행동",주식
독일의대를 졸업한 의사가 느끼는 한국과 독일의 교육과정의 차이,주식
미국으로 유학가서 실패하고 6년만에 한국에 돌아오며 느낀점,주식
"30대 미혼이 생각하는 결혼, 출산율을 올리는 획기적인 방법",주식
청약포기하고 영끌로 강남에 3억짜리 빌라를 사서 독립한 30대 청년,주식
"자수성가한 부자들이 항상 ""운이 좋았어요""라고 하는 이유[강남 건물주 2부]",주식
월세 700만원 강남 아파트에 사는 30대 부부[강남 건물주 1부],주식
월 180만원 받다가 부업으로 시작한 블로그로 월 5천만원 버는 39살,주식
서대문구 짱 그리고 알콜중독 10년을 극복하며 느낀점[제갈건 3부],주식
전교 2등 모범생이 중학생때 일진이 되었을까?[제갈건 2부],주식
과거 일진출신의 신혼집은 어떻게 생겼을까?,주식
살던 집을 직접 부수고 3억으로 시골에 전원재테크을 지은 29년차 부부,주식
36살부터 19년간 함께 철거해서 건물주 된 50대 사장님 부부,주식
노력을 했는데도 성공을 하지 못하는 사람들의 특징[여의사 2부],주식
8개월만에 독학으로 독일어 공부하고 독일에서 의대 졸업한 37살,주식
전세'가 아닌 '월세'에 살아야 하는 이유(신박한데...?),주식
서울 임대아파트 5년동안 살면서 느낀 장.단점[제로에너지재테크],주식
TV러셀에는 어떤 사람들이 출연을 하는 걸까?,주식
시각장애인은 혼자서 어떻게 외출을 할까?[3부],주식
우리가 몰랐던 시각장애인의 실생활[2부],주식
시각을 잃고 귀로 공부해서 서울에서 9급 공무원이 된 27살[1부],주식
오프라인으로 망하고 온라인으로 '연 10억' 대박난 무수저 지방대 출신의 하루,주식
상위 1% 카페 운영하는 성공한 베스트 셀러 작가는 어떻게 살까?,주식
30살에 15억 빚을 지고 2년만에 다 청산하며 느낀점,주식
월 소득 1500만원 포기하고 영국으로 떠나는 30대 부부,주식
일본에서 회사다니다가 퇴사하고 한국으로 귀국한 이유,주식
월세 9만원'짜리 임대재테크의 장.단점[SH장기미임대재테크],주식
5년동안 노가다 하다 10년만에 100억매출 대표가 될 수 있던 이유,주식
5천만원을 무료로 불우이웃에게 기부하는 38살 대표의 철학,주식
"남들이 욕하고 비웃을 때, 자신 있었습니다[안대장 3부]",주식
안대장이 어떻게 월세 2500만원 시그니엘에 사는지 궁금하셨죠?[안대장 2부],주식
시그니엘 산다고 세무조사 당하고 다시 돌아온 [안대장 1부],주식
성공한 강남 병원장은 어떤 차를 탈까?[병원장 4부],주식
일반적인 사람이 '부자'가 될 수 있는 유일한 방법[병원장 3부],주식
스스로 가난을 이기고 부자가 되는 이야기[병원장 2부],주식
도대체 어떤 생각을 하고 어떻게 살아야 부자가 될까?[병원장 1부],주식
85만 유튜버 직업의 모든것님의 삶과 철학,주식
사관학교 출신 대위가 33살에 전역을 한 이유[1부],주식
강남 부자들이 집 값 폭락을 걱정하지 않은 이유[3부],주식
2년차 도곡동 주민이 알려주는 강남 도곡동의 장.단점 l [2부],주식
"""파이어족은 있을까요?"" 40세에 200억 자산가가 되며 느낀점[1부]",주식
사업하여 100억 자산가가 되었는데도 항상 불안한 이유[5부],주식
아침/점심 주는 용산 40억짜리 신축 아파트[4부],주식
"""40억"" 한강이 보이는 용산 57평 신축 아파트의 삶[3부]",주식
자동차 스피커 튜닝으로 10년만에 건물주가 될 수 있었던 방법[2부],주식
60억 영끌해서 70억 건물을 매수한 30대 건물주의 애환[1부],주식
서울에 있는 LH임대아파트가 경쟁이 많은 이유[3부],주식
"LH,SH,GH 임대아파트' 쉽게 공고문 읽는법",주식
30대 남성이 결혼이 하고 싶은데 못하는 이유[LH전세 2부],주식
"부동산 투자 전 꼭 필요한 임장, 쉽게 하는법 없을까?",주식
"""월 20만원에 삽니다"" 서울에서 자취하는 삶 l LH전세 1부",주식
서울대를 우등졸업하고 졸업 후 대기업에 다니면서 느낀점[3부],주식
"포항제철고, 서울대학교 우등 졸업한 20대의 철학[2부]",주식
"서울대를 졸업한 20대 대기업 직장인의 고민, 어떻길래?? [1부]",주식
"하룻밤 자는데 30만원 집, 어떻게 생겼을까? l 영국 런던 원룸",주식
20대에 무리하게 집을 사서 '하우스 푸어'가 된 이유[3부],주식
강남 건물주가 되려면 얼마나 있어야 될까?[러셀 건물주되기 1부],주식
최초로 밝힌 심정 그리고 고백,주식
어렵게 분양 받은 서울 신축아파트'를 팔려는 이유[2부],주식
대림동 대장아파트'에서 2년 거주하며 느낀 대림동의 장점,주식
서울에서 20만원으로 살 수 있는 집,주식
부모님 도움 없이 30대에 내 집을 마련하면서 느낀점[3부],주식
부자들이 47년된 강남 썩다리 아파트에 사는 이유[2부],주식
강남에서 제일 비싸고 오래된 아파트에는 누가 살까?[1부],주식
"2억 영끌해서 집을 산 영끌러의 삶, 그리고 가장 큰 고민 [2부]",주식
친구따라 집보러 갔다가 한강뷰에 꽂혀 2억 영끌한 30대[1부],주식
20년 넘게 공부하고 개업안한 페이닥터가 알려주는 의사의 현실,주식
"가정주부가 아파트 10채, 순자산 30억이 되는 방법",주식
"갭투자로 산 아파트, 역전세 맞아 눈물 흘리며 손절한 사연[3부]",주식
외벌이로 아파트 10채 만든 가정주부의 극강 짠테크[2부],주식
월 400만원으로 10년만에 아파트 10채 가능할까??[1부],주식
20대에 영끌해서 서울에 빌라를 사면 어떤 악플이 달릴까?,주식
전 재산 영끌한 부동산 팔고 주식에 몰빵한 28세 청년,주식
6억 영끌해서 아파트 산 거 후회하는 40세 의사 출연자[악플읽기],주식
40살 ‘서울 16억 자가’에 살고 있는 의사의 마인드 [2부],주식
6억 영끌해서 아파트 산걸 후회하는 40세 페이닥터[1부],주식
서울에 집이 있는데 왜 월세 80만원을 주고 자취를 할까?[3부],주식
월300 직장인이 '80만원짜리 오피스텔' 6개월 살면서 느낀점,주식
본가가 서울'인데 월세 80만원 내고 자취하는 20대 청년,주식
내가 갈 수 있는 'LH임대아파트' 찾는 방법[10분 요약],주식
중소기업이 대기업을 실력으로 이기면 어떻게 될까?,주식
서울이 아닌 지방 중소기업에 다니는 20.30대 청년들,주식
창업해서 5년만에 원룸에서 22억 펜트하우스 사버린 대표님,주식
1.5억을 더 주고 아파트 1층을 산 31세 청년의 집[4부],주식
이 시국에 전재산 영끌해서 아파트를 산 31세 청년[3부],주식
구독자 6만명 유튜버'는 얼마를 벌까?[부산 2부],주식
3천만원 전세대출 받아 2룸으로 이사온 22살 대학생[부산 1부],주식
왜 대구는 '미분양의 성지'가 되었을까??[대구 3부],주식
대구의 강남' 수성구는 왜 대장 동네가 되었을까?[대구 2부],주식
지방에서 중소기업 다니는 20대가 월150만원씩 저축할 수 있던 이유[대구 1부],주식
"대부분의 사람들이 부자, 건물주가 되지 못하는 이유[4부]",주식
도대체 강남 건물주는 어떤 사람들이 되는 걸까?[3부],주식
75억 강남 건물주'는 어디에서 살까??[2부],주식
기초수급자에서 5년만에 강남 건물주'가 된 빵집 사장님[1부],주식
10억인데도 사람들이 아파텔을 사는 이유는 뭘까?,주식
아파트를 안사고 10억짜리 3룸 오피스텔을 산 이유[4부],주식
"월세290만원 호수공원뷰, 그럼에도 이 집이 좋은 이유[3부]",주식
외벌이로 아파트 월세사는 건 부담스럽지 않을까...?[2부],주식
왜 아파트를 안사고 월세 290만원이나 내면서 사는걸까?,주식
한국인이였던 외국인이 바라보는 한국인의 특징은 뭘까?[4부],주식
"왜 이민가면 변호사, 의사가 되는 경우가 많은걸까?[3부]",주식
9살때 캐나다로 이민갔다 31살에 돌아온 재외동포 부부[2부],주식
월세60만원 1.5룸에 살고 있는 하버드대 출신 교수님[1부],주식
35년된 아파트에서 몸테크 하기 괜찮을까...?[3부],주식
35년된 아파트 리모델링 잘 못해서 후회하는 집주인[2부],주식
7억주고 은평구에서 가장 오래된 아파트를 왜 샀을까?[1부],주식
영끌해서 내 집을 사고 나면 어떤 고민이 가장 많이 들어요?[4부],주식
영끌한 집 계속 금리 올라가는데 부담 스럽지 않으세요...?[3부],주식
23년된 아파트를 영끌해서 산 공무원부부는 어떻게 살까?[2부],주식
"공무원 부부에게 ""월 이자 110만원""은 부담스럽지 않을까?[1부]",주식
보유 부동산 50채인 다재테크자는 어떻게 부동산을 샀을까?,주식
왜 한국사람들은 빌라보다 아파트를 선호할까?[6부],주식
돈 없어서 집 못산다는게 핑계인 이유[5부],주식
이자 120만원' 20대에 영끌해서 들어온 25평 아파트 어떻게 생겼을까?[4부],주식
20대에 영끌해서 4억짜리 집을 사면 이자 얼마나 낼까?[3부],주식
30살에 전역해서 월 2천만원원 버는데 왜 원룸에 살까????[2부],주식
리모델링한 40년된 구축 아파트 신축보다 살기 좋을까…?[3부],주식
40년된 아파트에 살면 어떤점이 불편할까?[2부],주식
10억 주고 산 40년된 서울 아파트 단지는 어떻게 생겼을까?[1부],주식
강남 대장 아크로리버파크를 2년만에 왜 팔았을까?[5부],주식
어떻게 33살에 강남 대장 아크로리버파크를 샀을까? [4부],주식
강남 대장 아파트에 사는 사람은 어떻게 돈을 아낄까?[3부],주식
강남 대장 아파트에서만 사는 사람은 어떻게 살아왔을까?[2부],주식
강남 대장 아리팍을 팔고 광교 대장 아파트로 왜 갔을까?[1부],주식
수도권에서 3천만원으로 살 수 있는 30년된 빌라[경매 1부],주식
전재산 2억 영끌해서 산 집에 살고 싶지 않은 집주인[2부],주식
"월급 250만원, 주식해서 2억모은 중소기업 생산직 직원[1부]",주식
서울에서 5억' 영끌하면 살 수 있는 32년된 아파트[3부],주식
아파트 영끌해서 잘못산걸 후회하는 집주인[2부],주식
5억 영끌해서 서울에서 살 수 있는 집은 어떤 단점이 있을까?[1부],주식
"삼성 정규직 8년차가 알려주는 삼성전자의 복지,정년",주식
대한민국 20.30대가 내 집 마련을 포기하는 이유,주식
동탄신도시 1.5억짜리 아파트 전세는 어떻게 생겼을까?,주식
육사 출신 장교가 대위로 전역을 왜 하는 걸까?,주식
"""한 달 전세 이자만 60만원"" 빌라 세입자의 가장 큰 걱정",주식
가족을 위해 육아휴직 하는 서울의 대기업 다니는 38살 과장님,주식
"""이게 14억이라고요?"" '3년만에 6억'이나 오른 서울의 33평 아파트[2부]",주식
"22년된 서울의 평범한 아파트, 어떻게 생겼을까[1부]",주식
23살이 허름한 복장으로 아파트 사려고 부동산에 가면 겪는 일 ㅋㅋ[2부],주식
공부에 자신없어 대기업 생산직을 택한 25세 청년의 현실[1부],주식
부동산 투자 후 무재테크 폭락론자를 보면 드는 생각[4부],주식
아파트 값이 떨어지는데 아파트를 투자한 이유[3부],주식
군대에서 2500만원을 모아 아파트를 투자한 22살 대학생[2부],주식
아파트 살아본 적 없는 사람이 알려주는 빌라의 장.단점[1부],주식
"월세로 계약한 집이 ""1년만에 2억"" 오른 걸 알게된 세입자의 기분[2부]",주식
장교 전역 후 가정주부가 된 15만 유튜버의 삶[1부],주식
20.30대 공인중개사들이 대부분 망하는 이유,주식
고졸로 대기업에 취업해서 3억을 모은 28살 직장인[3부],주식
대기업 다니는 '20만 재테크 유튜버'의 자취방[2부],주식
새벽 5시에 '미라클 모닝'하는 28살 대기업 다니는 직장인[1부],주식
20.30대가 서울에 아파트 사는 현실적인 방법[3부],주식
5년만에 2천만원으로 '순자산 30억'을 만든 31살 투자자[2부],주식
청약으로 당첨된 서울 24평 아파트 사전점검하는 딸 부자집[1부],주식
10년 동안 저축해서 월급으로 2억을 모으며 느낀점[3부],주식
영끌해서 경기도에 갭투자 한 10개월차 신혼부부[2부],주식
31만 짠테크 유튜버 강과장 부부의 삶[1부],주식
[결혼 전 필수 영상]결혼을 진짜 잘 해야하는 이유,주식
20억짜리 신축 아파트를 굳이 인테리어한 이유[2부],주식
"가정주부가 느끼는 '강동구 대장, 그라시움' 의 장점[1부]",주식
몰라서 못갔던 'LH임대 아파트' 가는 3가지 방법,주식
요즘 20대들이 투잡으로 신박하게 돈 모으는 법[4부],주식
고졸출신이 대기업 입사 시 차별이 있을까?[3부],주식
영끌했는데 선택 잘못해서 후회하는 빌라 주인 인터뷰[2부],주식
영끌해서 서울에 빌라를 사고나니 보이는 단점...ㅠㅠ[1부],주식
27살에 안정적인 부사관을 전역한 이유,주식
"집, 돈, 부모도 없는 고아가 결혼을 할 수 있었던 이유[3부]",주식
19살 고아원을 퇴소 한 성인이 된 아이들의 삶...[2부],주식
"""슬프지만 현실"" 고아원 출신이 알려주는 '고아원의 실태'[1부]",주식
11평 LH국민임대아파트'에서 신혼부부는 어떻게 살까? [2부],주식
LH임대아파트 입주민이 외제차 타는 기발한 방법ㄷㄷ[1부],주식
33살 프렌차이즈대표가 알려주는 망하는 가게의 공통점[3부],주식
"현금7억으로 ""부동산, 주식"" 안하고 사업에 올인한 이유[2부]",주식
"혼자 사는데 '월세 340만원, 49평 아파트'에 사는 이유[1부]",주식
대한민국에서 '고졸'출신이 할 수 있는 일[2부],주식
서울에서 '100만원'으로 살 수 있는 6평 오피스텔[1부],주식
시그니엘에서 제공하는 5만원 짜리 비빕밥은 어떻게 생겼을까?[4부],주식
시그니엘 사는 부자집 애들이 어릴때부터 명품만 입는 이유[3부],주식
사기꾼이라 욕먹어도 2500만원 시그니엘 월세에 사는 이유[2부],주식
서울에서 가장 비싼 아파트 시그니엘에는 누가 살까?[1부],주식
입주민이 알려주는 LH임대아파트의 단점[3부],주식
월 8만원으로 30년 살 수 있는 LH임대아파트 내부[2부],주식
월세 8만원'짜리 LH임대아파트에 사는 31세 남성[1부],주식
"월급300, 부부가 아파트 4채 만들수 있던 눈물나는 방법 [2부]",주식
"""에어컨, TV도 없다"", ""1년에 옷 4벌로 버팁니다"" 짠돌이 부부[1부]",주식
서울살던 신혼부부라면 99% 공감하는 신도시의 최대단점....,주식
직업군인들이 전역할 때 자기명의로 된 집이 없는 이유ㄷㄷ,주식
신혼부부특공으로 서울에 아파트가 2채(?) 생긴 부부,주식
상위 1% 연예인들이 ‘압구정동’에 사는 이유[4부],주식
47년된 오래된 '강남 아파트'가 80억에 팔린 이유ㄷㄷ[3부],주식
제일 싼 집 40억'인 대한민국에서 제일 비싼 아파트 단지[2부],주식
압구정 현대아파트'에서 5년 살면서 느낀점 [1부],주식
20대를 노량진에서 공무원 시험만 준비하며 느낀점...,주식
창업 1년만에 직원 8명에 월 매출 1억인 20대 사장님,주식
고시원 살다가 '7억 신혼집'을 마련한 30세 청년 l 검단신도시,주식
아파트 사려고 20년된 재테크에 사는 30대 부부 [신혼부부특공 1부],주식
서울 원룸 전세'가 미친듯이 비싸지는 이유(10분요약),주식
부모님이 없는 직장인이 서울에 살기위한 고달팠던 방법[2부],주식
월급 230만원으로 서울 아파트를 사기 위해 반지하에 살고있는 28세 청년[1부],주식
최근 신혼부부들이 오피스텔을 비싼값에 사는 이유 [광교 아파텔 2부],주식
3룸 오피스텔을 사기전에 알았으면 좋았을 것들....[광교 아파텔 1부],주식
지방출신 20.30이 무조건 서울로 오는 이유[대학생들의 고민],주식
"요즘 대학생들이 기숙사, 월세가 아닌 대출을 받는 이유[경희대학교 1부]",주식
부동산 부자는 폭락론을 신경쓰지 않습니다[옥수파크힐스 3부],주식
부동산 자산 100억인 30대 청년은 어떤 집에 살까?[옥수파크힐스 2부],주식
강남 2세'들이 옥수동으로 많이 오는 이유[옥수파크힐스 1부],주식
20대가 서울에서 1억으로 살 수 있는집(ft.김짠부 재테크),주식
29살에 2년만에 5채의 아파트를 살 수 있었던 방법[20대 다재테크자 4부],주식
"20대에 코인, 주식, 부동산 투자를 해보면서 느낀점[20대 다재테크자 3부]",주식
무재테크자가 쉽게 아파트를 살 수 없는 이유[20대 다재테크자 2부],주식
1년 6개월만에 5채의 아파트를 사게 된 29살 청년[20대 다재테크자 1부],주식
30대 자영업자끼리 만나면 맨날 하는 부동산 이야기[ft.캡틴김상호],주식
군인이 위국헌신하며 관사에만 살면 ㅈ되는 이유[ft.캡틴김상호],주식
신축 아파트에 처음 살아본 22살 대학생의 생각[두산알프하임 4부],주식
21살에 아파트 산 대학생이 저축을 안하는 이유[두산알프하임 3부],주식
21살에 '8억 짜리 신축 아파트'를 사는 방법[두산알프하임 2부],주식
8억짜리 신축 아파트에 혼자사는 22세 대학생[두산알프하임 1부],주식
지금이라도 포기하지 말고 최소 5천만원이라도 모아야 하는 이유 [30대 적폐 3부],주식
전세살던 무재테크자가 '30억대 다재테크자'가 되는 과정[30대 적폐 2부],주식
수원 호매실에서 7억으로 살 수 있는 30평 아파트[30대 적폐 1부],주식
성동구 옥수동에 '강남 2세'들이 많이 사는 이유[옥수동 장점과 단점],주식
평균가격 20억' 아파트단지에 2년 거주중인 집주인 후기[래미안옥수리버젠 2부],주식
서울에 아파트 사서 '2년만에 5억'오른 집주인의 기분은 어떨까?,주식
서울 옥수동에서 17억으로 살 수 있는 24평 아파트[래미안옥수리버젠 1부],주식
평생 '전세'만 사는 사람들의 공통점[광명뉴타운 3부],주식
36년 된 집을 '5억' 이나 주고 산 29세 청년[광명뉴타운 2부],주식
"""월 350만원씩 저축 했어요"" 20.30이 저축에 미친 이유[광명뉴타운 1부]",주식
월세 500만원인 '강남 신혼집'을 소개합니다[강남빌라 3부],주식
저녁에만 볼 수 있는 강남 대치동의 '진풍경'[강남빌라 2부],주식
서울에서 자취하는 대학생들은 어떤 집에 살까?[중앙대학교 4부],주식
전교1등이 알려주는 학생때 공부를 잘해야 하는 이유[중앙대학교 3부],주식
전국 대학순위 7등'인 대학교 캠퍼스는 어떻게 생겼을까?[중앙대학교 2부],주식
서울에서 대학교 캠퍼스가 언덕에 있으면 겪는 괴로움[중앙대학교 1부],주식
"이사를 준비하면서 절대 ""그들"" 을 뽑지 않은 남자[ft.캡틴김상호]",주식
구축 아파트에 살다가 신축 아파트에서 살아보니 좋은 점[안산그랑시티자이 3부],주식
신축 아파트를 많이 지어야 하는 이유[안산그랑시티자이 2부],주식
월세 100만원' 신축 아파트에 사는 사업에 망한 30대 가장 [안산그랑시티자이 1부],주식
잘나가던 '육사출신' 소령이 37살에 전역할 수 있었던 이유[부동산 공부의 중요성],주식
1재테크자가 바라보는 부동산 정책의 가장 큰 문제점[신금호파크자이 2부],주식
성동구 옥수동' 별명이 뒷구정인 이유[신금호파크자이 1부],주식
서울에 아파트를 사고나면 보이는 것들[아파트 입지서열],주식
대한민국에서 30대가 '모닝' 타고 사업 하면 겪는 일,주식
30대 실거주자가 바라보는 서울 은평구의 '장.단점',주식
10억짜리 '서울 24평 신축 아파트'는 어떻게 생겼을까?[백련산파크자이 2부],주식
신축 아파트'가 비쌀 수 밖에 없는 이유[백련산파크자이 1부],주식
빌라 잘 못 투자해서 '매년 1천만원'씩 날리는 이유[부동산경매 3부],주식
노인들이 '반지하 빌라'에 거주하는 이유[부동산 경매2부],주식
코인과 주식보다 투자금을 모으기 가장 '확실하고 안전한' 방법[부동산 경매1부],주식
해병대 사령관이 '4스타 대장'으로 진급할 수 없는 이유,주식
폭락론자인 내가 '영끌해서 집'을 사게된 이유[20대 건물주 3부],주식
15억 주고 산 '복층으로 된 신혼집'을 소개합니다[20대 건물주 2부],주식
트럭기사에서 4년만에 17억 건물주가 된 28세 청년 이야기[20대 건물주 1부],주식
20.30대가 부모님 집에서 독립하기 매우 어려운 이유[원룸구하기 6부],주식
죽을만큼 최선을 다해 '돈을 모아야 하는 이유'[원룸구하기 5부],주식
취사병 출신이 본 현 육군 취사 시스템의 문제점[사단장 만난 썰],주식
20.30대가 '집 구할 때' 가장 많이 하는 실수[원룸구하기 4부],주식
서울에서 20.30대가 1억 이하로 들어갈 수 있는 원룸[원룸 구하기 3부],주식
현직 중개사가 알려주는 실패없는 집 구하기 '5가지 확인 사항',주식
사회초년생'이 서울에서 원룸전세 구하기[부동산 가기 전 보면 좋은영상],주식
29살에 전세 2.1억 신축 24평 아파트로 이사왔습니다[유튜버 중고차파괴자],주식
동탄이 아닌 '봉담읍' 대장 아파트 전세로 이사 간 이유[봉담 우방아이유쉘],주식
유튜브 구독자 31만명' 찍어보며 드는 생각[수원아파트 6부],주식
20대 실수요자가 바라보는 동탄1 신도시의 장.단점[수원아파트 5부],주식
무재테크자가 지금이라도 집을 사야 되는 이유[수원아파트 4부],주식
영끌해서 '6억 5천만원'인 자이 아파트를 안 산 이유[수원아파트 3부],주식
20대들이 '아파트' 때문에 잠에 들지 못 하는 이유[수원 아파트 2부],주식
”카푸어”로 전재산 날린 30대 가장이 '서울 아파트’ 사는 방법[황금대지 1부],주식
5천만원 '서울 아파트'로 '50억 건물주' 되는 법[은평구 원룸 4부],주식
20.30대가 멀어도 '서울 끝' 은평구로 가는 이유[은평구 원룸3부],주식
아파트'가 없어서 서러운 이유[은평구 원룸 2부],주식
서울특별시'에 우리가 아파트를 살 수 없는 이유[은평구 원룸1부],주식
빌라에서 '영끌해서 아파트'로 이사갔습니다.[수원아파트 1부],주식
강철부대 'UDT' 와 'SSU' 는 어떤 사람들이 가야해요? [SSU 5부],주식
바다에서 시신을 구조하면 생기는 일[SSU 4부],주식
SSU 출신 대원이 UDT를 동경하는 이유[SSU 3부],주식
강철부대 SSU '교육 수료율'이 가장 낮은 이유[SSU 2부],주식
강철부대 '해군 SSU' 로 참가한 유튜버 인터뷰 [SSU 1부],주식
20.30이 대한민국 집값을 보고 분노하는 이유[수도권아파트 6부],주식
1억' 이나 올랐는데도 집을 팔지 않은 이유[수도권아파트 5부],주식
20.30대에게 결혼을 추천하지 못하는 이유[수도권아파트 4부],주식
부모라면 공감할 수 밖에 없는 아파트에 대한 고집[수도권아파트 3부],주식
707 및 특전사가 '좋아하고 싫어하는' 리더 [707 특임단 5부],주식
돈도 없는데 '빌라'가 아닌 '아파트'를 고집하는 이유[수도권아파트 2부],주식
대한민국 30대 부부가 '전세'에서 '월세'로 변하는 과정[수도권아파트 1부],주식
로또에 당첨되도 살기 어려운 서울의 30평 아파트[서울원룸 5부],주식
돈 없을 때 들어갈 수 있는 '최고의 가성비' 반지하[서울원룸 4부],주식
지방사람이 본 서울 '전세 2억' 원룸 현실리뷰 [서울원룸 3부],주식
지방 아파트 전세 가격보다 비싼 서울 원룸[서울원룸 2부],주식
서울에서 20.30대가 들어갈 수 있는 현실적 원룸[서울원룸 1부],주식
국군 최정예 특수부대 공군 C.C.T에 선발된 여군,주식
리니지 집행검 보다 귀한 장군의 검 '삼정검',주식
준위' 와 '중위' 어떤 계급이 옳은 계급일까요?[국군 준위],주식
육군사관학교 출신 장교가 '4스타 대장'이 될 확률,주식
대한민국에서 '가장 인기많은' 아파트 브랜드 TOP10,주식
육사출신 3스타 장군이 '스스로' 목숨을 끊은 이유,주식
"특전사에게 '나이, 장비'가 전혀 중요하지 않은 이유 [707 특임단 4부]",주식
특전사가 '체력과 몸'이 좋아야만 하는 이유[707 특임단 3부],주식
강철부대 중 707에만 '여군'이 있는 이유[707 특임단 2부],주식
대한민국 1티어 특수부대 707 '선발 부터 전역'까지[707특임단 1부],주식
스타크래프트1 '테란 영웅 유닛' 군 계급의 모든 것,주식
스타크래프트 '테란 13개 유닛' 계급의 모든 것,주식
미군이 만들어 낸 베일에 싸인 괴물 '델타포스'의 모든 것,주식
충무공 이순신은 과연 장군이 몇살에 되었을까?[이순신 장군의 역대 계급],주식
장교 '전역 후 보험설계사'로 가실 분은 꼭 보세요[공군사관학교4부],주식
육.해.공' 사관학교 출신별 특징[공군사관학교 2부],주식
공사 출신 대위'가 보험설계사가 된 이유[공군사관학교 1부],주식
국군에서 가장 서열이 높은 '7명의 대장'에 대한 모든 것,주식
비육사 출신 최초 육군 참모총장 '남영신 대장' 의 모든것,주식
사람을 살리는 강철부대 ‘SSU’ ‘SART’의 모든 것[특수부대 4부],주식
정말 쉽게 알아보는 '미군의 29개 계급'체계,주식
육군 역사상 '단 7명'만 존재하는 ROTC 출신 대장,주식
상위 1%' 구성된 강철부대 '해병 수색대'의 모든 것[특수부대 3부],주식
707 / UDT 보다 더 되기 힘든 '공군특수부대 CCT'[특수부대 2부],주식
강철부대 ‘707 VS UDT’ 국군 최고의 특수부대는 어딜까?[특수부대 1부],주식
"30살 대위 전역 후 3년뒤의 삶, 아직 늦지 않은 이유",주식
"육군 사단장 출신 장군이 생각하는 대한민국 '안보', '북한' 그리고 '자주국방'[사단장 5부]",주식
육군 최초 '2스타 육군사관학교장'이 된 이유[사단장 4부],주식
회의 전 장군들이 모이면 가장 많이 하는 말[사단장 3부],주식
사단장의 예하 부대방문에 관한 모든 것[사단장 2부],주식
2스타까지 모두 '1차 진급'한 육사 출신 장군[사단장 1부],주식
"""지하갱도에 숨어도 죽는다"" 대한민국 공군의 정밀 타격능력 및 화력시현[군사무기 5부]",주식
공군장교 희망자들이 ‘제일 많이 물어보는 질문’[공군장교 2부],주식
내가 공군’학사장교’를 선택한 이유[공군장교 1부],주식
3사' 와 'ROTC' 누가 더 4스타(대장)을 많이 배출했을까?[1부 : 3사관학교],주식
전 세계가 인정'한 세계최강 대한민국 경전투공격기 FA-50[군사무기 4부],주식
해군장교가 생각하는 해군의 '장점' 과 '단점'[해군장교6부],주식
"남자라면 한번쯤 꼭 가보고 싶은 해군 특수부대, 잠수함[해군장교 5부]",주식
배 안타는 해군을 왜 '개꿀'이라고 해요? [해군장교 4부],주식
해군이 '꼰대' 라는 소리를 많이 듣는이유[해군장교 3부],주식
민간항공사'에서 가장 선호하는 장교[해군장교 2부],주식
육군과는 완전히 다른 사관학교 출신들의 '역차별'[해군장교 1부],주식
시험공부 어떻게 시작해야 할지 모르겠는 분은 꼭 보세요[공인중개사 시험1부],주식
적들이 가장 무서워하는 대한민국 '공군의 화력시범'[군사무기3부],주식
북한군의 주적은 어디에요? feat. 끝날때까지 끝난게 아니다[북한군 6부],주식
저는 이렇게 '탈북'을 성공할 수 있었습니다[북한군 5부],주식
북한이 미국과 전쟁해서 이길수 있다고 생각하는 이유[북한군 4부],주식
현 10명의 육군 ‘군단장’ 중 누가 진급을 할까요?,주식
"미군에만 존재'하는 대형 수송기 C-5, The Largest Aircraft in the U.S. Air Force[군사무기2부]",주식
북한군은 10년 동안 휴가 몇 번 나갈 수 있어요?[북한군 3부],주식
북한군은 몇 살에 '입대'해서 몇 살에 '전역'을 하나요?[북한군 2부],주식
북한군은 국군을 보며 무슨 생각을 해요?[북한군 1부],주식
"F-22, A-10, Elephant Walk 로 보는 미 공군이 '세계최강'인 이유 [군사무기1부]",주식
육군 '최강'의 군단과 '해체'될 군단은 어디일까?,주식
내 차 팔때 남보다 더 잘 파는 법[중고차 7부],주식
현 '그랜져 오너'가 알려주는 외제차의 가장 큰 문제점[중고차 6부],주식
중고차 사기 당했을 때 대처법[중고차 5부],주식
"중고차 살 때 절대 거래해서 안되는 말, 딜러[중고차 4부]",주식
국산차를 살때 고민할 필요가 없는 이유[중고차 3부],주식
자동차 살 때 꼭 선택해야 할 차량/색상/옵션[중고차2부],주식
당신은 '새차' 를 전혀 살 필요가 없습니다[중고차1부],주식
학군'과 '학사'장교의 차이점(육군 장교가 되는 방법),주식
당신이 ROTC를 선택해도 후회하지 않는 이유,주식
‘민간인’이 전투복을 입으면 이렇게 됩니다,주식
비'육사 출신이 '육사'출신을 이기는 법[3사관학교 4부],주식
장교를 꿈꾸는 사람은 '꼭 한 번쯤' 하는 고민[3사관학교 3부],주식
3사 출신이 말해주는 '3사관학교 생도'[3사관학교 2부],주식
육사가 아닌 '3사'를 선택한 이유[3사관학교 1부],주식
육군 몇 사단이 해체됐을까요?[사단 창설일&해체일],주식
"9년의 군 생활, 전역 후 나의 삶[육군사관학교 6부]",주식
육사의 '꽃길'을 포기하고 29살에 전역한 이유 / 미.육사가는법[육군사관학교5부],주식
눈물나게 힘든 육사의 '학년별' 훈련[육군사관학교 4부],주식
육사생도들도 연애할 수 있어요?[육군사관학교3부],주식
육사 졸업이 입학보다 빡센 이유[육군사관학교2부],주식
육사출신 최초'로 유튜브를 시작한 이유[육군사관학교 1부],주식
현 31명 '사단장'의 출신을 알아보자,주식
서경석을 통해 알아보는 ‘군 장교의 진급’ 시기,주식
우리 군과는 다른 '북한군 계급'체계[북한군 계급],주식
정말 쉽게 알수있는 '19개의 군 계급' 서열,주식
33명의 국군 ’중장’ 서열 1위는 누구일까?,주식
대한민국 군을 움직이는 '7명의 대장'(ft.국가의전서열),주식
우리가 몰랐던 '장군’되면 받는 혜택 10가지,주식
[군대썰]대통령 영부인께서 부대에 방문하셨습니다,주식
공군이 '양아치' 라는 소리를 듣는이유[공군사관학교 3부],주식
공군조종사들이 15년차에 전역하는 이유[공군사관학교 2부],주식
"공군장교, 조종사, 사관학교를 준비하는 분들은 꼭 보세요[공군사관학교 1부]",주식
육군 군가 1시간 동안 불러보았습니다 / Sing 'Korean war song' 1hour challenge,주식
21살에 최연소 육군 대위가 되는법,주식
미군' 과 '한국군'의 전투복 클라스 차이(전투복 던질까말까...),주식
죄송합니다. 전투복 착용으로 고발당하였습니다.,주식
7군단장 윤의철 중장의 1년 만에 교육사령관으로 보직 이동된 이유,주식
"육군 경례구호 ""충성!"" 말고 어떤게 있을까?",주식
(곰신필독!)군인 남자친구를 위한 센스있는 선물 추천,주식
그러니까 왜 '베레모'로 변경해서 이 고생을 사서하나?,주식
내가 장교를 그만둔 이유,주식
장교 임관반지 출신별 색깔이 다른데 무슨 의미일까?,주식
군대 '전역'과 '제대' 사용법 제대로 알려드립니다,주식
홍대 북한식 술집 국가보안법 위반 논란 : 가도 너무 갔다,주식
"양구, 화천 등 지역주민의 눈물나는 군인사랑 : 부대해체 반대이유",주식
6.25 참전용사 비하 논란에 대해 설명드립니다,주식
함박도 누구의 땅인지 정말 쉽게 설명드리겠습니다(10분 핵심요약),주식
"군인이 봉인 이유 : ""지역상권 활성화를 위해 병 휴대폰 사용 금지를 요구합니다""",주식
장교가 되고 싶은데 꼭 육사를 가야만 할까요?,주식
지소미아 10분 핵심요약하겠습니다. 내가 지소미아 파기에 반대하는 이유,주식
군대에서 장교들의 군번은 어떻게 부여 되는 걸까?,주식
[군대썰]소대장때 울었습니다,주식
중대장이 항상 실망하는 이유,주식
(러셀거탑)프로실망러 중대장 전격공개 : 중대장은 실망했다(ft.효자손),주식
군대에서 사람 한 명을 살렸습니다,주식
[군대SSUL]소대장때 징계 받을뻔한 썰,주식
누가 유승준에게 돌을 던지는가?,주식
공인중개사 시험 합격을 위한 교재 추천,주식
예비군훈련 가서 안보교육받다가 대대장에게 따졌습니다(vol.3 : 좌우대립),주식
예비군훈련 가서 안보교육받다가 대대장에게 따졌습니다(vol.2 : 대대장 답변),주식
군인이였던 제가 공인중개사 시험 3개월만에 합격했습니다.,주식
예비군훈련 가서 안보교육받다가 대대장에게 따졌습니다,주식
아침점호 할 때 병사 500명 앞에서 복무신조 까먹어서 못한 썰,주식
신임소대장 부대 적응 잘 하는 방법(초임장교 지침서),주식
병사 두발검사 22:00까지 해본 썰 + 육군두발규정,주식
구독자 4000명 군 유튜브 채널 첫 수입공개 + 구독자 5000명 이벤트,주식
6.25전쟁의 주범은 절대 중요하지 않습니다,주식
제가 생각하는 대한민국의 주적은 미국과 일본 입니다,주식
병사의 주적이 간부인 이유(반박불가),주식
"7군단장 보직해임 국민청원 논란, 누구의 잘못일까?",주식
전역 전에 말 놓다가 징계 받은 썰,주식
군대 간부들이 비겁한 이유,주식
장교생활 6년! 전역 후 2년간의 삶,주식
"공인중개사 1년차 연봉,수입 공개",주식
위대하신 국회의원 위병소 프리패스 안해줬다가 욕 먹은 썰,주식
실제로 북한군 만날'뻔' 했던 썰,주식
군 장학생(학사장교)의 장﹒단점,주식
병사 부대 내 개인 스마트폰 사용!,주식
"군대 작전장교, 행정장교 업무 썰(야근하는 이유)",주식
소대장이 자대배치 후 '아싸'가 되는 이유,주식
군대피부관리 이것만 하세요,주식
규정에도 없는 장교와 부사관의 관계,주식
직업군인이 돈을 모으지 못하는 이유,주식
ROTC로 전역하면 얼마나 모을수 있을까? (ft.보험의 유혹),주식
나이30살 장교생활 6년차! 내가 전역을 결심하게 된 이유?,주식
ROTC출신이 장기복무가 어려운 이유,주식
"ROTC출신 장교가 들려주는 ROTC의 장,단점",주식
[공인중개사 시험] 합격하려면 꼭 이 3가지만 명심하세요! | 러셀TV,주식
6년간 군 생활 후 30대에 전역한 대위가 들려주는 생생한 군 이야기!| 러셀TV,주식
공인중개사시험 이 3가지만 있으면 너두! 올해 합격할 수 있어! | 러셀TV,주식