title,club_main_category_id
걸그룹 ♬♡ 최신 노래 시원하게 말아줄게 ♬ M/V 4K 뮤비 노래 모음 플리 30곡 ♬♡,기타
걸그룹 ♬♡ 트리플에스 (tripleS) M/V 4K 뮤비 노래 모음 플리 10곡 ♬♡,기타
추억이 된 걸그룹 ♬♡ 여자친구 뮤비 노래 모음 플리 14곡 ♬♡ (재업로드),기타
미친 연습량 걸그룹 ♬♡ 퍼포먼스 비디오 노동요 ♬ M/V 4K 뮤비 노래 모음 플리 45곡 ♬♡,기타
걸그룹 트와이스 ♬♡ 솔로곡 포함 M/V 4K 뮤비 노래 모음 플리 26곡 ♬♡,기타
새로운 노래 ♬ 듣고 싶잖아? 걸그룹 노동요 ♬♡ 여돌 뮤비 노래 모음 플리 40곡 ♬♡,기타
M/V 4K 2024년 4월까지 최신 걸그룹 ♬♡ 여돌 뮤비 노래 모음 플리 37곡 ♬♡,기타
2세대 걸그룹 ♬♡ 여돌 전성기 노동요 다시 듣기 ♬ 뮤비 노래 모음 플리 45곡 ♬♡,기타
무료한 일상에 활력소 3-4세대 걸그룹 ♬♡ 랜덤 플레이 여돌 노동요 뮤비 노래 모음 플리 50곡 ♬♡,기타
M/V 4K 포근해지는 요즘 걸그룹 ♬♡ 노동요 여돌 뮤비 노래 모음 플리 30곡 ♬♡,기타
"에이트, SG워너비, 먼데이키즈, 디셈버 ♬ 노래 모음 플리 40곡 ♬",기타
요즘 걸그룹 노동요 ♬♡ 노래 너무 좋은데 들으러 와 M/V 4K 뮤비 노래 모음 플리 30곡 ♬♡,기타
갓 데뷔한 걸그룹 알고 싶어? M/V 4K 최신 걸그룹 노동요 ♬♡ 뮤비 노래 모음 플리 35곡 ♬♡,기타
추억이 된 2018년 베스트 히트송 ♬ 노래 모음 플리 70곡 ♬♡,기타
M/V 4K 2024년 3월까지 핫한 최신곡 걸그룹 ♬♡ 여돌 뮤비 노래 모음 플리 30곡 ♬♡,기타
핫걸 (여자)아이들 MLB 축하 공연 슈퍼레이디 & 톰보이 & 퀸카 - 서울 고척 스카이돔,기타
봄이면 생각날 봄에 어울리는 걸그룹 노동요 ♬♡ 여돌 뮤비 노래 모음 플리 35곡 ♬♡,기타
메이저리그 선수들도 넋 놓고 바라본 에스파 MLB 개막전 오픈 공연 드라마 & 넥스트 레벨 - 서울 고척 스카이돔,기타
청순한 매력 팡팡 청량 그 자체 걸그룹 노동요 ♬♡ 뮤비 노래 모음 플리 30곡 ♬♡ Ver.2,기타
레트로 느낌 시티팝 스타일 걸그룹 ♬♡ 여돌 뮤비 노래 모음 플리 30곡 ♬♡,기타
M/V 4K 청량한 매력 개쩌는 4세대 걸그룹 ♬♡ 뮤비 노래 모음 플리 43곡 ♬♡,기타
걸그룹 고인물이라면 아는 노래 아는 맛 4K는 덤 노동요 ♬♡ 여돌 뮤비 노래 모음 플리 40곡 ♬♡,기타
M/V 4K 핫한 걸그룹 ♬♡ 여돌 최신곡 다 모았다 노동요 뮤비 노래 모음 플리 30곡 ♬♡,기타
M/V 4K 2024년 2월까지 핫한 최신 걸그룹 ♬♡ 노동요 여돌 뮤비 노래 모음 플리 30곡 ♬♡,기타
기분 좋은 하루의 시작 걸그룹 ♬♡ 노동요 여돌 뮤비 노래 모음 플리 30곡 ♬♡,기타
걸그룹 블랙핑크 전곡 멤버 솔로 포함 ♬♡ M/V 4K 뮤비 노래 모음 플리 21곡 ♬♡,기타
오늘은 이거다! 2세대 걸그룹 ♬♡ 여돌 노동요 뮤비 노래 모음 플리 35곡 ♬♡,기타
M/V 4K 귀 호강 눈 호강 걸그룹 ♬♡ 노동요 뮤비 노래 모음 플리 32곡 ♬♡,기타
걸그룹 고인물이라면 쌉가능 걸그룹 ♬♡ 여돌 노동요 뮤비 노래 모음 플리 40곡 ♬♡,기타
M/V 4K 한 주의 시작은 걸그룹 ♬♡ 노동요 뮤비 노래 모음 플리 31곡 ♬♡,기타
걸그룹 아이브 (IVE) ♬♡ M/V 4K 뮤비 노래 플리 모음집 9곡 ♬♡,기타
M/V 4K 2023년의 마무리 걸그룹 ♬♡ 결산 여돌 뮤비 노래 모음 플리 50곡 ♬♡,기타
M/V 4K 2023년 12월 핫한 최신 걸그룹 노동요 ♬♡ 여돌 뮤비 노래 모음 플리 30곡 ♬♡,기타
청량한 매력 팡팡 청순 그 자체 걸그룹 노동요 ♬♡ 뮤비 노래 모음 플리 50곡 ♬♡ Ver.1,기타
M/V 4K 걸크러쉬 한 스푼 섹시 두 스푼 걸그룹 노동요 ♬♡ 여돌 뮤비 노래 모음 플리 31곡 ♬♡,기타
M/V 4K 고막 여친 걸그룹 노동요 ♬♡ 여돌 뮤비 노래 모음 플리 35곡 ♬♡,기타
크리스마스 캐롤 겨울시즌 걸그룹 노동요 ♬♡ 여돌 노래 모음 플리 43곡 ♬♡,기타
M/V 4K 2023년 11월 핫한 최신 걸그룹 노동요 ♬♡ 여돌 뮤비 노래 모음 플리 25곡 ♬♡,기타
레전드 걸그룹 투애니원 (2NE1) X 포미닛 (4minute) ♬♡ 노래 모음 플리 50곡♬♡,기타
들으면 기분 좋아지는 최신 걸그룹 노동요 ♬♡ 여돌 노래 모음 플리 40곡 ♬♡,기타
2010년대 걸그룹 노동요 ♬♡ 여돌 보컬 댄스 노래 모음 플리 57곡 ♬♡,기타
중독성 쩌는 걸그룹 노동요 ♬♡ 여돌 최신 노래 모음 플리 40곡 ♬,기타
M/V 4K 2023년 10월 핫한 최신 걸그룹 노동요 ♬♡ 여돌 뮤비 노래 모음 플리 30곡,기타
무를 주시오~! 마마무 (MAMAMOO) 노래 모음 플리 60곡 ♬♡,기타
성큼 다가온 가을 언제 들어도 좋은 2010년대 감성 발라드 히트곡 노래 모음 플리 100곡 ♬♡,기타
M/V 4K 2023년 9월 핫한 최신 걸그룹 노동요 ♬♡ 여돌 뮤비 노래 모음 플리 29곡 ♬♡,기타
M/V Love Lee 악동뮤지션 (AKMU) 뮤비 노래 모음 플리 19곡 ♬♡,기타
M/V 꾸준했던 걸그룹 전성기 현재 진행형 3세대 걸그룹 노동요 ♬♡ 여돌 뮤비 노래 모음 플리 46곡 ♬♡,기타
M/V 연기 노래 다되는 아이유 (IU) 뮤비 노래 모음 플리 27곡 ♬♡,기타
M/V 4K 2023 8월 핫한 최신 걸그룹 노동요 ♬♡ 여돌 뮤비 노래 모음 플리 30곡 ♬♡,기타
에스파 (aespa) Outside Lands 2023 라이브 영상,기타
뉴진스 롤라팔루자 시카고 12곡 라이브 풀영상,기타
댄스 연습 노래연습하는 3-4세대 걸그룹 ♬♡ M/V 4K 여돌 댄스 연습 Dance Practice 노래 모음 50곡 ♬♡,기타
M/V 4K 2023년 7월 핫한 여자아이돌 걸그룹 뮤비 노래 모음 플리 30곡 ♬♡,기타
도토리 시절 추억의 싸이월드 명곡 노래 모음 플리 63곡 ♬♡,기타
여름이면 이거지! 무더위 날려버리는 청량한 노래 모음 플리 135곡 ♬♡,기타
M/V 4K 2023년 6월 핫한 여돌 남돌 걸그룹 가수 뮤비 노래 모음 플리 39곡 ♬♡,기타
내가 듣고 싶어서 만든 솔로 여가수 여돌 노래 모음 플리 40곡 ♬♡,기타
귀여움 한 스푼 섹시 두 스푼 걸그룹 노동요 2 노래 모음 플리 30곡 ♬♡,기타
들어도 또 듣고 싶은 걸그룹 ♬♡ 노동요 노래 모음 플리 30곡 ♬♡,기타
M/V 4K 2023년 5월 핫한 여자아이돌 걸그룹 뮤비 노래 모음 플리 28곡 ♬♡,기타
다시 돌아온 카라 노래 모음 플리 40곡 ♬♡,기타
인피니트 리더 김성규 노래 모음 플리 23곡 ♬,기타
에스파 (aespa) ♬♡ 4K 뮤비 포함 전곡 노래 모음 플리 23곡 ♬♡,기타
M/V 4K 4세대 여돌 걸그룹 전성기 신곡까지 다 모았다 뮤비 노래 모음 플리 37곡 ♬♡,기타
M/V 4K 레드벨벳 (Red Velvet) 타이틀곡 뮤비 노래 모음 플리 22곡 ♬♡,기타
♬ 평온한 기타 피아노 음악 BGM ♬ 집중력 향상과 함께 마음에 평온을 주는 음악 ♬,기타
M/V 4K 2023년 4월 하반기 핫한 여자아이돌 걸그룹 뮤비 노래 모음 플리 41곡 ♬♡,기타
볼빨간 사춘기♬ BOL4 노래 모음 플리 50곡 ♬♡,기타
둠칫 둠칫 ♬ 어깨가 들썩이는 노동요 노래 모음 플리 50곡 ♬♡,기타
아이브 (IVE) 4K 뮤비 포함 전곡 노래 모음 플리 17곡 ♬♡,기타
M/V 4K 2023년 4월 상반기 핫한 여자아이돌 걸그룹 뮤비 노래 모음 플리 43곡 ♬♡,기타
M/V 4K 2023년 3월 핫한 최신 여자아이돌 걸그룹 뮤비 노래 모음 플리 25곡 ♬♡,기타
4세대 매력적인 아이돌이 너무 많다 우아! X 스테이씨 36곡 노래 모음 플리 ♬♡,기타
벚꽃의 계절 봄의 시작을 알리는 봄 노래 모음 플리 60곡 ♬♡,기타
독보적인 솔로 여가수 선미 X 청하 노래 모음 플리 40곡 ♬♡,기타
"케이팝 추억의 2017년도 히트, 베스트 송 50곡 노래 모음 플리 ♬♡ (연도별 기획)",기타
쓸쓸하고 찬란하神 도깨비 OST 16곡 노래 모음 플리 ♬♡ (전체 두 번 반복),기타
M/V 4K 걸그룹 아이브 뮤비 노래 모음 플리 ♬♡ (전체 세 번 반복),기타
M/V 4K 2023년 2월 핫한 최신 여자아이돌 걸그룹 뮤비 노래 모음 플리 23곡 ♬♡,기타
간지 폭발 지아코 지코 노래 모음 28곡 플리 ♬♡,기타
M/V 4K 2023년 1월 핫한 최신 걸그룹 여돌 남돌 뮤비 노래 모음 플리 20곡 ♬♡,기타
M/V 4K 요즘 핫한 4세대 걸그룹 뉴진스 뮤비 노래 모음 플리 6곡 ♬♡ (전체 네 번 반복),기타
2022년을 빛낸 케이팝 인기차트 노래 모음 플리 96곡 ♬♡ (연도별 기획),기타
요즘 핫한 4세대 걸그룹 르세라핌 노래 모음 플리 8곡 ♬♡ (전체 두 번 반복),기타
"M/V 솔로 여자 가수 정은지, 백예린, 권진아, 백아연 뮤비 모음 플리 27곡 ♬♡",기타
"고막 호강 솔로 가수 태연, 윤하, 거미, 린 노래 모음 플리 80곡 ♬♡",기타
M/V 4K 2022년 12월 핫한 최신 여자아이돌 걸그룹 뮤비 노래 모음 플리 26곡 ♬♡,기타
"추억의 1세대 아이돌 핑클, SES, HOT 노래 모음 플리 40곡 ♬♡",기타
M/V [가사 포함] 핫 한 최신 여자아이돌 걸그룹 뮤비 노래 모음 플리 10곡 ♬♡ (전체 두 번 반복),기타
청량하게 드라이브 시티팝 노래 모음 플리 47곡 ♬♡,기타
걸그룹 전성기 4세대 걸그룹 뮤비 모음 플리 32곡 파트 1 ♬♡,기타
2.5세대 걸그룹 노동요 ♬♡ 여돌 전성기 다시 듣기 뮤비 모음 플리 42곡 ♬♡,기타
요즘 힙하게 뜨고 있는 스트레이 키즈 (Stray Kids) 노래 모음 플리 22곡 ♬,기타
섹시와 큐트는 한 끗 차이 여자아이돌 걸그룹 뮤비 노래 모음 플리 25곡 ♬♡,기타
M/V 역주행 곡 역주행 추천곡 뮤비 노래 모음 플리 25곡 ♬♡,기타
M/V 4K 2022년 10월 핫한 최신 여자아이돌 걸그룹 뮤비 노래 모음 플리 23곡 ♬♡,기타
눈물 훔치면서 만든 추억의 2세대 걸그룹 히트 베스트 노래 모음 플리 170곡 ♬♡,기타
"M/V 핫한 최신곡 남돌, 여돌, 아이돌 뮤비 모음 플리 19곡 ♬♡",기타
그때 그 시절 세븐 노래 모음 플리 16곡 ♬ (전체 두 번 반복),기타
"내가 좋아하는 여자 솔로 가수 태연, 아이유, 케이시 노래 모음 플리 90곡 ♬♡",기타
"추억의 2009년도 히트송, 베스트 가요 노래 모음 플리 50곡 ♬♡ (연도별 기획)",기타
"M/V 2022년 9월 차트인 여돌, 남돌 뮤비 모음 플리 28곡 ♬♡",기타
레전드 R&B 그룹 빅마마 노래 모음 플리 47곡 ♬♡,기타
"잔잔한 사랑, 이별 노래 모음 플리 50곡 ♬",기타
월드클래스 방탄소년단 X 블랙핑크 노래 모음 플리 50곡 ♬♡,기타
"M/V 트와이스 - Talk that Talk, 아이브 - After LIKE, 블랙핑크 - Pink Venom, 뮤비 모음 플리 2HOUR ♬♡",기타
M/V 2022년 8월 BLACKPINK 'Pink Venom'외 27곡 최신 걸그룹 뮤비 모음 플리28곡 ♬♡,기타
걸그룹 전성기 앨범 노래 모음 플리 73곡 ♬♡,기타
M/V 뉴진스 'Attention'외 뮤비 노래 모음 플리 ♬♡ (6곡 전체 10번 반복),기타
"노동요, 드라이브, 여행, 운동, 행복하게 청량한 기운 감성 노래 모음 플리 54곡 ♬♡",기타
M/V 2022년 7월 핫한 최신 아이돌 뮤비 노래 모음 플리 30곡 ♬♡,기타
"추억의 2016년도 히트송, 베스트 가요 노래 모음 플리 50곡 ♬♥ (연도별 기획)",기타
OST BGM 인트로 ♬ 마음에 평온을 주는 음악 ♬ 브금 노래 모음 플리 37곡 ♬,기타
M/V 6월 핫한 최신 아이돌 걸그룹 뮤비 노래 모음 플리 18곡 ♬♡,기타
추억의 2014년도 히트 베스트 송 가요 노래 모음 플리 50곡 ♬♡ (연도별 기획),기타
"여름에 어울리는 노래 드라이브, 휴가, 여행 노래 모음 플리 45곡 ♬♥",기타
M/V 5월 걸그룹 전성기 핫한 여자아이돌 뮤비 모음 노래 플리 31곡 ♬♡,기타
추억의 2013년도 히트 베스트 송 가요 노래 모음 플리 50곡 ♬♡ (연도별 기획),기타
추억의 2012년도 베스트 히트 송 노래 모음 플리 50곡 ♬♡ (연도별 기획),기타
추억의 2011년도 히트 베스트송 가요 노래 모음 플리 50곡 ♬♡ (연도별 기획),기타
M/V 4월 걸그룹 여돌 남돌 뮤비 모음 플리 26곡♬♥ (마지막 두 곡은 추천곡),기타
M/V 3세대 여자아이돌 걸그룹 뮤비 노래 모음 플리 38곡 ♬♡,기타
노동요 드라이브 매장에서 지킴이 추천곡 노래 모음 플리 35곡 ♬♡,기타
청량하게 시티팝 스타일 노래 모음 플리 32곡 ♬♥,기타
봄 향기 물씬 나는 핑크빛 봄 음악 노래 모음 플리 59곡 ♬♡,기타
걸그룹 아이브 '러브 다이브' 2nd 싱글 앨범 노래 모음 플리 2곡 ♬♡ (1시간 연속 재생),기타
빅뱅 컴백 기념 플레이리스트 30곡 ♬ (추천곡),기타
M/V 3월 핫한 최신 여돌 남돌 걸그룹 뮤비 노래 모음 플리 27곡♬♥,기타
아이들 ((G)I-DLE) 정규 1집 'I NEVER DIE' 앨범 무손실 고음질 노래 모음 플리 8곡 ♬♡,기타
브레이브걸스 미니 6집 앨범 무손실 고음질 노래 모음 플리 5곡 ♬♥ (전체 세 번 반복),기타
M/V 독보적인 솔로 여가수 태연 뮤비 모음 플리 20곡 ♬♡,기타
"청량하고 신나는 여자 아이돌, 걸그룹 노래 모음 플리 31곡 ♬♡",기타
M/V 최신 핫 핫한 여자아이돌 걸그룹 뮤비 노래 모음 플리 25곡 ♬♡ (화질 개선 재업),기타
2021년을 빛낸 인기차트 베스트 송 노래 모음 플리 100곡 ♬♡ (연도별 기획),기타
솔로 여가수 태연 정규 3집 무손실 고음질 노래 모음 플리 13곡 ♬♥,기타
"추억의 2010년도 히트송, 베스트 가요 노래 모음 플리 59곡 ♬♡ (연도별 기획)",기타
환상의 듀오 부드러운 목소리 다비치 고음질 고음원 노래 모음 플리 72곡 ♬♥,기타
"내 취향, 들으면 팬이 되는 윤하 노래 모음 플리 75곡 ♬♡",기타
"그때 그 시절 빅뱅, 투애니원 노래 모음 플리 71곡 ♬♡",기타
[가사 포함] 솔로 여가수 아이유 겨울잠 4곡 외 추천곡 노래 모음 플리 15곡 ♬♡,기타
[가사 포함] 독보적인 목소리 소향 노래 모음 플리 ♬♡,기타
[가사 포함] 걸그룹 아이즈원 노래 모음 플리 ♬♥,기타
[가사 포함] 겨울 크리스마스 시즌엔 K캐롤 노래 모음 플리 ♬♡,기타
"[가사 포함] 남자 솔로, 남자 그룹 발라드 가수 노래 모음 플리 ♬",기타
[가사 포함] 솔로 여가수 보아 타이틀곡 노래 모음 플리 ♬♥,기타
리듬 타고 싶어지는 여자 래퍼 노래 모음 플리 ♬♡,기타
최고의 솔로 가수 아이유 노래 모음 플리 108곡 ♬♡,기타
"3세대 걸그룹 청량하게, 섹시하게, 귀엽게, 노동요 노래 모음 플리 ♬♡",기타
청량하게 드라이브 한국 시티 팝 (City Pop) 노래 모음 플리 ♬♡,기타
원스들의 트와이스 타이틀곡 노래 모음 플리 21곡 ♬♡,기타
"4세대 걸그룹 청량하게, 섹시하게, 귀엽게, 노동요 노래 모음 플리 ♬♡",기타
세계적인 걸그룹 블랙핑크 노래 모음 플리 24곡 ♬♡,기타
"솔로 여가수 발라드 알앤비 노래 모음 플리 36곡 ♬♡ (린, 박정현, 이영현, 임정희)",기타
최고의 발라드 엠씨더맥스 노래 모음 플리 37곡 ♬,기타
롤리 폴리 ~♬ 2세대 아이돌 티아라 (T-ARA) 노래 모음 플리 62곡 ♬♡,기타
"여름, 드라이브, 휴가 때 들으면 좋을 노래 모음 플리 43곡 ♬♡",기타
독보적인 퍼포먼스 인피니트 노래 모음 플리 82곡 ♬,기타
"1990년대 추억, 인기가요 노래 모음 플리 114곡 ♬",기타
2000년대 초 후반 인기가수 노래 모음 플리 ♬♥,기타
2시간 듣자 방탄소년단 Butter／Permission to Dance 노래 모음 플리 ♬,기타
그때 그 시절 에이트 노래 모음 플리 41곡 ♬,기타
"2.5세대 아이돌 걸그룹 청량하게, 섹시하게, 귀엽게, 노동요 노래 모음 플리 ♬♡",기타
악뮤 악동뮤지션 노래 모음 플리 33곡 ♬♡,기타
신나는 여름 음악 노래 모음 플리 78곡 ♬♡ 파트2,기타
남자 아이돌 세븐틴 노래 모음 플리 50곡 ♬,기타
"뱅뱅뱅 ~♬ 빅뱅 노래 모음 플리 30곡 ♬ (헤드셋, 이어폰 필수)",기타
"2세대 아이돌 걸그룹 청량하게, 섹시하게, 귀엽게, 노동요 노래 모음 플리 ♬♥",기타
여름이면 생각나는 신나는 여름 음악 노래 모음 플리 67곡 ♬♡,기타
레드벨벳 조이 노래 모음 플리 11곡 ♬♥ (전체 두 번 반복),기타
그때 그 시절 가요 배치기 X MC스나이퍼 노래 모음 플리 24곡 ♬,기타
솔로 여가수 헤이즈 노래 모음 플리 47곡 ♬♥,기타
3세대 걸그룹 오마이걸 노래 모음 플리 28곡 ♬♡,기타
"여름이면 생각나는 걸그룹 걸스데이, 시크릿, 씨스타 노래 모음 플리 25곡 ♬♡",기타
걸그룹 시티팝 스타일 노래 모음 플리 26곡 ♬♡,기타
봄의 시작 설레는 봄 음악 노래 모음 플리 25곡 ♬♡,기타
빛나는 목소리 태연 노래 모음 플리 59곡 ♬♥,기타
"투애니원 스타일 노래 모음 플리 23곡 ♬♥ (헤드셋, 이어폰 필수)",기타
1시간 듣자 아이유 내 손을 잡아 플리 ♬♥,기타
솔로 여가수 에이핑크 정은지 노래 모음 플리 30곡 ♬♥,기타
걸그룹 소녀시대 노래 모음 플리 47곡 ♬♡,기타
아미들의 방탄소년단 노래 모음 플리 63곡 ♬,기타
판다들의 에이핑크 노래 모음 플리 83곡 ♬♥,기타
원스들의 걸그룹 트와이스 노래 모음 플리 83곡 ♬♥,기타
버디의 여자친구 노래 모음 플리 81곡 ♬♥,기타
한국 시티팝 노래 모음 플리 16곡 ♬♥,기타
원스들의 트와이스 수록곡 노래 모음 플리 21곡 ♬♥,기타
천상의 목소리 소향 노래 모음 플리 23곡 ♬♥,기타