title,club_main_category_id
스파이더맨처럼 자유자재로 이동 가능한 신규 무기 '집라인건',성장·자기개발
2017년으로 돌아간 '배틀그라운드 클래식' 등장에 난리남 ㄷㄷ,성장·자기개발
너무 사기라 배그 개발자가 너프해버린 배그 총,성장·자기개발
국가권력급 무기 였던 배그총,성장·자기개발
역대급 레전드를 찍은 바다 존버,성장·자기개발
7년전 옵치 랭커의 오버워치2 배치고사 결과,성장·자기개발
배그 최초 아이언사이트가 더 좋은 배그 총,성장·자기개발
땅을 다 파버리는 배그 굴착기 등장,성장·자기개발
땅굴파기 업뎃으로 난리 난 배그 근황,성장·자기개발
7년전 오버워치 랭커가 지금 배치를 본다면?,성장·자기개발
역대급 관종 스킨이 등장한 배그ㅋㅋㅋㅋ,성장·자기개발
데미지 상향으로 괴물이 된 AK,성장·자기개발
몇년해도 보기 힘든 템을 처음 보스 잡고 먹어버린 유튜버,성장·자기개발
게임 시작 1달만에 결국 만나게 된 FPS 최강의 보스,성장·자기개발
마인크래프트처럼 땅굴을 팔수 있게 된 배틀그라운드,성장·자기개발
드디어 올게 왔구나..,성장·자기개발
1000만원이 넘는 아이템들이 전부 사라졌습니다,성장·자기개발
FPS 게임을 좋아한다면 꼭 해봐야 하는 끝판왕 게임,성장·자기개발
밸런스 조절 실패했다고 난리 난 오버워치 신캐 '벤처' 근황,성장·자기개발
뭔가 이상해진 배틀그라운드 근황;;,성장·자기개발
뉴비한테 풀무장 한 사람들을 권총으로 잡으라는 악마의 게임,성장·자기개발
배틀그라운드에 1000만원을 지른 유튜버,성장·자기개발
"출시 2주만에 이용자 1,000만명 돌파!! 글로벌 흥행 돌풍을 일으킨 게임",성장·자기개발
"7년만에 발견한 차량을 폭탄으로 만드는 신기술 (C4, 판처 아님)",성장·자기개발
극악 난이도 퀘스트가 난무 하는 미친 FPS 게임,성장·자기개발
유튜브 구독자 100만 달성 순간,성장·자기개발
차 1대를 처음부터 끝까지 지켜내고 우승하기,성장·자기개발
갑자기 사라진 이 유튜버를 찾습니다,성장·자기개발
머리가 3배로 커지고 재밌다고 난리 난 오버워치 근황ㅋㅋㅋㅋ,성장·자기개발
해외에서 난리 난 공포게임을 개그 게임으로 만들어버리는 바보들ㅋㅋㅋ,성장·자기개발
모든 배율을 사용해서 킬 하고 우승하기,성장·자기개발
결국 동접자 75만 돌파하며 스팀 1위 등극한 괴물 신작 게임,성장·자기개발
배그에서 제일 약한 저격총만 쓰고 우승하기,성장·자기개발
적과 아군이 구분되지 않는 신기한 게임,성장·자기개발
"예상치 못한 대흥행에 서버 마비, CEO가 그만 사라고 했는데도 스팀 1위 찍은 게임",성장·자기개발
이 게임 시작하고 2주째 밤새고 있습니다.. 살려줘,성장·자기개발
배그 6년 하면서 처음 겪어본 역대급 꿀잼엔딩,성장·자기개발
300만원 무기를 80만원으로 뽑아버린 유튜버,성장·자기개발
유튜버 미치게 하는 미션ㅋㅋㅋ 점프 할때마다 -1만원,성장·자기개발
1티어총을 처음 먹고 사람들 다 때려잡는 FPS 경력직 뉴비,성장·자기개발
[설날특집] 배틀그라운드 레전드편 몰아보기,성장·자기개발
배그 신기술 '태양권',성장·자기개발
죽으면 모든것을 잃는 극한의 생존 게임,성장·자기개발
권총 샷건(소드오프)만 쓰고 우승하기,성장·자기개발
출시하자마자 게임 순위 1위! 동접자만 210만명 달성한 신작 게임,성장·자기개발
배그 파트너 본계정 정지 사건,성장·자기개발
석궁만 쓰고 우승하기,성장·자기개발
돈이 생기고 팀원끼리 분란이 일어나기 시작한 배그,성장·자기개발
배그에서 제일 높은 철탑으로 자기장이 잡힌다면?,성장·자기개발
서울을 배경으로 만든 좀비 생존게임,성장·자기개발
운석 소환이 가능해진 배틀그라운드ㅋㅋㅋㅋ,성장·자기개발
새해부터 배그 상자깡 하다가 망한 사람,성장·자기개발
이제 상점에서 보급템을 살수 있다!? 작정하고 엄청난 변화를 시도중인 배틀그라운드,성장·자기개발
레전드는 만드는거지! 박격포만 쓰고 우승하기,성장·자기개발
수많은 스쿼드를 몰살 시킨 공포의 4인 존버,성장·자기개발
킬 할때마다 마이너스 -5만원,성장·자기개발
발로란트 대회 우승자와 함께 배치고사 보기,성장·자기개발
공사장만 털고 우승하기,성장·자기개발
배그가 공포게임 인 이유,성장·자기개발
네이버 치지직.. 생각보다 괜찮은데?,성장·자기개발
돌산 전쟁을 끝내버린 박격포,성장·자기개발
돌산이 전쟁터로 변해버린 배틀그라운드,성장·자기개발
3인칭 게임에서 1인칭으로 부캠 시작하고 우승하기,성장·자기개발
뭔가 이상한 신규 꽃 길리슈트,성장·자기개발
배그 역사에 남을법한 역대급 레전드,성장·자기개발
정식출시 첫날부터 동접자 20만명을 찍으며 대박 난 한국 FPS 신작 [더 파이널스],성장·자기개발
🔥SMG 신총을 AR급 성능으로 출시한 배그 ㄷㄷ '신총 JS9',성장·자기개발
스턴건 출시로 프라이팬 킬이 난무하는 배틀그라운드,성장·자기개발
맵 1칸만 털고 우승하기,성장·자기개발
🔥신규맵 출시하고 동접자 2배 떡상한 배틀그라운드,성장·자기개발
어디로 가야하나.. 트위치가 한국 서비스를 종료합니다,성장·자기개발
공중에서 권총으로 때려 잡는 배그 고인물들,성장·자기개발
익명의 제보로 새롭게 발견된 블랙 길리슈트 [배틀그라운드],성장·자기개발
풀강에 신규 크로마 뽑았더니 바로 너프 된 어그,성장·자기개발
스쿼드 전원이 드링크만 먹으며 우승 할수 있을까?,성장·자기개발
비밀 지하창고만 털고 우승하기,성장·자기개발
0.1% 확률로 드랍된다는 전설의 길리슈트 [배틀그라운드],성장·자기개발
FPS고인물이 발로란트에 적응하면 일어나는 일,성장·자기개발
배그 현존 최강 무기 어그.. 200만원으로 10강 완성했습니다,성장·자기개발
이러면 니가 뭘 할 수 있는데ㅋㅋㅋㅋ,성장·자기개발
배그 스킨이 400만원에 팔렸습니다,성장·자기개발
상향 패치후 사기총이 됐다며 난리 난 신총 드라구노프,성장·자기개발
충격적인 100만원 배그 상자깡 결과,성장·자기개발
배그 랭커가 발로란트 대회에 참가하면 일어나는 일,성장·자기개발
수백명의 시청자가 경악했던 미라마 링스 사건,성장·자기개발
수백명의 시청자가 빵 터진 천장 존버ㅋㅋㅋ 아무도 모름ㅋㅋㅋㅋ,성장·자기개발
오픈베타 시작부터 동접자 26만명을 찍으며 난리 난 한국 FPS 신작 [더 파이널스],성장·자기개발
성장형 무기 판매 끝나자마자 또 너프 시켜버린 배틀그라운드,성장·자기개발
한국인한테 인종차별 한 중국인의 최후ㅋㅋㅋㅋ [카운터 스트라이크2],성장·자기개발
배그 전설급 무기.. 3일만에 찾았습니다!!,성장·자기개발
🔥배그 자기장을 직접 소환 할 수 있다면?🔥건물 안에 있던 사람들 순삭 ㄷㄷ,성장·자기개발
샷건 시대에 하필 우지라고..?,성장·자기개발
들어가지 마세요.. 배그 KFC 매장은 지옥입니다,성장·자기개발
와.. 이게 배그라고? 너무 재밌어서 풀영상으로 올립니다!! [배그 좀비 모드 '굶주린 자들'],성장·자기개발
배그 KFC매장에 사람들 감금하는 미친 유튜버들ㅋㅋㅋㅋ,성장·자기개발
🔥대회에서 금지 당할수도 있는 박격포의 숨겨진 기능,성장·자기개발
🔥마지막 자기장에 KFC 치킨(구상)만 먹고 우승하기,성장·자기개발
연막탄 100개를 던져봤더니 사람들 다 튕김ㅋㅋㅋㅋ,성장·자기개발
배틀그라운드 X KFC 세트 먹방,성장·자기개발
출시하자마자 전세계 1위를 찍은 전설의 게임 '카운터 스트라이크2',성장·자기개발
신총 등장으로 새로워진 이론상 완벽한 조합ㅋㅋㅋ 조합 미쳤음 ㄷㄷ,성장·자기개발
🔥KFC x 배틀그라운드 콜라보🔥 배그 KFC 매장에서 음식 주문도 됨ㅋㅋㅋㅋ,성장·자기개발
연발로 쏘는 SR 이라고 난리 난 배그 신총 드라구노프,성장·자기개발
박격포 활용해서 세계대회 최다킬을 달성하고 우승한 대한민국!,성장·자기개발
실험하다가 배그 서버를 터트려 버렸습니다;; 운영자님 죄송합니다,성장·자기개발
🔥명절특집5🔥어몽어스 모드 레전드 모음 5편,성장·자기개발
🔥명절특집4🔥어몽어스 모드 레전드 모음 4편,성장·자기개발
🔥명절특집3🔥어몽어스 모드 레전드 모음 3편,성장·자기개발
🔥명절특집2🔥어몽어스 노란색 괴롭히기 레전드 모음 2편,성장·자기개발
🔥명절특집🔥 어몽어스 레전드 모음 1편,성장·자기개발
너무 사기라 배그가 바로 하향 해버린 역대급 사기총,성장·자기개발
혼자 남은 적한테 섬광탄 60개를 던져봤더니ㅋㅋㅋㅋㅋ,성장·자기개발
요즘 핫한 🔥100만원🔥짜리 키보드를 직접 써봤습니다,성장·자기개발
압도적인 실력 차이로 배그 세계대회를 우승한 대한민국!!,성장·자기개발
박격포에 이어 🔥장거리 미사일🔥까지 등장한 배그,성장·자기개발
🔥박격포 자🔥 4명이 같이 써봤더니 배그가 전쟁영화로 바뀜 ㄷㄷ,성장·자기개발
투명인간이 되는 투명 슈트가 등장한 배그,성장·자기개발
핵정지만 120번 당하고 배그 1위를 달성한 유저를 만나봤습니다,성장·자기개발
밸런스 패치 후 사기총이 된 신총 드라구노프,성장·자기개발
아이템들을 조합해서 오토바이 미사일을 만들어버린 배그 고인물들ㅋㅋㅋ,성장·자기개발
버그처럼 초반 반동이 사라지는 손잡이를 발견했습니다 ㄷㄷ 이걸 왜 몰랐지?,성장·자기개발
🔥명중률 100%🔥'박격포 자' 직접 만들어봤는데 첫판에 스쿼드 전멸 시킴 ㄷㄷ,성장·자기개발
자기장에 안들어가고 구상과 전파배낭으로만 우승 가능?,성장·자기개발
첫 대회참가! 전프로선수들 사이에서 에이스까지 해냈습니다!! [발로란트],성장·자기개발
대회에 박격포 등장 이후 난리 난 배그.. 사람들 전부 박격포 씀 ㄷㄷ,성장·자기개발
배그 최초로 삭제됐다가 밸런스 패치 후 다시 나온 배그 신총 드라구노프,성장·자기개발
3년만에 밝혀진 모신나강의 성능! SR 1티어는 모신나강이었습니다 ㄷㄷ,성장·자기개발
진짜 사기총은 뮤턴트 였습니다;; AUG 씹어먹는 뮤턴트 근황,성장·자기개발
슈퍼카로 낚시하다가 인성논란 생길뻔한 유튜버ㅋㅋㅋㅋ,성장·자기개발
버그 투성이 슈퍼카를 30만원에 판매한 배그,성장·자기개발
게임에서 한국인이 무서운 이유,성장·자기개발
총이 아닌 드론으로도 킬 할수 있게 된 배그,성장·자기개발
와.. 이래서 슈퍼카 타는 구나,성장·자기개발
🔥박격포 자🔥 등장으로 난리 난 배그 대회ㅋㅋㅋ 이정도면 불법 아님?ㅋㅋㅋ,성장·자기개발
현질하면 강해지는 심각한 배틀그라운드 근황,성장·자기개발
뭔가 이상해진 배틀그라운드,성장·자기개발
보급을 먹고 시작할수 있는 배틀그라운드 근황,성장·자기개발
처음 스킨 사봤는데 바로 핵의심 받음 ㄷㄷ 와.. 이래서 스킨 사는구나 [발로란트],성장·자기개발
설정 하나 바꿨을뿐인데 승률 100%로 다이아 승급 [발로란트],성장·자기개발
배그 하다가 인성논란 생길뻔한 유튜버,성장·자기개발
배그 미침ㅋㅋㅋ 랜덤으로 원샷 원킬 나는 로또 신총 등장,성장·자기개발
쓰자마자 20킬하고 바로 정지.. 운영자님 이거 패치 안하나요?,성장·자기개발
배틀그라운드 현대화 모드 플레이,성장·자기개발
너무 사기라서 배그가 처음으로 삭제 해버린 아이템,성장·자기개발
알려지면 안될까봐 고민하다가 올리는 개사기 존버 자리,성장·자기개발
고수들이 많다는 아시아서버 첫 배치고사 [발로란트],성장·자기개발
분명히 쉽고 재밌다고 했잖아....얽둽ㄴ러슘볻ㄱㅜㅇㄹㅂ점ㅎ룽ㅍ,성장·자기개발
5명 전부 저지만 써봤더니 상대팀 계속 항복함ㅋㅋㅋ 이래서 범죄구나ㅋㅋㅋㅋ,성장·자기개발
배그 최초 레전드 등급 샷건 등장,성장·자기개발
배그 플랫폼 매치!! 트위치 vs 아프리카TV [배틀그라운드],성장·자기개발
프로게이머분에게 제트 추천 받고 배워봤는데 첫판부터 MVP ㄷㄷ,성장·자기개발
배그에 서든어택 같은 C4 설치 모드가 나왔습니다!!,성장·자기개발
총기 4개를 사용할수 있게 된 배틀그라운드,성장·자기개발
신규캐릭 진짜 잘만드는 발로란트ㅋㅋㅋ 떡상하는 이유가 있네,성장·자기개발
요즘 난리 난 배그 개꿀잼 메타ㅋㅋㅋ 이거 해보셈 진짜 배그 개재밌음ㅋㅋㅋㅋ,성장·자기개발
유일하게 샷건 보급총이었던 DBS.. 패치 후 괴물총 됨;;,성장·자기개발
고수들이 모여 있다는 아시아서버! 시작합니다 [발로란트],성장·자기개발
수백명의 시청자가 경악한 역대급 SR 레전드편,성장·자기개발
사람들이 전부 샷건을 쓰는 배그 근황,성장·자기개발
적을 찾아내는 탐지기가 이제 기본템..? 배그 유니크 아이템 '블루칩 탐지기' 근황,성장·자기개발
운영자님.. 이래도 권총 패치 안하나요? 쓰기만 하면 정지 먹는다는 사기템 1위 권총,성장·자기개발
(개꿀잼)이제 배그 차 타면 안됨;; 스쿼드가 1방 전멸ㅋㅋㅋ 개꿀잼 메타 대전차병,성장·자기개발
FPS 10년차의 발로란트 배치고사 결과는?,성장·자기개발
와.. 찍자마자 바로 패치됨;; 팀원이 죽지 않는 불사신 메타,성장·자기개발
"와.. 미쳤다;; 적 위치를 파악할수 있는 배그 신규 직업 ""정찰병"" 등장",성장·자기개발
"""신규 전술장비 등장"" 하지만 나오자마자 사기템이라고 난리 남;;",성장·자기개발
와 진짜 개잘함;; 대회 개막전부터 에이스 했던 발로란트 프로 DRX Foxy9님 초대석! 그런데 이분 크흠..,성장·자기개발
배틀그라운드가 1년 넘게 방치 중인 심각한 사기템 ㄷㄷ 왜 패치를 안하지..?,성장·자기개발
"""와 이래서 프로게이머구나.."" 적들 위치를 미리 다 알고 있음 ㄷㄷ 프로게이머가 무서운 이유 [발로란트]",성장·자기개발
🔥떨어진 보급상자를 다시 날릴 수 있다!? 신기해서 사람들 다 쳐다봄ㅋㅋㅋ,성장·자기개발
"※충격※ 프라이팬으로 C4, 수류탄 모든것을 막을수 있다!! 6년만에 밝혀진 프라이팬의 비밀",성장·자기개발
1평집에 가두고 죽였더니 욕하는 중국인ㅋㅋㅋㅋ,성장·자기개발
배그에서 순간이동 할 수 있는 문을 찾아냈습니다 ㄷㄷ,성장·자기개발
너무 사기라 결국 너프 당한 배그 전설의 아이템,성장·자기개발
혼자서 스쿼드도 다 쓸어버릴수 있는 배그 사기템,성장·자기개발
너프가 돼도 보급총 씹어 먹는 배그 권총 근황,성장·자기개발
금칙어 말하면 지는게임ㅋㅋㅋ 심리전 지림 ㄷㄷ,성장·자기개발
패치 후 전투기가 된 글라이더 근황,성장·자기개발
처음 만난 유튜버한테 사기를 당했습니다 ㅡㅡ,성장·자기개발
원래 나와도 안먹던 총인데.. 뒤늦게 사기총 논란 중인 보급총 ㄷㄷ,성장·자기개발
골 때리는 배틀그라운드 보급 신총 근황ㅋㅋㅋ 이딴게 총..?,성장·자기개발
🔥수백명의 시청자가 경악한 부트캠프 번호사건,성장·자기개발
🔥한국인은 좀비겜으로 알고 있는 전세계 1위 게임이었던 전설의 FPS게임 카스,성장·자기개발
🔥5년 전에 구해둔 배그스킨이 500만원이 되었다.. 대박 ㄷㄷ,성장·자기개발
레벨 15인데 레디언트 소리 들음ㅋㅋㅋㅋ [발로란트],성장·자기개발
양심있게 큰집 하나만 파밍 하라길래 학교 파밍함ㅋㅋㅋㅋ,성장·자기개발
이제 죽어도 다시 살아날수 있다!! 배그 부활 시스템 업데이트,성장·자기개발
배그 사기템 논란으로 핫한 '블루칩 탐지기',성장·자기개발
미사일이 장착된 글라이더 근황 ㄷㄷ,성장·자기개발
배그 6년만에 처음 발견한 에임핵 막는방법,성장·자기개발
ㅌㅊㅇ 꽃게춤에 나왔던 그 꽃게로 하는 '게'임ㅋㅋㅋㅋ,성장·자기개발
와 뭐야 발로란트 왤케 재밌어,성장·자기개발
상상을 초월하는 배그 변태들 근황 ㄷㄷ,성장·자기개발
나오자마자 삭제되었던 배그 '전설급 아이템'이 다시 나왔습니다!,성장·자기개발
너무 높은 티어가 나와서 팀원들 전부 깜놀.. 핵의심까지 받음 ㄷㄷ [CS:GO 카스글옵],성장·자기개발
배그 사기템 논란중인 '비상호출',성장·자기개발
아군한테 트롤 할수 있는 신캐를 출시한 오버워치2ㅋㅋㅋ 이게 뭐야,성장·자기개발
사람들속에 숨어 있는 '진짜 에일리'를 찾아라!,성장·자기개발
(반전)새벽 3시에 만난 충격적인 바코드 스쿼드의 정체,성장·자기개발
랜덤듀오에서 아프리카TV BJ님을 만나버렸습니다ㅋㅋㅋㅋ,성장·자기개발
경력직 뉴비들에게 핵 쓰다가 개털리는 핵쟁이ㅋㅋㅋ 이래서 경력직 신입이 무서운거구나 [CS:GO 카스글옵],성장·자기개발
와이프랑 사고 싶던 명품티셔츠를 걸고 내기를 했습니다..,성장·자기개발
적들 계속 다 죽이니까 핵 의심하는 랜덤듀오분ㅋㅋㅋㅋ,성장·자기개발
부트캠프 다 죽이면 100만원,성장·자기개발
3년째 '다이소 마우스' 쓰던 배그 고수가 '게이밍 마우스'로 바꾼다면?,성장·자기개발
사기총 시절로 돌아왔다는 M16 근황,성장·자기개발
(몰카)정체를 숨기고 발로란트 불멸 여성유저와 1대1 붙었더니 반응이ㅋㅋㅋㅋ,성장·자기개발
(신기)물 뿌리면 더 좋아지는 신기한 다이소 마우스ㅋㅋㅋ 게임도 더 잘됨 뭐지? [배틀그라운드],성장·자기개발
전세계 1위 게임 CS:GO 첫판부터 프로냐고 극찬 받았습니다ㅋㅋㅋ (카스 글옵),성장·자기개발
1시간 게임 같이 했다가 여성분에게 데이트 신청 받음ㅋㅋㅋㅋ,성장·자기개발
배그 닉네임을 바꿔도 군림보를 알아볼까? (랜덤듀오),성장·자기개발
박격포 1발로 8킬 했더니 중국인이 한국어로 욕함ㅋㅋㅋㅋ,성장·자기개발
똥총이 된 200만원 M4를 결국..,성장·자기개발
😱배그가 미쳤다.. 핵을 직접 체험할수 있는 정식 모드가 나왔습니다,성장·자기개발
결국 2017년 사기총 시절로 돌아온 M16,성장·자기개발
(꿀잼)다이소 장비로 배그하는 고수 '라젠카'님한테서 연락이 왔습니다ㅋㅋㅋㅋ,성장·자기개발
잼민이 게임인 줄만 알았던 충격적인 로블록스 근황,성장·자기개발
어그 패치후 어그가 점령해버린 배틀그라운드 근황,성장·자기개발
(후기 추가)※최초캠방송※ 와이프 몰래 200만원짜리 신발 사서 하게 된 캠방,성장·자기개발
억울해서 방송 찾아오신 시청자분ㅋㅋㅋㅋㅋ,성장·자기개발
이 순간을 1년동안 기다렸다 주키니,성장·자기개발
자기장이 철탑으로 잡히면 일어나는 일 ㄷㄷㄷ,성장·자기개발
360hz 모니터로 발로란트를 해봤더니 ㄷㄷ,성장·자기개발
1달만에 200만원 M4를 똥총으로 만든 배틀그라운드.. 왜 그랬니ㅠㅠㅠ,성장·자기개발
"신총 파마스 진짜 미쳤습니다.. M4 , AUG는 똥총 이었음...",성장·자기개발
에일리.. 보고 있나?,성장·자기개발
배율이 한개도 안나왔는데요...?,성장·자기개발
꿀잼이라고 난리난 2D 배그 [배틀그라운드],성장·자기개발
(꿀팁) 배그를 지금보다 '더' 잘하고 싶다면 꼭 알아야하는 것,성장·자기개발
배그 5000시간 유저도 속이는 충격적인 배그 핵쟁이 근황,성장·자기개발
(개웃김) 일주일 내내 죽였던 '그'분과 만났습니다ㅋㅋㅋㅋ 장비도 다이소꺼 쓰심ㅋㅋㅋ,성장·자기개발
배추들고 공격하는 화제의 조선 GTAㅋㅋㅋㅋㅋ 진짜 이런겜 첨 봄ㅋㅋㅋㅋ,성장·자기개발
360hz 모니터로 배틀그라운드를 해봤더니 ㄷㄷ,성장·자기개발
M4를 똥총으로 만든 5탄 신총 'FAMAS' 등장!! M4의 시대는 끝났습니다..,성장·자기개발
총 보다 미사일로 싸우는 배틀그라운드 근황,성장·자기개발
상상을 초월하는 배그 고인물들 ㄷㄷ,성장·자기개발
핵쟁이를 주먹으로 잡았습니다,성장·자기개발
탕탕특공대.. 결국 현질함ㅋㅋㅋㅋㅋㅋㅋㅋ,성장·자기개발
핵쓰면 이런 느낌인가..? 사기템 논란중인 '열화상 스코프',성장·자기개발
이젠 돌 안에 사람이 들어가는 배그 근황 ㄷㄷ,성장·자기개발
레이더실만 털고 1등하기?.. 그런데 가방이 안나옴;;;,성장·자기개발
(꿀잼)일주일동안 계속 죽였더니 열받아서 귓말옴ㅋㅋㅋㅋ,성장·자기개발
탕탕특공대.. 시간가는줄 모르고 새벽 3시까지 함 ㄷㄷ 이거 왤케 재밌어,성장·자기개발
혼자 에일리 스킨 안샀는데 진짜 에일리가 찾아옴ㅋㅋㅋㅋ,성장·자기개발
곰이 사람들을 학살하는 충격적인 배그 근황,성장·자기개발
??? 방송에서 이 말 하신분 꼭 보세요,성장·자기개발
운영자가 못깨게 하려고 만든 헬난이도 좀비모드를 1시간 컷ㅋㅋㅋㅋ,성장·자기개발
이 댓글 쓰신분 진짜 꼭 보세요,성장·자기개발
탕탕특공대.. 광고 오지게 나와서 결국 못 참고 해봄,성장·자기개발
충격적인 새로운 핵 작업장 제보를 받았습니다..,성장·자기개발
마지막에 유튜버끼리 만나면 일어나는 일.mp4,성장·자기개발
이 사람 만나면 무조건 도망가세요! 아니면 저 처럼 당합니다..,성장·자기개발
피1 남은 방탄차 살려서 1등? 이게 되겠냐ㄱ... 어!?,성장·자기개발
글라이더 고라니,성장·자기개발
바봉어스가 되어버린 어몽어스 근황ㅋㅋㅋ,성장·자기개발
ㅋㅋㅋㅋ 이 댓글 쓰신분 꼭 보세요,성장·자기개발
보스 몬스터까지 나와버린 배틀그라운드 근황,성장·자기개발
생방송에서 이 채팅 쓰시고 배그 빡종 하신분 꼭 보세요,성장·자기개발
0.1mm 틈으로 죽여버리는 배그 고인물 근황,성장·자기개발
치킨 직전에 일어난 랜덤스쿼드 대참사,성장·자기개발
배그 프로게이머 90%가 사용한다는 숨겨진 세팅법,성장·자기개발
배틀그라운드 현실모드 플레이,성장·자기개발
돌잡이 미션인데 박격포..?,성장·자기개발
이 댓글 쓰신분 꼭 보세요,성장·자기개발
존버 고인물 잡는 배그 쌉고인물 근황,성장·자기개발
진짜 광고 오지게 떠서 해봤습니다,성장·자기개발
200만원 M4 실제로 써봤더니 ㅗㅜㅑ,성장·자기개발
어..?,성장·자기개발
10인 스쿼드 전부 돌잡이로 시작한다면?ㅋㅋㅋ 난 프라이팬 나옴ㅠ,성장·자기개발
고인물도 배린이가 되는 역대급 똥총,성장·자기개발
보급을 3개??,성장·자기개발
이펙트가 있는 역대급 M4 스킨 등장! 그런데 확률이...,성장·자기개발
공중에서 보급 먹는 방법,성장·자기개발
와.. 이게 되네ㅋㅋㅋ 토미건 141M 킬 본적 있는 사람?,성장·자기개발
배틀그라운드 공포게임 버전 등장,성장·자기개발
미션중에 튕긴 스트리머의 절규,성장·자기개발
카카오톡 생일 알람을 처음으로 켜봤더니 ㄷㄷ,성장·자기개발
핵쟁이를 계속 만나서 반가웠던 날🖐️,성장·자기개발
배그 미쳤네 ㄷㄷ 레드존 대신 등장한 토네이도.. 저기 휩쓸리면 살수 있나?..,성장·자기개발
와 판처가 개꿀잼이었네ㅋㅋㅋㅋ 소울웨폰 찾았다ㅋㅋㅋ,성장·자기개발
🔥배틀그라운드에 스킬이 나왔습니다!!,성장·자기개발
포브스 선정 🔥SR 하나로 배그 우승을 제일 많이한 사람🔥,성장·자기개발
🔥복귀전을 날아 들어가서 다 죽이고 살아 나오는 복귀전 침투 컨텐츠ㅋㅋㅋ,성장·자기개발
배그 20킬 이상 하는방법.mp4,성장·자기개발
C4 + 연막을 활용한 배그 신기술?,성장·자기개발
총 없이 수류탄만 쓰고 우승하기,성장·자기개발
와 이게 이렇게 어려운거 였어!? 죽인사람으로 템 바꾸는 메타몽 미션,성장·자기개발
난이도가 점점 ㄷㄷ 노뚝으로 자전거만 타고 우승하기,성장·자기개발
110만원 화염병 등장 ㄷㄷ,성장·자기개발
(반전) 연료통으로 인성질 하려던 사람의 최후ㅋㅋㅋ 바보 아니야?ㅋㅋㅋ,성장·자기개발
댓글 쓰신분 꼭 보세요,성장·자기개발
(진짜 레전드)와.. 섬광탄으로 킬을 할수 있습니다!! 이게 가능한거였구나..,성장·자기개발
편집자 입니다. 직접 보시고 판단 해봐주세요,성장·자기개발
요즘 유행 하는 전세계 1%만 성공했다는 게임,성장·자기개발
※최초공개※ 게임 안에 군림보가 나옵니다!!,성장·자기개발
배그 한지 1시간 된 남자친구ㅋㅋㅋㅋㅋ,성장·자기개발
방패를 이용해서 우승 하는방법,성장·자기개발
🔥해냈다!! 배그 운영자도 말도 안된다며 감탄한 프라이팬으로만 1등하기,성장·자기개발
보라색 연막탄 이용해서 우승하기ㅋㅋㅋㅋ,성장·자기개발
비켄디 무적 케이블카를 보급으로 막아봤더니ㅋㅋㅋㅋ,성장·자기개발
(개꿀잼) 역대급 똥총.. 윈체로 레전드 찍음ㅋㅋㅋㅋ,성장·자기개발
프라이팬으로만 우승하기,성장·자기개발
죽을고비 수 없이 넘기고 노뚝 노갑에.. 남은건 3명,성장·자기개발
도네 원기옥 ㄷㄷ 펀딩으로 만들어진 150만원 미션,성장·자기개발
MBTI는 과학이라던데.. 군림보의 MBTI(성격유형검사) 결과는?,성장·자기개발
모두가 죽었다고 했지만 반전에 또 반전 엔딩ㅋㅋㅋㅋ,성장·자기개발
자가제세동기는 2개씩 먹어야 하는 이유,성장·자기개발
어질어질한 강퇴 당한 시청자 채팅들ㅋㅋㅋㅋ,성장·자기개발
인성질 끝판왕ㅋㅋㅋ 길막해서 자기장으로 태워 죽이기,성장·자기개발
군림보.. 결혼 했습니다...,성장·자기개발
방패 진짜 완전 좋음ㅋㅋㅋ,성장·자기개발
시청자 모두가 빵터진 역대급 화염병 꿀잼 엔딩ㅋㅋㅋ,성장·자기개발
안녕하세요?ㅋㅋㅋㅋㅋ,성장·자기개발
한평집에 사람 가두고 괴롭히는 싸이코패스 유튜버ㅋㅋㅋㅋ,성장·자기개발
현재 트위치 배그 스트리머들이 난리 난 이유,성장·자기개발
방탄차 폭발 직전인데 못 내리는 이유ㅋㅋㅋㅋㅋㅋ,성장·자기개발
충격적인.. 배그 핵 작업장을 발견했습니다,성장·자기개발
한달만에 돌아왔는데 꿀잼 요소 다 막혀버린 데스턴 근황..,성장·자기개발
상향돼서 '진짜' 사기템이 된 방패 근황,성장·자기개발
맥라렌을 타야 하는 이유,성장·자기개발
펌프샷건 vs 핵쟁이,성장·자기개발
황당해서 말이 안나오는 배그 솔로 근황ㅋㅋㅋㅋ,성장·자기개발
??? : 그럼 뮤턴트 점사로 치킨시 미션이욬ㅋㅋㅋㅋㅋ,성장·자기개발
배그에서 제일 킹받는총ㅋㅋㅋㅋㅋㅋㅋ,성장·자기개발
핵 신고하려고 보니 군림보 였던 썰.mp4,성장·자기개발
200만원 미션에서 나온 역대급 개꿀잼 반전ㅋㅋㅋㅋ 이정도면 로또 사야겠는데?,성장·자기개발
인성질 미션중에 팬분이..ㅋㅋㅋㅋㅋㅋㅋ,성장·자기개발
패치로 인해 난리 난 충격적인 배그 권총 근황,성장·자기개발
이게 뭐야.. 내가 죽였던 사람이 살아나서 나를 공격한다고..?,성장·자기개발
충격적인 배그 운영자의 실체를 공개합니다,성장·자기개발
배그 개사기템이라는 최강 방패,성장·자기개발
수백명이 놀란 역대급 배그 엔딩,성장·자기개발
25만원짜리 UMP의 성능은 어떨까?,성장·자기개발
예??,성장·자기개발
유튜브에 저 박제하신 유튜버님 보세요,성장·자기개발
DMR 보다 더 좋아진 미쳐버린 M16 근황,성장·자기개발
현재 난리 난 오버워치2 상황,성장·자기개발
와.. 입소문나서 완전 떡상한 발로란트! 설마 1위까지..?,성장·자기개발
🔥와..대박.. 세계최초 수류탄 104M 킬!! 이게 되네????,성장·자기개발
시작부터 끝까지 계속 싸운다! 배틀로얄 유저들이 열광하는 게임 등장!! [SUPER PEOPLE],성장·자기개발
오버워치2에서 40킬 넘게 때려박는 4시즌 랭커 캐서디! 나.. 아직 괜찮네?,성장·자기개발
(꿀잼) 샌드박스에서 게임까지 만들었다고!?? 뭐야.. 근데 왜 재밌어?? [공포의 술래잡기],성장·자기개발
운영자님 있는데 나타난 핵쟁이의 최후ㅋㅋㅋㅋ,성장·자기개발
방송에서 저한테 인성질 하신 배그 유튜버님 보세요,성장·자기개발
(소름) 배그 실제 원본들을 찾아봤더니 신기한거 완전 많음 ㄷㄷ 대박 무한도전 버스였다니..,성장·자기개발
남자라면 누구나 좋아할 목소리를 가진 여성분.. 알고보니 유튜버!?,성장·자기개발
접속대기만 2만명! 출시하자마자 대박 난 오버워치2 근황,성장·자기개발
前배그1위가 발로란트를 해본다면?,성장·자기개발
석궁 최고 기록을 갱신 했습니다!!,성장·자기개발
자기장 들어갈수 있는 길이 딱 하나! 자기장이 만들어준 레전드 터널통곡,성장·자기개발
너무 쎈 탄 제한총! P90 200발과 AWM 10발로 몇킬까지 가능할까?,성장·자기개발
前배그1위들이 오프라인 합방을 하면 일어나는 일ㅋㅋㅋㅋ,성장·자기개발
방송 10년만에 처음으로 합방을 했습니다 [배틀그라운드],성장·자기개발
나오자마자 너프 확정! 이러니까 너프 먹지 ㄷㄷ 배그도 인정한 밸붕템 '블루칩 탐지기',성장·자기개발
진짜 핵쟁이도 때려잡고 우승해버림ㅋㅋㅋㅋ 이 금액이면 핵도 안되지~,성장·자기개발
한때 게임순위 1위였던 오버워치가 서비스 종료라니..,성장·자기개발
존버는 승리한다? 풉ㅋㅋㅋ 존버 찾아내서 죽이는 아이템 등장!! 이래도 존버 할래?ㅋㅋㅋ,성장·자기개발
이렇게 쓰면 무적인데 푸드트럭.. 괜찮은건가?ㅋㅋㅋ,성장·자기개발
와.. 얼마나 재밌길래 피시방 게임순위 역주행 중인 갓겜 ㄷㄷ,성장·자기개발
이론상 완벽한 개사기 조합! 이 조합이면 진짜 핵신고 당해도 인정해야댐ㅋㅋㅋ,성장·자기개발
다 죽이라는 하늘의 뜻인가ㅋㅋㅋ P90을 연속 3판 먹으면 일어나는 일,성장·자기개발
이러면 임포를 어떻게 해ㅋㅋㅋ 시민 색깔 전부 기억해서 임포 잡아내는 돌아온 추리의 신,성장·자기개발
근데 내가 해냄ㅋㅋㅋ AWM 하나만 쓰는 리얼 헬난이도 미션,성장·자기개발
3년째 안고쳐진 무적 자리로 바로 치킨 먹음ㅋㅋㅋ 운영자님 3년째 안고친거면 쓰라고 놔둔거 맞죠!?,성장·자기개발
P90 탄을 200발 밖에 주지 않는 이유!? 이러니 탄을 200발 밖에 안주지ㅋㅋㅋ,성장·자기개발
배그 핵을 사용해봤습니다,성장·자기개발
와.. 이제는 보안키 없이 보안방 먹는사람까지 등장 ㄷㄷ,성장·자기개발
운영자님 죄송합니다.. 또 찾았어요ㅋㅋㅋ 이제 보급템 먹고 시작하세요^^,성장·자기개발
오랜만에 왔는데 4연 퍼블을 시켜!? 이제 내 차례다,성장·자기개발
욕하는 중국인 참교육 해버리기ㅋㅋㅋㅋ,성장·자기개발
??? : 경쟁전1위 잡으면 40만원! 콜?,성장·자기개발
[배그] 김블루 네 이놈! 아직 이것도 모르는게냐 ( 김블루 배그 꿀팁 알려주기ㅋㅋㅋㅋ ),성장·자기개발
여기서 뭐하세요?ㅋㅋㅋㅋㅋ개웃김ㅋㅋㅋㅋ,성장·자기개발
출시 5일만에 스팀 1위!! 한국에서 만든 FPS ㄷㄷ 요즘 이 게임에 푹 빠졌다..,성장·자기개발
슈퍼카 맥라렌을 샀습니다,성장·자기개발
🔥배그 대회에서 명장면 찍었다!! 수백명이 모두 놀란 대회 명장면!!,성장·자기개발
신맵에서 보급 최강조합을 먹었더니ㅋㅋㅋ 이게 배그지~,성장·자기개발
배그 할때 가장 짜증나는 순간 월드컵ㅋㅋㅋ 아.. PTSD 온다....,성장·자기개발
같이 쓰면 완전 사기가 되는 신규 사기템 조합,성장·자기개발
배그 운영자님도 깜놀ㅋㅋㅋ 배그 탐험가가 알아낸 비밀의 방 들어가는 비밀루트!!,성장·자기개발
첫판부터 비명 지른 똥총 챌린지 두번째 손님 김블루ㅋㅋㅋ앜ㅋㅋ,성장·자기개발
주키니님과 함께 상금 1억 대회에 참가했습니다,성장·자기개발
차가.. 이래도 돼?? 총 보다 더 좋은 사기차 '필라' 이정도면 배그에서 실수로 출시 한거 같은데..?,성장·자기개발
와.. 마우스 버튼만 바꿨을뿐인데 게임이 이렇게 어려워진다고??,성장·자기개발
와.. 미친.. 다 죽이고 있는데 게임 끝날때까지 어딘지 아무도 모르네.. 핵인줄 알고 다 신고할듯 ㄷㄷ 레전드,성장·자기개발
처음 미국 갔다가 입국심사에서 잡혀갈뻔 했다ㅠㅠㅠㅋㅋㅋㅋ,성장·자기개발
방송시작부터 걸린 100만원 미션 ㄷㄷ,성장·자기개발
IQ200 천재가 알아낸 비밀의방 들어가는 새로운 루트 (낙하산 아님),성장·자기개발
네이마르 죽이려고 단합해서 단체로 몰려가는 전세계 배그 파트너들ㅋㅋㅋ 네이마루형.. 이거 축구 아니다?ㅋㅋㅋㅋ,성장·자기개발
경쟁전 1위에게 똥총 하나만 써달라고 했더니 쓰다가 비명 지르심ㅋㅋㅋ 명불허전 개똥총 윈체,성장·자기개발
이거 보면 무조건 MG3 쓴다!! 단 하나만 바꿨을뿐인데 사기총이 되는 MG3 ㄷㄷ,성장·자기개발
돌잡이의 끝은 어디인가.. 처음 본 파츠로 총을 정하는 파츠 돌잡이,성장·자기개발
AR급 성능에 무반동으로 나온 개사기 SMG 신총 MP9,성장·자기개발
배그 역사상 최고의 사기템 등장! 적 위치를 알려주는 '블루칩 탐지기',성장·자기개발
똥총 인줄 알았는데 써보니까 개사기 권총이었어 ㄷㄷ 미라마전용 권총 R45,성장·자기개발
신맵 데스턴을 보급총으로 시작하는 보안방 돌잡이!! AWM만 아니면 된다....,성장·자기개발
3년만에 다시 도전한 리볼버 미션.. 완전 달라졌다!? ( 포니X ),성장·자기개발
보안 키 카드.. 몇 개나 먹을 수 있는지 도전해 봤습니다,성장·자기개발
배그에서 제일 좋은 무기는 뭘까?? (배그 전1위가 생각하는 배그 최강무기는?),성장·자기개발
한국 대표로 🔥찐 네이마르🔥를 만났습니다!! 몸값만 3000억인 축신 네이마루 ㄷㄷ,성장·자기개발
무적 존버자리ㅋㅋㅋ 공수부대처럼 낙하산 타고 침투하는 타워 존버,성장·자기개발
신맵 데스턴 🔥보안키 꿀파밍 지역🔥 여기로 가면 보급템 먹고 시작 가능!,성장·자기개발
배그 최초! 반동 제어가 불가능 한 총.. 그러나 데미지는 역대 최강!!,성장·자기개발
설마 아직도 DMR 쓰니?,성장·자기개발
이게.. 가능한 미션인가요..?,성장·자기개발
배그 5년만에 처음 시도해보는 석궁 하나로 우승하기,성장·자기개발
돌잡이 최종판! 처음 본 시체에 있는 총을 써야하는 시체 돌잡이,성장·자기개발
신맵에 등장한 🔥절대 먹을수 없는 보급상자🔥 ㄷㄷ 운영자님 이게 뭐죠..,성장·자기개발
이젠 하다하다 소드오프 하나로 1등을 어떻... 어!?!?,성장·자기개발
만나면 전부 1방컷ㅋㅋㅋ 마주치면 죽는 배그 최종병기,성장·자기개발
해외에서 걸어주신 대박 미션 ㄷㄷㄷ,성장·자기개발
🔥(역대급) 미션기간만 3달!! '링스'로 끝낸 역대급 레전드 미션🔥,성장·자기개발
링스 때문에 보급에 미쳐버린 사람..,성장·자기개발
하늘에서 습격하는 배그 공중폭격기ㅋㅋㅋ,성장·자기개발
1평집 3개만 파밍하고 1등이요?? ㅁㅊㅋㅋㅋㅋ,성장·자기개발
VSS vs 그로자,성장·자기개발
총 쏠때마다 모니터가 흔들리는 역대급 신총 O12ㅋㅋㅋ 이게 뭐야,성장·자기개발
🔥역대급 배그신맵🔥 미래형 신맵 '데스턴' 업데이트 ㄷㄷ 비밀의 방까지 찾아냈다!!,성장·자기개발
총이 아닌 검으로 싸우는 100인 배틀로얄 신작 등장!,성장·자기개발
링스.. 이제 너만 남았다! 총알 10발만 주는 링스 하나로 우승하기,성장·자기개발
514914784일만에 하는 흐린맵.. 재밌네??,성장·자기개발
신총 ACE가 사기가 되는 ACE 3배율 조합,성장·자기개발
※주의※ 🔥배그 유튜버분들은 클릭하지 마세요🔥,성장·자기개발
똥총으로 오해받는 단발 사기총 뮤턴트,성장·자기개발
자가제세동기를 이렇게 사용할수도 있습니다ㅋㅋㅋㅋ,성장·자기개발
핵쟁이 덕(?)분에 미션 금액 160만원ㅋㅋㅋ,성장·자기개발
솔로 최다 딜량 기록 깨기,성장·자기개발
너 납치된거야,성장·자기개발
지나가는데 총 쏘면 다 맞음 ㅁㅊ,성장·자기개발
배그 5년 하면서 제일 어려운 미션.. 2주 동안 성공 못함.. 이게 가능한가ㅜㅜ,성장·자기개발
와 이제는 탱크라니,성장·자기개발
세상에서 제일 잔인한 미션,성장·자기개발
2000시간 줘야 할만큼 어려웠던 역대급 헬난이도 미션 ㄷㄷ,성장·자기개발
일부러 안죽이고 계속 때리기만 해봤더니ㅋㅋㅋㅋ,성장·자기개발
배그천재가 알아낸 개꿀잼 5전파가방 뉴메타ㅋㅋㅋ 이게 되네?ㅋㅋㅋ,성장·자기개발
이론상 완벽한 또 다른 조합ㅋㅋㅋ 직접 써봤더니 와우..,성장·자기개발
많이 기다렸지?.. 돌아온 정치왕 임포스터 【어몽어스】,성장·자기개발
총알 딱 10발만 주는 최강 보급총 🔥링스🔥 방탄차도 뚫음 ㄷㄷㄷ,성장·자기개발
이렇게 사용하면 AR보다 SMG가 더 좋습니다 ㄷㄷㄷ,성장·자기개발
이제 배그는 총기 반동 안잡아도 된다니까! 봐봐요 내 말 맞잖아,성장·자기개발
차를 막을수 있는 바리케이드 등장! 아무것도 못지나감ㅋㅋㅋ,성장·자기개발
버그쓰는 중국인 참교육했는데 영구정지까지 당함ㅋㅋㅋ 해피엔딩^^,성장·자기개발
스파이크 트랩 썼다가 포니 6대 박살낸 사연..,성장·자기개발
플레어건을 2개 먹으면 일어나는 일 ㄷㄷㄷ 대박,성장·자기개발
부트캠프에서 일어난 학살사건ㅋㅋㅋ,성장·자기개발
이 미션이 어렵다면 당신은 배그 고수입니다,성장·자기개발
🔥이 거리를 한방에!?🔥 배그에 저격수가 있다면 딱 이거지!,성장·자기개발
반동 패치로 진짜 사기총이 된 Mk12 근황,성장·자기개발
논란의 영상 공개합니다,성장·자기개발
데미지 상향 패치로 DMR 1티어가 된 미니 근황,성장·자기개발
총기 반동 조절이 필요 없어진 배틀그라운드 근황,성장·자기개발
왕년 배그 국민조합을 지금 써봤더니.. 오!!??,성장·자기개발
요즘 다들 이 무기조합 들고 있음 ㄷㄷㄷ,성장·자기개발
(레전드) 세계 최초로 박격포 오토바이 리드샷 성공!! 대박 ㄷㄷㄷ,성장·자기개발
부트캠프 복귀 기념! 부캠 5분 동안 킬당 5만원 ㄱㄱㄱ,성장·자기개발
배그 5년하면서 처음해보는 플레어건 돌잡이!,성장·자기개발
(대박) 기적처럼 살아나서 복수하는 레전드 영상ㅋㅋㅋ,성장·자기개발
샷건 중에 유일하게 보급총 이었던 샷건의 왕 DBS,성장·자기개발
와.. 베릴 2000킬 달성했습니다!!!!,성장·자기개발
드디어 나온 배그 1:1 모드ㅋㅋㅋ 배그 맞짱 뜨쉴?,성장·자기개발
운전석 힐템 패치로 개사기가 된 메타ㅋㅋㅋ 이제 어떻게 막냐,성장·자기개발
배그하면서 처음해본 펌프샷건 리드샷 ㄷㄷㄷ,성장·자기개발
33 헤드샷을 기록한 역대급 레전드판,성장·자기개발
만능 보급총 Mk14가 사기인 이유,성장·자기개발
갑자기 나타난 사람들에 운영자님까지 등판 ㄷㄷ 무슨일이야 이게,성장·자기개발
언제 내려올거야 ㅁㄴ어라ㅣㅂㅈ더ㅏㅣㄱ섭ㅈ더ㅏㅣㅁㄹㄴ어ㅏㅣ,성장·자기개발
배그 5년 하면서 처음 보는 역대급 꿀잼 엔딩ㅋㅋㅋㅋ,성장·자기개발
바다에서 보급을 지키는 해적왕 메타ㅋㅋㅋ,성장·자기개발
배그 최초로 한국어 스킨 출시 (with. 김블루),성장·자기개발
우리가 아는 슈퍼 히어로들이 전부 나오는 신작 게임!,성장·자기개발
9탄을 1000발 들었더니 게임 터짐ㅋㅋㅋㅋ,성장·자기개발
M24 한자루만 들고 치킨을 먹으라고..?,성장·자기개발
이 총들이 원래 보급총 이었던거 알고 계시나요?,성장·자기개발
1대도 보기힘든 방탄차를 2대로 티밍하는 변태들 ㄷㄷ,성장·자기개발
방송 역사상 역대급 미션중에 극대노ㅋㅋㅋ 어떻게 이럴수가..,성장·자기개발
5년만에 알아낸 AWM의 숨겨진 비밀 ㄷㄷㄷ,성장·자기개발
P90 탄을 400발 먹으면 일어나는 일ㅋㅋㅋ 미쳤음 진짜,성장·자기개발
총알 단 20발.. AWM 하나로 레전드 찍었다!,성장·자기개발
P1911 권총으로도 이게 가능하구나..,성장·자기개발
핵쟁이한테 반응하는 '핵방지 프라이팬',성장·자기개발
이 미션 누가 생각했냐.. ㅁㄴ어ㅏㅣㅂㅈㄱ다ㅣㅓㅁ,성장·자기개발
답은 홀로그램이었다.,성장·자기개발
소름돋는 포니 존버맨들 근황 ㄷㄷㄷ,성장·자기개발
주총 ACE32로 바꿉니다,성장·자기개발
30만원이 걸린 레전드 구상싸움,성장·자기개발
50만원이 걸린 비밀의 방..,성장·자기개발
AWM 15배율 라이딩샷.. 본적 있어?,성장·자기개발
신규총이라고 너무 좋게 만들어놨는데..?,성장·자기개발
저 베릴 1900킬인데ㅋㅋㅋㅋ,성장·자기개발
선물이요^^ ㅋㅋㅋㅋ,성장·자기개발
보급 돌잡이인데... 1.5km...?,성장·자기개발
7탄이 50발 밖에 안들어지는데요..?,성장·자기개발
Y자에만 100명 떨어지는 부트캠프 근황,성장·자기개발
차를 점프로 피해버리는 미친 피지컬 ㄷㄷ 이게 가능하구나..,성장·자기개발
드디어.. 5년만에 성공한 레전드 미션,성장·자기개발
배그에는 어떤 캐릭터가 더 많을까?,성장·자기개발
배그 5년만에 최다 데미지 달성!,성장·자기개발
8분만에 일어난 일 ㄷㄷㄷ,성장·자기개발
우지 단발로 어떻게 하라ㄱ... 킬당 20만원이요!??!?,성장·자기개발
UI 다 꺼도 이 총만 있으면 상관 없지,성장·자기개발
아직 '차' 남았다ㅋㅋㅋㅋ 이것도 너프 해보쉴..?,성장·자기개발
전술가방 이렇게 쓰니까 진짜 개사기템 ㄷㄷㄷ,성장·자기개발
핵인줄 알았다가 아이디보고 방송찾아옴ㅋㅋㅋ,성장·자기개발
홍진호 미션? 홍진호 미션?,성장·자기개발
요즘 유행하는 포니존버ㅋㅋㅋ 와 진짜 아무도 모르네ㅋㅋㅋㅋ 개꿀잼,성장·자기개발
오류지역에서 나온 똥총으로 레전드 탄생 ㄷㄷㄷ,성장·자기개발
돌잡이에서 3판 연속 같은총이 나올 확률은?,성장·자기개발
한방에 반피 날아가는 미친 권총,성장·자기개발
이 미션 누가 생각한거야 ㅁㅊ,성장·자기개발
석궁으로 최다킬 도전!,성장·자기개발
"진짜 사기템은 ""전술 가방"" 이었다! 핵쟁이까지 정의구현 ㄷㄷ",성장·자기개발
돌잡이 최악의 난이도 M24.. 가능할ㄲ.. 어!??,성장·자기개발
배율 없이 아이언 사이트면 킬 못할거 같아요?ㅋㅋㅋㅋ,성장·자기개발
적의 위치와 거리를 알수 있는 현대화 장비 등장!! 이런게 나와도 되나..?,성장·자기개발
자가제세동기가 계속 나오는곳 발견!! 여기로 가세요 ㄱㄱ,성장·자기개발
스피드핵을 프라이팬 던져서 죽임ㅋㅋㅋ 대박,성장·자기개발
소주 10병 드시고 미션을 계속ㅋㅋㅋ 개꿀,성장·자기개발
사이가에 200만원이 걸렸다!!!!,성장·자기개발
자가제세동기로 핵쟁이 정의구현ㅋㅋㅋㅋ,성장·자기개발
첫템으로 비밀 열쇠가 나오면 일어나는 일,성장·자기개발
석궁으로 만든 레전드 ㄷㄷㄷ,성장·자기개발
SR로는 헤드샷만 해야하는 미션! 미션 난이도 미쳤고 ㄷㄷㄷ,성장·자기개발
글록과 M4를 함께 써봤더니.. 이게 답 이었나?,성장·자기개발
나한테 이기면 닌텐도 준다고 했더니 와 ㄷㄷㄷㄷ [공포의 술래잡기],성장·자기개발
차로만 10킬 넘게하는 미친 유튜버ㅋㅋㅋ 진짜 레전드ㅋㅋㅋㅋ,성장·자기개발
VSS에 50만원이 걸리면 일어나는일ㅋㅋㅋ 3뚝 3갑도 0.1초컷~,성장·자기개발
10킬 이상 할수 있냐구요?ㅋㅋㅋㅋㅋㅋㅋ,성장·자기개발
손캠 키고 솔로 최다 데미지 달성했습니다 ㄷㄷㄷ,성장·자기개발
3분안에 빠르게 킬하면 50만원!!!!!!!,성장·자기개발
내일 한우 먹으러 가즈아ㅏㅏㅏ,성장·자기개발
돌잡이 미션에 언젠가 한번은 나올거라 생각했는데ㅋㅋㅋ,성장·자기개발
만나는 사람마다 전부 M24 대박ㅋㅋㅋ (배그 현상금 미션),성장·자기개발
엠포 베릴이 상향돼도 이 총 앞에서는 의미 없지ㅋㅋㅋㅋ,성장·자기개발
M4가 상향돼도 5탄의 왕은 AUG!,성장·자기개발
돌잡이에 AKM이 나와버렸네ㅋㅋㅋ,성장·자기개발
바로 앞에서 학살중인 핵쟁이만 잡으면 110만원!!!!,성장·자기개발
왕의 귀환! 드디어 M4가 돌아왔습니다!!,성장·자기개발
돌잡이 미션에 베릴 떴다!!!,성장·자기개발
이번에는 M16에 120만원이 걸렸다..,성장·자기개발
(반전주의) 술 먹고 이렇게 미션 걸어주시면 감사합니다,성장·자기개발
석궁.. 너만 믿는다,성장·자기개발
??? : 배그에서 가장 밝은옷 입고 치킨 미션이요!,성장·자기개발
금손 팬분께서 3년동안 만들어주신 선물 공개합니다.,성장·자기개발
수류탄 세계신기록 달성ㅋㅋㅋ,성장·자기개발
방송 시작하자마자 돌잡이 미션 금액이 ㄷㄷㄷ,성장·자기개발
죽여도 죽여도 다시 살아나는 사람 ㄷㄷㄷ,성장·자기개발
??? : 그럼 사녹 치킨 미션이요ㅋㅋㅋㅋ,성장·자기개발
카구팔 하나로 어떻게 하라ㄱ... 어!??,성장·자기개발
똥총도 50만원이 걸리면 얘기가 다르지ㅋㅋㅋ,성장·자기개발
드론 조종중인 사람 몰래 기습하기ㅋㅋㅋㅋ,성장·자기개발
(충격적) 경쟁전에서도 과연 포니+권총이 통할까?,성장·자기개발
??? : 경쟁전은 잘 안하시던데 경쟁전 미션 100만원 콜?,성장·자기개발
(대박) 수백명이 경악한 자가제세동기로 만든 레전드 장면ㅋㅋㅋ,성장·자기개발
??? : 그럼 카구팔로 치킨 미션이요ㅋㅋㅋㅋ,성장·자기개발
역대급 선입금 후원에 손 떨면서 배그하는 군림보..,성장·자기개발
50만원 미션에 하필 우지 라니..,성장·자기개발
방종한다니까 방송 역사상 역대급 후원 터짐 ㄷㄷㄷ,성장·자기개발
게임 플레이만 눌렸을 뿐인데 4시간이 지나있었다..,성장·자기개발
260만원.. 역대급 미션에 레전드 찍었다ㅏㅏㅏㅏㅏㅏ,성장·자기개발
샷건 미션중인데 마지막에 방탄차 만남ㅋㅋㅋ (절망),성장·자기개발
??? : AWM 대신 들고 있는 석궁으로 미션 하실래요?ㅋㅋㅋㅋ,성장·자기개발
이번에는 60만원이 걸린 권총..,성장·자기개발
재장전 0.7초??? 퀵드로우... 제 정신이니?,성장·자기개발
응급처치장비 미쳤다ㅋㅋㅋㅋ 아이템이 불사신 만들어줌,성장·자기개발
100만원이 걸린 M16..,성장·자기개발
벡터 미션중에 나온 역대급 바보엔딩ㅋㅋㅋㅋ,성장·자기개발
??? : 그럼 뮤턴트로 치킨시 10만원이요ㅋㅋㅋㅋㅋ,성장·자기개발
쌍Mk14인데 킬당 2만원이요?ㅋㅋㅋㅋㅋ,성장·자기개발
술 취해서 미션 걸었다가 100만원 털리심ㅋㅋㅋㅋㅋ,성장·자기개발
4년동안 밴당한 시청자 채팅 부검하기ㅋㅋㅋ,성장·자기개발
원거리총 따위 필요없다! 딜빵으로 다 부셔버리는 화력조합ㅋㅋㅋ,성장·자기개발
겨울만 되면 생각나는 최고의 겨울 간식은? ( 겨울간식 월드컵 ),성장·자기개발
방송이 꺼져있는데 갑자기 100만원 후원이..,성장·자기개발
2021년 마지막이 글록 킬당 미션?? 괜찮으시겠어요?ㅋㅋㅋㅋ,성장·자기개발
배그 유저들이 가장 좋아하는 무기조합 1위 P90 + AWM,성장·자기개발
드디어 배그에 현대화무기 등장!?,성장·자기개발
미쳤다.. 생일 기념 1000만원 미션,성장·자기개발
이론상 가장 완벽한 조합ㅋㅋㅋㅋ 이 조합을 실제로 써본다면!?,성장·자기개발
?ㅋㅋㅋㅋㅋㅋㅋㅋㅋㅋㅋㅋㅋㅋ,성장·자기개발
높은 번호만 잘잡으면 킬당 10만원!? 내일 소고기각ㅋㅋㅋ 대박 터트린 번호x1000원 미션!,성장·자기개발
석궁 대박이네ㅋㅋㅋ 이 정도면 비밀병기 석궁 인정?,성장·자기개발
보급무기 킬율 1위 'P90'을 랜덤스쿼드에서 먹었더니 와우ㅋㅋㅋ,성장·자기개발
무기 설명대로 진짜 사기가 된 사이가 근황,성장·자기개발
사용하면 정지 먹는다는 진짜 '배그 1티어 조합',성장·자기개발
얼마나 힐링이되면 게임 이름이 ALT F4일까..,성장·자기개발
카카오 라이언한테 점령당한 배그 근황ㅋㅋㅋㅋ,성장·자기개발
어몽어스 본섭에 신규직업이 나왔다고~?,성장·자기개발
니가 내려와야 우리가 올라가잖ㅇㅂ저ㅂㄱ솝ㅎ듭ㅇㅈ귽ㅂㄱㅢㅂㅇㄱㄷ,성장·자기개발
상향했다더니 깡패가 되어버린 MG3 근황,성장·자기개발
카트라이더 아이템전 + 배그 가 합쳐진 배그레이싱 모드 나옴ㅋㅋㅋ 막자 하니까 못지나감ㅋㅋㅋ,성장·자기개발
쇼미10 결승전에 나온 연예인분과 함께 게임했습니다 ㄷㄷㄷ (배그),성장·자기개발
글록 필요 없어! P1911도 포니만 있으면 대학살ㄷㄷ,성장·자기개발
개쫄보라고 오해받다가 잠시후 영웅됨ㅋㅋㅋㅋㅋ,성장·자기개발
운영자님한테 핵 어떻게 할거냐고 대놓고 물어봤습니다,성장·자기개발
아니 앞으로만 가면 되는데 이게 왜 안ㅁㄹ어ㅏㅂ저디거ㅣㅁㄴㅇ러ㅣㅏㅁㄷㄱ,성장·자기개발
감당 가능하시겠어요?ㅋㅋㅋㅋ,성장·자기개발
친구들이랑 같이하기 딱 좋은 게임^^,성장·자기개발
유튜버들이랑 게임하면 안되는 이유,성장·자기개발
배그에 카카오 라이언 스킨 등장ㅋㅋㅋ 이걸 어떻게 안사..,성장·자기개발
경쟁전 1위와 함께 요즘 핫한 샷건을 같이 써봤습니다,성장·자기개발
개꿀잼이 되어 돌아온 부트캠프! 사녹은 부캠이지,성장·자기개발
이 날만을 기다렸다 김블루..,성장·자기개발
나 연예인이랑 배그 처음해봐..,성장·자기개발
풀피인데 이 거리가 한방컷ㅋㅋㅋ 샷건 미쳤다ㅋㅋㅋㅋ 샷건쓰세요 여러분!,성장·자기개발
아니 나 죽이는게 아니라 1등 해야되는 게임이라고,성장·자기개발
1티어 총이 '돼'버린 샷건 근황,성장·자기개발
같이 먹으면 싸움나는 음식먹는 방법 월드컵ㅋㅋㅋ,성장·자기개발
이 정도의 배린이는 처음 본다...,성장·자기개발
자.. 김블루 이게 클릭이라는 거야 ( 김블루 배그 알려주기 ),성장·자기개발
경상도 사람들끼리 모였더니 개웃김ㅋㅋㅋㅋㅋ,성장·자기개발
예???,성장·자기개발
M4그라운드에 이어 현재 최고의 총기 메타는..?,성장·자기개발
방송으로 유튜버를 사칭하는 유튜버 사칭범을 잡았습니다,성장·자기개발
인사 한마디만 했는데..,성장·자기개발
배그에 자전거라니.. 샷건도 완전 쎄짐 ㄷㄷ 이제 샷건의 시대..?,성장·자기개발
랜덤듀오님.. 저 진짜 군림보 맞다구요ㅠㅠㅠㅠ,성장·자기개발
※꿀잼보장※ 편집자님이 너무 웃겨서 복통을 호소한 개꿀잼 영상ㅋㅋㅋㅋ,성장·자기개발
배그 4천시간동안 어떤총으로 킬을 제일 많이 했을까?,성장·자기개발
방송에서 제 욕하신 유튜버님 꼭 보세요,성장·자기개발
운영자가 안하면 우리가 직접 한다! 버그 유저들을 응징하는 의적스쿼드,성장·자기개발
배그에서 아버지를 만났습니다..,성장·자기개발
유튜브 하다 보니.. 여사친에게 영상편지가 왔습니다,성장·자기개발
맥크리 어디감..?,성장·자기개발
따라만하면 배그 정지 당한다길래 진짜인지 직접 해봤는데.. 와,성장·자기개발
왜 혼자 거기서 게임을..?,성장·자기개발
라면은 '이' 라면이 제일 맛있는거 아시죠? (라면 월드컵),성장·자기개발
배린이한테 배그 잘하는법 알려줬더니 한판만에 정지 당함ㅋㅋㅋㅋ 레전드,성장·자기개발
2년전에 스콜피온 똥총이라며 영상 올렸었는데ㅋㅋㅋㅋ 와,성장·자기개발