title,club_main_category_id
심으뜸 해트트릭 폼 미쳤다...🔥골때녀 리뷰 I FC스밍파 VS FC액셔니스타,운동·액티비티
[ENG] 🔥힙으뜸 10분 타바타 루틴🔥 짧고 굵게 칼로리 폭발 가보자고~~💪🏻💪🏻,운동·액티비티
[ENG] ✨갓성비 끝판왕✨ 스포츠브라 솔직 리뷰 (feat. 컴포트랩),운동·액티비티
[ENG] 🔥체지방 활활🔥 사이클 인터벌 루틴에 스트레칭까지 알차게 준비했어요,운동·액티비티
[ENG]⚠️시원함 주의⚠️하루 10분 거북목 & 라운드숄더 교정 상체 스트레칭,운동·액티비티
[ENG] 골때녀 사상 역대급 최장시간 경기 🔥 올스타전 리뷰I 골 때리는 그녀들 FC최진철 VS FC조재진,운동·액티비티
"[ENG, CHN] 급다이어트에 돌입한 심으뜸... -2kg 운동·액티비티&식단 싹 다 공개합니다!!",운동·액티비티
"[ENG, CHN] 🔥칼로리 태우는 유산소 운동·액티비티 가실게요~🏃‍♀ | 천국의 계단 30분 루틴",운동·액티비티
"[ENG, CHN] 내가 갔다 하와이ㅣHAWAII vlog",운동·액티비티
[ENG] 드디어 결승...😭 울고 웃었던 골때녀 결승전 리뷰 I 골 때리는 그녀들 FC스트리밍파이터 VS FC월드클라쓰,운동·액티비티
"[ENG, CHN] 운동·액티비티 전 🔥워밍업🔥 5분 루틴, 꼭 따라해보세요!!!",운동·액티비티
"[ENG, CHN] 하와이에서 30km 러닝 브이로그🫠ㅣHAWAII Running vlog",운동·액티비티
[ENG]치열했던 골때녀 4강전 리뷰🔥I 골 때리는 그녀들 FC스트리밍파이터 VS FC불나비,운동·액티비티
"[ENG, CHN] 체지방🔥활활🔥고강도 러닝머신 30분 루틴 같이 뛰어요🏃‍♀",운동·액티비티
"[ENG] [VLOG] 분명 쉬는 날 브이로그인데... | 골때녀 스밍파, 사고친 남산, 육아체험",운동·액티비티
"[ENG, CHN] 왜, 스트레칭만 하고 싶은 그런 날 있잖아요..🥹ㅣ25분 심으뜸 전신 스트레칭",운동·액티비티
"[ENG, CHN] 하루 10분!!!! 지옥에서 돌아온 🔥복근 2주 챌린지🔥",운동·액티비티
[ENG] 힙으뜸 1년을 돌아보며..... (feat. 꼬박꼬밥 이벤트),운동·액티비티
[ENG] 인생은 찌고 빠지는 거야,운동·액티비티
[ENG] 스밍파에 T밥이 들어왔더니 ㄷㄷI 골때녀 리뷰 FC스트리밍파이터 VS FC월드클라쓰,운동·액티비티
[ENG] 왜 먹는 거 가지고 ㅈㄹ이야,운동·액티비티
[ENG] 골때녀 스밍파가 모이면 생기는 일🤣🤣,운동·액티비티
[ENG] 바디프로필 끝나고 마라엽떡 먹방 !!!!!! (다이어트 Q&A),운동·액티비티
"[ENG, CHN] ⚪️짐볼 200% 활용법⚪️",운동·액티비티
"[ENG, CHN] 🔥효과 200% 보장🔥 힙으뜸 덤벨 운동·액티비티 올인원루틴💪🏼💪🏼슬림탄탄! 가보자고~~",운동·액티비티
[ENG] 헬창 언니,운동·액티비티
"[ENG] 16년차 헬스장 고인물이 추천하는 러닝화는?👟 (웨이트화, 축구화, 역도화까지~~~)",운동·액티비티
[ENG] 생리전증후군... 운동·액티비티을 가... 말아...,운동·액티비티
"[ENG] 헬스ㅣ필라테스ㅣF45ㅣ크로스핏 어떻게 다를까? (가격, 장단점, 추천 대상...)",운동·액티비티
[ENG] 🚨폭식 후 운동·액티비티🚨 뱃살로 가기 전에 움직여!!!!! 힙으뜸 전신운동·액티비티 20분 올인원루틴✊🏼,운동·액티비티
"[ENG] 추석맞이 전국 다이어터들 소환 (지영, 은지, 준영, 준호, 유진, 민지...)",운동·액티비티
[ENG] 먹을 거 다 먹고 체중 유지하는 법,운동·액티비티
[ENG] 만원으로 단백질 100g 채우기 가능?,운동·액티비티
[ENG] 여행가서도 몸무게 유지하는 비법✨ | 스위스 러닝 vlog,운동·액티비티
[ENG] 같이 뛰어요!!!! 땀 폭발하는💦 러닝머신 20분 루틴🏃‍♀,운동·액티비티
[ENG] 운동·액티비티 유튜버의 인생 첫 탕후루 먹방🍇🍊🍒🍏🍅,운동·액티비티
[ENG] 200% 효과보장!!! 헬스장 유산소 끝판왕 🔥천국의 계단 루틴🔥 가져왔습니다!!😏,운동·액티비티
"[ENG] 슈퍼리그, 이런 곳이었네요 | 골때녀 리뷰 with 구척장신 이현이, 송해나",운동·액티비티
"[ENG] 그녀의 쇠로운 정체, 미자씨 2부",운동·액티비티
"[ENG] 경서, 서기 라이브 들고 갈래?🎤 feat. 골때녀 리뷰",운동·액티비티
[ENG] 월드컵 직관하러 갔다가 시드니 여행까지..!!(feat. 2023 FIFA 여자월드컵 X 아디다스),운동·액티비티
"[ENG] 헬창들의 회사, 미자씨 1부",운동·액티비티
[ENG] 골프는 재능일까? 노력일까?,운동·액티비티
[ENG] 웨이트 후 딱 10분!! 유산소로 마무리해요🏃🏃‍♂️,운동·액티비티
[ENG] 드디어.. 슈퍼리그 승격✨✨ | 골때녀 FC스밍파 vs FC개벤져스 경기 리뷰,운동·액티비티
[ENG] 놀이기구 타다가 근육 펌핑하고 온 썰 푼다...,운동·액티비티
[ENG] 파이팅 외치다가 800 칼로리 태우는 운동·액티비티,운동·액티비티
[ENG] Vlog) 운동·액티비티에 미친 여자,운동·액티비티
[ENG] 갤럭시 유저들은 여기서 놀면 됨,운동·액티비티
[ENG] 휴가 준비 시작🌞 뱃살제거 + 납작배 만드는 20분 복근운동·액티비티❗,운동·액티비티
[ENG] 근육다이어트(?) 쉽지 않네요....,운동·액티비티
[ENG] 2년 만에 스쿼트 1000개 했습니다. (feat. 꼰대희 구독자 100만 달성 공약),운동·액티비티
[ENG] 진짜 제발 한번만 해보세요!!!!! 💪힙으뜸 힙운동·액티비티 루틴💪,운동·액티비티
[ENG] ㄷㄷ 이거 진짜 운동·액티비티효과 미쳤어요 (feat. PICO 4),운동·액티비티
[ENG] 체중계가 고장난 거 같아요...,운동·액티비티
[ENG] 겉모습만 보고 판단하지 마세요,운동·액티비티
[ENG] 레깅스에 진심인 여자,운동·액티비티
[ENG] 사과의 말씀 올립니다... | 골때녀 FC스밍파 vs FC국대패밀리 경기 리뷰,운동·액티비티
[ENG] 딱 20분🔥 하루 운동·액티비티 끝장내는 전신 & 아랫배 & 타바타 올인원 루틴,운동·액티비티
[ENG] 하체 부종은 이렇게 빼야합니다. (feat.하이드라건),운동·액티비티
[ENG] 하루 딱 10분🔥 아랫배 & 똥배 완벽 제거 루틴,운동·액티비티
[ENG] 바프 촬영 전 필수 시청!! 몸 상태 200% 끌어올리는 꿀팁 대방출,운동·액티비티
[ENG] 하루 10분🔥 홈트 이걸로 끝! 체지방 200% 태우는 전신 타바타 운동·액티비티,운동·액티비티
[ENG] 피부관리는 영업 비밀인데...,운동·액티비티
[ENG] 다시 만났습니다.... 추성훈 vs 심으뜸,운동·액티비티
[ENG] 우리가 축구에 진심일 수밖에 없는 이유 | 골 때리는 그녀들 FC스밍파 vs FC발라드림 경기 리뷰,운동·액티비티
[ENG] 축구만 했는데.... 체지방률 실화야?,운동·액티비티
[ENG] 운동·액티비티을 좋아하는 편입니다,운동·액티비티
바디프로필 영상 비밀번호 486 (사랑해),운동·액티비티
[ENG] 턱 끝까지 숨이 차오르는 Agent. H 전신운동·액티비티🔥 ㅣ Killing Routine,운동·액티비티
"[ENG] 15분 만에 가슴, 어깨 🔥불태우는🔥 고효율 덤벨 루틴ㅣ임정윤ㅣ Killing Routine",운동·액티비티
[ENG] 바디프로필🔥 이거 보고 따라하시면 됩니다,운동·액티비티
[ENG] 인생이 참 쉽지 않네요....,운동·액티비티
"[ENG] 엉밑살, 힙딥, 처진 엉덩이 고민 끝! 심으뜸 최고의 힙업 운동·액티비티 10분🔥ㅣ Killing Routine",운동·액티비티
[ENG] 강민아 잘 지냈어?ㅣ피지컬100 리뷰 (김강민 마선호),운동·액티비티
[ENG] 피지컬100 요정님 모셨습니다 (조진형 호주타잔 임정윤 빵맥스),운동·액티비티
[ENG] 피지컬: 100 리뷰 1탄ㅣ꽃미모 에이전트H 모셨습니다,운동·액티비티
[ENG] 헬린이들 가슴 운동·액티비티 가보자고!💪,운동·액티비티
[ENG] 기초체력 키우는 하루 5분 스쿼트 100개 챌린지 (feat. 김계란),운동·액티비티
[ENG] 피지컬:100 참가자들 만나고 왔습니다,운동·액티비티
[ENG] 🔥효과보장🔥 하루 15분 힙으뜸 고강도 유산소 루틴,운동·액티비티
[ENG] 골때녀 신생팀 심으뜸입니다,운동·액티비티
[ENG] 피지컬100 심으뜸 VS 남경진,운동·액티비티
[ENG] 딱 10분이면 돼!!🔥힙으뜸 복근+유산소 올인원 루틴,운동·액티비티
[ENG] 피지컬100 심으뜸 X 까로 클라이밍 다녀왔습니다.,운동·액티비티
[ENG] 심으뜸 매일 아침 10분 스트레칭ㅣ2023 리뉴얼,운동·액티비티
[ENG] 2022년 마지막 대회 3대 XXXkg...?,운동·액티비티
Vlog) 파워리프팅 대회 D-7 칼로리 조절 팁 공개합니다(feat.큐원 알룰로스PLUS),운동·액티비티
"[ENG] 컨디션 좋아지는 힙으뜸 스트레칭, 하루 10분 전신운동·액티비티",운동·액티비티
[ENG] 130km/h 배구공에 맞으면 어떻게 될까?,운동·액티비티
[ENG] 무게 좀 치는 삼남매,운동·액티비티
[ENG] 오늘도 돌아버린 심으뜸,운동·액티비티
[ENG] 🔥하루10분🔥 구르기 챌린지｜뻣뻣한 척추 풀어주는 최고의 마사지💪,운동·액티비티
"[ENG] 헬린이들 하체 운동·액티비티 가보자고!💪(스쿼트X,런지X)",운동·액티비티
[ENG] 내 인생의 마지막 발레,운동·액티비티
"[ENG] ⭐효과보장⭐ 짧고 굵게 하루 15분 덤벨로 하는 전신운동·액티비티!! 탄력바디, 군살제거👍🏻",운동·액티비티
[ENG] 동생 킹받게 하는 법,운동·액티비티
[ENG] 축구 이렇게 하는 거 맞나요,운동·액티비티
[ENG] 할로윈 특집 심헐크로 변신🎃 (feat. @RISABAE ),운동·액티비티
"[ENG] ⭐허리통증, 골반비대칭⭐ 일주일만에 효과 보는 15분 골반교정 스트레칭! (짱 시원함 주의)",운동·액티비티
[ENG] 까로 : 으뜸아 이번엔 진짜 쉬운거야😎ㅋ,운동·액티비티
[ENG] 등 운동·액티비티 가보자고!💪,운동·액티비티
[ENG] 급찐급빠가 제일 쉬웠어요,운동·액티비티
버금이들과 득근득근 운동·액티비티 데이트하고 왔어요🥰(feat. SKT),운동·액티비티
[ENG] 현장 난리난 심으뜸 바디프로필✨,운동·액티비티
"[ENG] 심으뜸, 데드리프트 120kg 도전",운동·액티비티
"[ENG] 허리통증, 골반통증 다 잡는 장요근/골반 스트레칭 15분 루틴 I The ultimate hip stretch, iliopsoas stretching",운동·액티비티
[ENG] 가족회의,운동·액티비티
"[ENG] 운동·액티비티 15년차, 파워리프팅 첫 대회 도전기",운동·액티비티
[ENG] 피지컬:100 남경진 X 심으뜸 스쿼트 400개 챌린지,운동·액티비티
이제는 말씀드릴 때가 왔네요,운동·액티비티
"[ENG] 헬창끼리 술 마시면 생기는 일🍻 (Feat.김계란,짱재)",운동·액티비티
[ENG] 너가 요즘 안 맞았지?,운동·액티비티
"[ENG] 부종 OUT!!!!! 힙으뜸 전신순환 폼롤러 마사지 (혈액순환, 근막이완, 라인정리)",운동·액티비티
[ENG] 🔥하루 10분🔥 체지방 태우는 전신운동·액티비티 2주 챌린지 (※효과보장)ㅣ갤럭시 워치 5,운동·액티비티
[ENG] 너 언제 철 들래?,운동·액티비티
밥 먹자고 불러놓고 강제로 운동·액티비티시키기(feat. 황아영),운동·액티비티
[ENG] 진짜 제발 힙으뜸 타바타 안 해본 사람 없게 해주세요. 효과미쳤음🔥,운동·액티비티
[ENG] 🔥 올인원 20분 루틴으로 체지방과 칼로리 불태우기!🔥🔥,운동·액티비티
🔥하루 5분🔥 짧고 굵게 전신운동·액티비티루틴,운동·액티비티
[ENG] 하 근손실 난다고,운동·액티비티
[ENG] 🔥딱 5일!🔥 힙으뜸 11자 복근 만들기 챌린지,운동·액티비티
[ENG] [헬린이 vlog] 바디프로필 도전합니다,운동·액티비티
[ENG] [헬린이 vlog] PT받으실 분 급구,운동·액티비티
"[ENG] 🔥하루 10분🔥 엉밑살 끝판왕 루틴!!! 중둔근 강화, 셀룰라이트, 순환관리",운동·액티비티
[ENG] 뒷벅지와 힙업을 한 번에! 원레그 데드리프트의 정석,운동·액티비티
[ENG] (층간소음 X) 진짜 역대급 20분 루틴ㅣ전신올인원 I 힙으뜸 유산소 운동·액티비티,운동·액티비티
Vlog) 공복 유산소 진짜 효과 있을까?,운동·액티비티
[ENG] 🔥힙업보장🔥엉덩이 폭파시키는 20분 힙운동·액티비티ㅣ베스트힙업운동·액티비티ㅣ애플힙,운동·액티비티
[ENG] 체지방 태우는 인터벌 러닝머신 30분 루틴!! 같이 뛰어요🏃🏻‍♀️💦,운동·액티비티
[ENG] 운동·액티비티 직후에 인바디를 재봤더니...,운동·액티비티
[ENG] 🔥힘듦주의🔥힙으뜸 납작배 2주 챌린지,운동·액티비티
[ENG] Vlog) 생리 전 다이어트 성공하는 법,운동·액티비티
[ENG] 매일 아침 붓기빼는 20분루틴,운동·액티비티
"[ENG] Vlog) 술 먹고 다음날, 이렇게 하면 살 빠짐",운동·액티비티
[ENG] Vlog) 급하게 찐 살은 급하게 빠진다,운동·액티비티
[ENG] 관종의 삶,운동·액티비티
[ENG] (층간소음X) 설명 다 퍼주는 심으뜸 올인원 전신운동·액티비티 50분루틴,운동·액티비티
[ENG] 이게 심으뜸 클라스지ㅣ국민체력100,운동·액티비티
[ENG] 심으뜸은 다이어트를 어떻게 할까?,운동·액티비티
[ENG] 나 살 빼면 어쩔건데,운동·액티비티
[ENG] 러닝머신 유산소 40분 최강루틴!! 같이 뛰어요🏃🏼‍♀💦,운동·액티비티
[ENG] 크로스핏 진짜 못해먹겠네...,운동·액티비티
[ENG] 코로나 걸리면 어떤 운동·액티비티을 해야 할까?,운동·액티비티
[ENG] 128kg 감량하고 바디프로필 찍기,운동·액티비티
[ENG] 🔥효과보장🔥 마일리사이러스 다리운동·액티비티 업그레이드 1.5배속😱 (반말주의),운동·액티비티
[ENG] 아 쇠냄새,운동·액티비티
[ENG] 최종화ㅣ 56일간의 다이어트 결과. 지금 공개합니다,운동·액티비티
[ENG] 내가 다이어트 하려는 이유,운동·액티비티
[ENG] (근육통주의!!!!) 🔥올인원🔥 전신 근력운동·액티비티 50분 홈트레이닝,운동·액티비티
Special EPㅣ총 120kg 감량한 다이어트 방법 공개 I 오즈의 마법사,운동·액티비티
[ENG] 11화ㅣ레전드.. 다이어트는 최고의 성형입니다,운동·액티비티
[ENG] 10화ㅣ6주만에 18kg 감량! 말이돼?,운동·액티비티
[ENG] 9화ㅣ골때녀 뺨 때리는 오즈FC (with 김진짜),운동·액티비티
[ENG] 🔥체지방 활활🔥 전신운동·액티비티 20분루틴 with 멸치,운동·액티비티
[ENG] 8화ㅣ심으뜸 오열... 말 못한 그녀들의 진심,운동·액티비티
[ENG] 7화ㅣ최초 중도포기 사태? X욕 나오는 남산미션,운동·액티비티
[ENG] 6화ㅣ이렇게만 먹으면 살빠진다? (오즈 레시피 공개 feat.요리용디),운동·액티비티
[ENG] 5화ㅣ자존감 풀파워 장착(feat. YG탑모델?),운동·액티비티
[ENG] 4화ㅣ자신있어 하는거 X킹받네? (feat. 김계란 까로),운동·액티비티
[ENG] 3화ㅣ고작 그거했다고 울고 난리야!,운동·액티비티
[ENG] 2화ㅣ충격적인 현재 상태... 우리가 살 못 빼는 진짜 이유,운동·액티비티
[ENG] 1화 ㅣ총 1억. 다이어트 내기를 해봤습니다,운동·액티비티
합숙 2주만에 폭발한 참가자들ㅣ제작진과 마찰 클립본 공개,운동·액티비티
[ENG] 쉬는 시간 없는 15분 스쿼트! (with 김계란),운동·액티비티
[ENG] 한달만에 100타를 깬다고???,운동·액티비티
[ENG] 심으뜸 vs 황아영 골프로 맞짱뜨기,운동·액티비티
더이상 다이어트 실패는 없다 ㅣ 오즈의 마법사 출연진 공개,운동·액티비티
[ENG] 충격의 3대측정 결과는?ㅣ3대하우스 EP.5,운동·액티비티
[ENG] (층간소음NO) 체지방 아웃! 올인원 전신운동·액티비티 20분루틴,운동·액티비티
[ENG] 8MIN TABATA I 체지방 활활🔥 태우는 고강도 타바타 8분,운동·액티비티
[ENG] 다이어트할 때 유산소 운동·액티비티은 필수? (현실조언),운동·액티비티
한국판 헬스장 빌런 (Korean gym villain),운동·액티비티
"[ENG] (층간소음X, 설명O) 땀폭발 다이어트 전신운동·액티비티 20분루틴",운동·액티비티
"[ENG] (층간소음X, 설명O) 🔥무조건 빠짐🔥 다이어트 다짐한 사람들 다 들어와!!",운동·액티비티
[ENG] [헬린이 vlog] 헬스장에서 처음 본 그 남자랑..,운동·액티비티
[ENG] [헬린이 vlog] 어서와 홈트는 처음이지? (구독자이벤트/인바디/식단/근손실/헌팅),운동·액티비티
"[ENG] (층간소음X, 설명O) 복근운동·액티비티과 유산소를 한번에❗ 더 탄탄해진 서서하는 복근운동·액티비티 2탄🔥",운동·액티비티
[ENG] 멸치 바디프로필 도전?,운동·액티비티
[ENG] 스모데드 어서오고 | 3대하우스 EP. 4,운동·액티비티
[ENG] [헬린이 vlog] 원정 헬스 다녀왔습니다,운동·액티비티
[ENG] 벤치 215kg의 미친 흉곽 컨트롤 | 3대하우스 EP. 3,운동·액티비티
[ENG] 사실 저는..,운동·액티비티
[ENG] 스쿼트 100kg... | 3대하우스 EP. 2,운동·액티비티
[ENG] [헬린이 vlog] 내 돈 내고도 내 맘대로 못하는 헬스장,운동·액티비티
[ENG] 일어나.. 3대해야지.. | 3대하우스 EP. 1,운동·액티비티
[ENG] [헬린이 vlog] 더는 헬스장 못 다니겠습니다,운동·액티비티
"[ENG] (층간소음X, 설명O) 🔥2주 챌린지🔥체지방 활활 타는 전신운동·액티비티 15분 루틴",운동·액티비티
"[ENG] 포브스 선정, 근손실 안 나는 초밥 1위",운동·액티비티
[ENG] 제발 그만해~~ 더하면 나 죽어~~!!,운동·액티비티
"[ENG] (층간소음X, 설명O) 🔥짧고 굵게🔥 안벅지 운동·액티비티 2주 챌린지",운동·액티비티
[ENG] 알쓰 황아영이랑 취중 밸런스게임,운동·액티비티
[ENG] 🔥한달에 3kg 빠지는🔥 실내자전거 20분 프로그램,운동·액티비티
[ENG] 플라잉요가로 초싸이언 되기....,운동·액티비티
[ENG] 골드버튼 중량 몇?ㅣ심으뜸 Q&A,운동·액티비티
[ENG] 잠수왕 심으뜸,운동·액티비티
[ENG] 현실적인 유지어터의 관리 식단,운동·액티비티
[ENG] (층간소음X) 살 찐 분들 들어오세요‼️ 급찐급빠 단기간 다이어트 운동·액티비티루틴,운동·액티비티
"[ENG] (층간소음X) 과식, 폭식한 사람들 다 들어와!!! 🔥급찐급빠 단기간 다이어트 운동·액티비티루틴🔥",운동·액티비티
[ENG] 요가 vs 필라테스 자존심대결,운동·액티비티
[ENG] 강경원 선수는 맨몸 스쿼트 몇 개까지 가능할까?,운동·액티비티
"[ENG] 힙으뜸 헬스장 상체루틴🔥 등, 가슴, 어깨운동·액티비티을 한번에!",운동·액티비티
[ENG] 귀여운 보디빌더 두 분을 모셨습니다,운동·액티비티
"[ENG] 🔥유산소🔥 실내자전거 타는 법! (무릎 통증❌, 올바른 자세, 심박수, 가이드라인, 인터벌 프로그램)",운동·액티비티
[ENG] ※효과보장※ 납작배 만드는 플랭크 2주 챌린지 (핵매운맛🔥),운동·액티비티
"[ENG] (층간소음X, 설명O) 복근운동·액티비티과 유산소를 한번에❗️서서하는 복근운동·액티비티 1탄🔥",운동·액티비티
[ENG] 강경원 선생님한테 PT 받는 심으뜸,운동·액티비티
[ENG] 그레이와 두근두근 하체 데이트,운동·액티비티
[ENG] 우린 서로를 믿을 수 있을까 | 커플요가,운동·액티비티
[ENG] 이곳은 곧 마른 비만의 성지가 됩니다🙏🏻 I 마른비만 원인부터 솔루션까지 다 알려줌!🧐,운동·액티비티
[ENG] 🔥힙업주의🔥 하체 탈탈 털리는 헬스장 하체루틴,운동·액티비티
"[ENG] 헬스장 대관해서 운동·액티비티하는 여자 (갤럭시 워치4 | 워치4 클래식, 버즈2)",운동·액티비티
"[ENG] (층간소음X, 설명O) 진짜 힘듦주의.. 🔥초강력🔥 힙으뜸 하체운동·액티비티 2주 챌린지",운동·액티비티
[ENG] 김계란 X 심으뜸 남매결연,운동·액티비티
"[ENG] (층간소음X, 설명O) 옆구리랑 이별하는 티파니 허리운동·액티비티 같이해요😆",운동·액티비티
"[ENG] 바프 후 유지, 관리는 이렇게 하세요❗️ | 폭식, 요요를 막는 법🌝",운동·액티비티
"[ENG] 바디프로필 8시간 동안 찍었습니다...😱 | 촬영 당일 아침부터 밤까지❗ (의상, 헤어/메이크업, 왁싱, 포즈)",운동·액티비티
[ENG] 등신(神)의 등산 (feat.손종석 선수),운동·액티비티
[ENG] 다신 안 한다 하고 또 한 크로스핏,운동·액티비티
운동·액티비티하는 미녀/미남(?) 유튜버,운동·액티비티
[ENG] 다이어트 포기하고 싶을 때 | 다이어트 Q&A✏️,운동·액티비티
[ENG] 세계 챔피언한테 인정 받았습니다,운동·액티비티
[ENG] 🏅요일별운동·액티비티🏅 금요일 형님 조직으로 돌아오십쇼.. 어깨/팔 운동·액티비티,운동·액티비티
[ENG] 🏅요일별운동·액티비티🏅 목요일 다리라인 완벽정리!! 슬림탄탄 올인원 하체루틴,운동·액티비티
"[ENG] 🏅요일별운동·액티비티🏅 수요일 탄력있는 가슴, 겨드랑이 군살타파! 가슴 운동·액티비티루틴",운동·액티비티
[ENG] 🏅요일별운동·액티비티🏅 화요일 등/허리 군살 모조리 파.괴.한.다💥 등운동·액티비티 루틴,운동·액티비티
[ENG] 🏅요일별운동·액티비티🏅 월요일 속근육을 탄탄하게! 복근&코어 운동·액티비티 루틴,운동·액티비티
[ENG] 호캉스 수영 제대로 배웠습니다,운동·액티비티
[ENG] 아침을 깨우는 15분 운동·액티비티루틴🌞,운동·액티비티
"[ENG] 허웅&허훈, 형제의 난🤼 (feat. 허으뜸🏀) [운동·액티비티뭐하니?] Ep.06",운동·액티비티
[ENG] (층간소음X / 땀폭발주의) 🔥핵매운맛🔥 고강도 슬로우버피 100개 챌린지❗,운동·액티비티
[ENG] 이게 참 좋은데.. 정말 좋은데.. 🤦‍♀️ | 생리컵 4년 차의 찐리뷰❗️,운동·액티비티
[ENG] 당구 여신 차유람 당황시킨🤦 대환장 당구 내기... 🎱🎱🎱[운동·액티비티뭐하니?] Ep.05,운동·액티비티
"[ENG] 🌞아침에 한 번, 자기 전 한 번🌜 몸을 풀어주는 척추, 하체 스트레칭",운동·액티비티
[ENG] 다 된 🏅월클🏅에 몸치 2명 뿌리기... [운동·액티비티뭐하니?] Ep.04,운동·액티비티
"[ENG] (층간소음X, 설명O) 🔥짧고 굵게🔥 복근만들기 2주 챌린지",운동·액티비티
[ENG] 으뜸언니! 2세 계획있어요?,운동·액티비티
[ENG] 형택이형.. 차라리 스쿼트 1000개를 할게요..🤦 [운동·액티비티뭐하니?] Ep.03,운동·액티비티
[ENG] 13년 만에 체대입시 도전!! 2탄,운동·액티비티
[ENG] 13년 만에 체대입시 도전!!,운동·액티비티
[ENG] 마! 인생은 실전이다! mma 선수랑 주짓수 스파링 해봤습니다 [운동·액티비티뭐하니?] Ep.02,운동·액티비티
"[ENG] 임산부, 웨이트 하면 안 된다?",운동·액티비티
"[ENG] ❗️최다요청❗️난생처음 폴댄스, 하루만에 어디까지 가능? [운동·액티비티뭐하니?] Ep.1",운동·액티비티
[ENG] 레깅스 입으면 질염 걸린다고요?,운동·액티비티
[ENG] '생리 후 다이어트 황금기'는 없다,운동·액티비티
[ENG] (층간소음X 땀폭발주의O) 이거 하나로 운동·액티비티 끝!!!! 올인원 전신운동·액티비티 업그레이드 루틴공개,운동·액티비티
[ENG] 스쿼트 1000개로 복수하기,운동·액티비티
[ENG] 41kg 증량상담. 근육량 늘리고 싶은 헬린이 필수시청!!,운동·액티비티
"[ENG] (층간소음X, 반말주의O) 땀 터지고 살 빠지는 전신운동·액티비티 30분루틴",운동·액티비티
멸치는 하루에 몇 끼나 먹을 수 있을까?,운동·액티비티
근손실 없이 지방만 뺄 수 있나요?,운동·액티비티
결혼생활 궁금한 거 다 알려줌,운동·액티비티
"힙으뜸 안벅지 제거루틴 I 내전근 강화, 안벅지 미운살 제거를 한번에!!!!",운동·액티비티
크로스핏 다신 안 해,운동·액티비티
얘 작정하고 왔네요....^^,운동·액티비티
"다이어트할 때 치킨먹는 사람, 나야 나",운동·액티비티
제발 '수분조절' 함부로 하지 마세요.......ㅠㅠ,운동·액티비티
고강도 운동·액티비티 후 체중 증가..? 답해드립니다!,운동·액티비티
이번엔 진짜 약간 진지합니다,운동·액티비티
"신세계를 봤습니다. 앞지퍼 브라탑 리뷰ㅣ나이키, 아디다스, 뉴발란스, 쇼크업소버, 블루그레인",운동·액티비티
"심으뜸 스포츠브라탑 리뷰!!! 나이키, 아디다스, 젝시믹스, 쇼크업소버, 룰루레몬, 안다르, 스컬피그, 아보카도",운동·액티비티
※효과보장※ 층간소음X 칼로리 폭파 전신운동·액티비티 40분루틴,운동·액티비티
"앞벅지 무조건 얇아지는 운동·액티비티 하루 15분, 딱 한 달만 해보세요",운동·액티비티
당신의 앞벅지가 빠지지 않는 진짜!! 이유,운동·액티비티
"다이어트, 하루 몇 칼로리 섭취해야 하나요? 근손실없는 다이어트 식단 공개",운동·액티비티
"매일 하는 30일 5x5 푸시업 챌린지 feat. 전신운동·액티비티, 코어 ㅣ Push up challenge 30days",운동·액티비티
스쿼트 300개 챌린지 with 까로 caro Vlogsㅣsquat challenge,운동·액티비티
슬로우버피 200개 챌린지 with 까로 caro Vlogs l slow burpee challenge,운동·액티비티
손목 아픈 분들 필수 시청!! 하루 5분 손목 스트레칭!,운동·액티비티
"현실적으로 필라테스 강사, 센터 잘 고르는 법 알려드립니다(진짜 다 알려줌)",운동·액티비티
"도전! 스쿼트 500개 챌린지 no talking workout, bgm only",운동·액티비티
홈트로 근육량 늘릴 수 있나요?,운동·액티비티
"골반 넓어지는 운동·액티비티, 아직도 믿으세요?",운동·액티비티
층간소음X 역대급 전신운동·액티비티 50분루틴 I 1000kcal full body workout,운동·액티비티
"심으뜸이 말하는 필라테스 업계 현실 ""매우 심각""",운동·액티비티
충격의 야자타임ㅋㅋㅋㅋㅋㅋ 으뜸x돼람x멸치 연말정산.ep2,운동·액티비티
웃다가 지쳤습니다. 으뜸X돼람X멸치 연말정산ep1,운동·액티비티
리액션 끝판왕 심으뜸의 mbti는? 드디어 공개합니다,운동·액티비티
🏅요일별운동·액티비티🏅 금요일 하체집중 근력운동·액티비티 15분 루틴!,운동·액티비티
🏅요일별운동·액티비티🏅 목요일 상체집중 근력운동·액티비티 15분 루틴!,운동·액티비티
🏅요일별운동·액티비티🏅 수요일 체지방 태우는 고강도 타바타 루틴!!,운동·액티비티
🏅요일별운동·액티비티🏅 화요일 아랫배/똥배 없애는 역대급 운동·액티비티 루틴!,운동·액티비티
"🏅요일별운동·액티비티🏅 월요일 전신코어/속근육강화 15분 루틴, 허리통증 NO!!!",운동·액티비티
힙으뜸 체지방 태우는 전신 운동·액티비티 20분 루틴 ㅣ20MIN FULL BODY WORKOUT,운동·액티비티
복근만들기 30일 챌린지 2탄 (abs workout challenge 30days),운동·액티비티
내가 ASMR에 재능이 있을 줄은... (Korean whispering asmr),운동·액티비티
"(구독자 이벤트) 레깅스 리뷰 2탄!!! 그란데라인, 인지액티브, 템플, 스컬피그, 비나앤코, 데비웨어, 애슬리트. 과연 심으뜸의 1pick leggings는?",운동·액티비티
"심으뜸 요가복 레깅스 리뷰 1탄!!! 콘치웨어, 런블랙, 이츠데이, STL (총 11개 국내브랜드)",운동·액티비티
요가 강사 아영황의 필라테스 수난시대 ...,운동·액티비티
"바카야로가 바보인 줄 몰랐던 심으뜸... 두번째 요가체험, 웃음보장ㅋㅋㅋㅋ",운동·액티비티
"헬스장 기구 레그컬 머신 이렇게 하세요! (햄스트링강화, 하체운동·액티비티)",운동·액티비티
"러닝머신 30분 프로그램 준비했어요!!!! 경사도X, 신나는bgm, 체지방태우실 분???",운동·액티비티
"헬스장 전신운동·액티비티 올인원 루틴, 홈트로 활용 가능!! feat. 땀터짐 주의, 근력운동·액티비티 여자",운동·액티비티
아침을 깨우는 25분 전신운동·액티비티루틴 2탄 I 25MIN GOOD MORNING WORKOUT - NO EQUIPMENT,운동·액티비티
[힙터뷰] 로꼬의 스쿼트 실력은...? 스쿼트하면서 신곡 '잠이 들어야' 부르기ㅋㅋㅋ,운동·액티비티
"AOMG 로꼬가 찾아왔습니다. 전역기념으로 거북목교정, 필라테스 레슨해드림!!",운동·액티비티
힙으뜸 슬로우버피 100개챌린지 ft.짧고 굵게 체지방 태우는 운동·액티비티,운동·액티비티
요요 온 돼람이를 집으로 불렀습니다.....,운동·액티비티
살이 안 찌는 데에는 다 이유가 있습니다. ft.체지방만 찐 멸치,운동·액티비티
"(층간소음X) 역대급 홈트레이닝 루틴 공개!!!! 급찐급빠 매운맛ver. 살찐자, 확찐자 다 들어오세요ㅋㅋㅋ",운동·액티비티
"체지방 태우는 러닝머신 프로그램 (경사도조절X), 꼭 이렇게 타보세요!!!",운동·액티비티
"[힙터뷰] 스쿼트하면서 눈물의 70만기념 Q/A, MC김계란",운동·액티비티
"힙으뜸 기초체력 홈트 15분루틴 (ft.땀폭발 전신순환운동·액티비티, 코어운동·액티비티)",운동·액티비티
"돼람이 다이어트 비포/애프터, 프로필촬영 현장, 놀러온 멸치, 수원통닭 먹방",운동·액티비티
"살 빠지는 전신운동·액티비티루틴 3탄! 급찐급빠, 과식 후 운동·액티비티 (feat. 돼람이 촬영 D-1 운동·액티비티루틴)",운동·액티비티
증량 어렵지 않아요. 멸치탈출 증량팁 공개!,운동·액티비티
멸치X돼람X으뜸 셋이 만났어요!!,운동·액티비티
살이 빠질 수 밖에 없는 전신운동·액티비티루틴 2탄!!! 수건 꼭 준비하세요...,운동·액티비티
38kg 그녀의 도전 시작합니다.,운동·액티비티
눈물의 묵언수행... 감정선 폭발한 심으뜸,운동·액티비티
이두가 화났어요... 파워리프팅 도전기ep3,운동·액티비티
살 찌우는 방법 알려드릴게요. 멸치 증량상담 싹 공개!!!,운동·액티비티
멸치가 집에 놀러왔어요!!!!,운동·액티비티
"살 좀 빠진 돼람이, 운동·액티비티하다 도망갔습니다. 다이어트 4주차 점검",운동·액티비티
요가가 이렇게 재밌는 건가요? 요가신동이라 불러주세요ㅋㅋㅋ,운동·액티비티
심으뜸 요가계 진출...? 물구나무서기 배웠어요!!,운동·액티비티
"김계란과 함께 ""좀 웃긴"" 파워리프팅 도전기ep2",운동·액티비티
"38kg 멸치동생과 52kg 으뜸언니의 첫만남, 9시간동안 놀고 왔어요!!!",운동·액티비티
심으뜸 인내심테스트...? 갈 길이 먼 돼람이의 다이어트 3주차 점검,운동·액티비티
6주만에 오다리가 이렇게 변했다고?????,운동·액티비티
돼람이 멘탈 무너졌습니다.... 이대로 다이어트 포기?,운동·액티비티
드디어 중량훈련을 시작합니다. 심으뜸 파워리프팅 도전기 ep1,운동·액티비티
필라테스vs헬스 구분해드림!!!!! 어떤 운동·액티비티이 살이 더 잘 빠질까?,운동·액티비티
조교 김계란과 사이드 레터럴 레이즈를 해보았습니다.,운동·액티비티
돼람이 다이어트 1주차 점검.... 이렇게 쉽게 살이 빠진다고???,운동·액티비티
64kg모델이 찾아왔습니다. (체지방률31%실화?),운동·액티비티
하루15분 옆구리/뒷구리 운동·액티비티,운동·액티비티
딱 10분만! 스쿼트 타바타 l 8MIN SQUAT TABATA,운동·액티비티
힙쓰러스트 중량 100kg 도전했습니다.. 결과는?,운동·액티비티
힙쓰러스트 중량을 원하십니까? with 계란형,운동·액티비티
8MIN TABATA WORKOUT I 전신 고강도 타바타 8분 (진짜힘듦주의),운동·액티비티
"엉밑살 제거운동·액티비티 끝판왕. 정확하게 자극점 찾는 방법, 셀룰라이트, 순환관리, 운동·액티비티법 대공개!!!",운동·액티비티
"옆구리, 뒷구리 이제 안녕할 때가 되었습니다....",운동·액티비티
마운틴클라이머의 정석 I How to mountain climber,운동·액티비티
하루100개 스쿼트 챌린지(응용동작으로 재밌게 하기),운동·액티비티
상하체불균형 : 상체비만 운동·액티비티법 I upper body strength and fat burning workout,운동·액티비티
망했어요….. 유튜브 테러당했습니다.....,운동·액티비티
ENG) 상하체불균형 : 하체비만 운동·액티비티법 I Leg fat burning workout and stretch,운동·액티비티
ENG) 체지방 태우는 고강도 타바타+스쿼트 챌린지(땀폭발주의) I TABATA + SQUAT CHALLENGE,운동·액티비티
"층간소음 없는 전신유산소 20분 I Fat burning cardio workout 20min (no jumping,no noise)",운동·액티비티
매일 아침을 깨우는 25분 전신운동·액티비티루틴 I 25 MIN GOOD MORNING WORKOUT - Stretch & Train (No Equipment),운동·액티비티
ENG) 10MIN CORE WORKOUT I 하루10분 코어운동·액티비티,운동·액티비티
"ENG) 앞벅지 슬리밍 폼롤러 필라테스 (아랫배는 덤!!!!)| Slim legs workout, pilates at home",운동·액티비티
ENG) Hollow body hold | 할로우의 정석(코어운동·액티비티 끝판왕!!),운동·액티비티
Bridge100 challenge | 브릿지 100개 챌린지,운동·액티비티
Full body workout 50min | 살 찐 분들 들어오세요! 전신운동·액티비티루틴,운동·액티비티
ENG)심으뜸 식단조절 안 하는 이유? | Why eat only greens?,운동·액티비티
"ENG)중둔근운동·액티비티 20분 홈트 이걸로 끝!!! (골반교정, 틀어진골반, 승마살, 힙업) | Gluteus medius exercises at home",운동·액티비티
"ENG)슈퍼맨 100개 챌린지 (척추교정, 후면사슬/코어강화, 필라테스)",운동·액티비티
"ENG)슈퍼맨의 정석. 스쿼트, 코어운동·액티비티 어려운 분들 필수!!!!!!!!",운동·액티비티
"ENG)하체비만 탈출하는 방법, 상하체불균형 가이드라인",운동·액티비티
"ENG)하루 10분 런지 (feat. 중둔근 강화, 힙업, 하체다이어트)",운동·액티비티
ENG) Best daily abs workout at home I 지금부터 딱 3개월!! 하루 10분 복근운동·액티비티,운동·액티비티
ENG)몸선 얇아지는 방법(심으뜸 근육량 4kg 뺀 방법),운동·액티비티
ENG)스쿼트 1000개 with 김계란…. feat. 45분짜리 코미디영상,운동·액티비티
ENG)플랭크 30분 챌린지(배 찢어짐 주의),운동·액티비티
ENG)스쿼트 500개 챌린지 함께 해요!,운동·액티비티
"ENG)심으뜸이 중량운동·액티비티을 하지 않는 이유? (김계란, 블리스님 소환!!!!!)",운동·액티비티
"먹방요정 심으뜸, 보조출연 김계란.. 주말/먹방 브이로그",운동·액티비티
"ENG)13년동안 꾸준히 운동·액티비티할 수 있었던 이유, 노하우 공개",운동·액티비티
"ENG)하루10분 슬로우버피 (feat.기초체력, 유산소운동·액티비티)",운동·액티비티
ENG)허벅지 안쪽살 터는 와이드스쿼트 100개 챌린지,운동·액티비티
"ENG)와이드 스쿼트 이걸로 끝!! 정확한 자세, 효과, 운동·액티비티팁",운동·액티비티
엉덩이폭파 프로그램 2탄 (엉덩이 근육통 완전 보장!!!),운동·액티비티
ENG)심으뜸 런지 300개 챌린지 with 피지컬갤러리,운동·액티비티
ENG)사이드런지의 정석 (방청객있음 주의),운동·액티비티
같이 운동·액티비티하려다 망했어요.... feat. 버피 업그레이드 버전,운동·액티비티
"헬스장 어깨운동·액티비티 루틴, 승모근 개입없이 삼각근만 불태우기!!!!",운동·액티비티
"가슴운동·액티비티 20분 실전편 (겨드랑이 군살제거, 상체근력, 말린어깨, 굽은등)",운동·액티비티
살 빠지는 전신운동·액티비티 루틴 with 피지컬갤러리,운동·액티비티
ENG)슬로우버피 100개 챌린지 with 피지컬갤러리,운동·액티비티
"중둔근 운동·액티비티 베스트 운동·액티비티 5가지 (feat.골반교정, 골반안정, 힙업)",운동·액티비티
힙딥(Hip dip) 없애는 운동·액티비티? 힙딥 원인? 운동·액티비티하는 분들 꼭 보세요!,운동·액티비티
여자 가슴운동·액티비티 기초 이걸로 끝! 상체근력 키우는 방법,운동·액티비티
헬린이 가슴운동·액티비티 자극점 찾는 법 알려드림!!,운동·액티비티
ENG)하루10분 스쿼트로 기초 체력 기르기!,운동·액티비티
"(재업로드) 폭식, 과식 후 운동·액티비티 이걸로! 50분 전신운동·액티비티 프로그램",운동·액티비티
"ENG)매일하는 30일 플랭크 챌린지 (feat.기초근력, 코어힘 기르기)",운동·액티비티
"홈트밴드 대표운동·액티비티 10가지 (feat.전신운동·액티비티, 코어, 홈트레이닝)",운동·액티비티
ENG)복근의 정석. 복근운동·액티비티할 때 허리 아픈 사람 클릭!,운동·액티비티
ENG)복근의 정석. 복근운동·액티비티할 때 목 아픈 사람 클릭!,운동·액티비티
스쿼트 800개 챌린지 (feat. 어쩌면 지구력 테스트),운동·액티비티
덤벨 기립근 운동·액티비티 (feat.등 운동·액티비티 기초+실전+응용편),운동·액티비티
역대급 아랫배 운동·액티비티법 실전편 (feat. 심으뜸 필라테스),운동·액티비티
"운동·액티비티전 워밍업 필라테스(feat. 운동·액티비티초보, 입문자 필수시청!! 목/어깨/허리 통증완화)",운동·액티비티
ENG)복근만들기 30일 챌린지 (feat. 최고의 복근운동·액티비티),운동·액티비티
기구없이 등운동·액티비티 끝내기(no equipment),운동·액티비티
복근운동·액티비티? 유산소? 복근 만드는 법(feat.단기간 11자 복근 만들기),운동·액티비티
"저녁운동·액티비티후 식사, 어떻게 하나요?(feat.운동·액티비티효과 높이는 방법)",운동·액티비티
"ENG)무조건 빠지는 아랫배 운동·액티비티법 (feat.내장지방, 똥배 없애기)",운동·액티비티
힙업+복근+코어운동·액티비티 이거 하나로 끝! / 홈트레이닝 BEST 운동·액티비티루틴,운동·액티비티
심으뜸 스쿼트 300개 챌린지 (feat.힙업/하체다이어트),운동·액티비티
"직장인, 학생을 위한 BEST 스트레칭 (feat.목/어깨/허리통증/하체부종/스트레스)",운동·액티비티
"심으뜸 근육량, 체지방률 최초 공개!!! 근육량 늘리는 방법 + 체성분 분석 가이드",운동·액티비티
힙운동·액티비티 효율적으로 잘하는 방법!(feat.힙운동·액티비티 가이드),운동·액티비티
어깨 운동·액티비티 이걸로 끝!!! 상체라인 예쁘게 만드는 방법,운동·액티비티
최고의 복근운동·액티비티 Best4! 효율적인 헬스장 복근 운동·액티비티 루틴,운동·액티비티
[ENG] 운동·액티비티 전 최고의 스트레칭! 10분만 따라해도 운동·액티비티효과 대박!,운동·액티비티
애플힙 스쿼트! 집에서 하는 BEST 하체 운동·액티비티! 올 여름엔 애플힙 만들어보아요🍎,운동·액티비티
"운동·액티비티후 스트레칭 모음, 이거 하나면 운동·액티비티효과 2배! 쿨다운 끝!",운동·액티비티
"ENG)초급자 스쿼트 200개 챌린지, 천천히 스쿼트 하기, 스쿼트 효과",운동·액티비티
"심으뜸 일주일 다이어트 3kg 감량식단 공개/ 유지어터 식단, 일반식",운동·액티비티
심으뜸 헬스장 상체운동·액티비티 루틴 upper body gym workout routine,운동·액티비티
심으뜸 헬스장 하체운동·액티비티 루틴 Legs workout routine at gym,운동·액티비티
초보자를 위한 하루 5분 복근 루틴 l 5 minutes abs workout,운동·액티비티
누워서 하는 힙운동·액티비티 7분 따라하기(Lying hip-up workout),운동·액티비티
ENG) 힙으뜸 슬로우버피 챌린지 l 유산소 끝판왕 l slow burpee challenge,운동·액티비티
뒷벅지와 힙라인을 한번에! 레그프레스 운동·액티비티법 How to leg press,운동·액티비티
ENG)매일 아침 8분 스트레칭 l 8minutes morning full body stretch,운동·액티비티
개미허리🐜 복근+코어운동·액티비티 6분 프로그램 sliming waist workout,운동·액티비티
종아리 얇아지고 싶다면 1일 1스트레칭 I Massage & Stretchin for slim calves,운동·액티비티
"누구나 해야하는 장요근 스트레칭 I The ultimate hip stretch, iliopsoas stretching",운동·액티비티
등 운동·액티비티 입문하기 Step1 (feat.군살제거/탄탄탄 등 라인 만들기),운동·액티비티
ENG)스쿼트 100개 챌린지 2탄(난이도 업그레이드),운동·액티비티
"튜브살 완전제거 따라하기 l 실전편 l (feat. 뒷구리살, 옆구리살 빼기)",운동·액티비티
"튜브살 완전제거(feat.뒷구리살, 옆구리살 안녕~~~)",운동·액티비티
심으뜸 오열한 역대급 깜짝 프로포즈😭💍,운동·액티비티
누구나 해야하는 견갑골 안정화 운동·액티비티(feat.상체운동·액티비티을 잘 하는 방법),운동·액티비티
"ENG)폼롤러의 정석 하체마사지편 (feat.하체순환, 하체부종, 다리라인)",운동·액티비티
폼롤러의 정석 상체마사지편 l 심으뜸의 마이너스라이프,운동·액티비티
"두툼한 팔뚝옆살 운동·액티비티법 (feat.어깨라인, 팔라인을 예쁘게!)",운동·액티비티
하체비만 탈출 6분 프로그램 Legs fat burn workout for women,운동·액티비티
심으뜸의 허벅지 안쪽살 빼기 운동·액티비티(feat.코어강화+하체순환 효과),운동·액티비티
칼로리 버닝 전신 유산소 10분(feat.복근+힙업 효과까지!),운동·액티비티
탄탄하고 예쁜 하체라인을 위한 필수템 I 헬스장 레그익스텐션 I 심으뜸,운동·액티비티
ENG)무릎 통증 한번에 해결하기!(feat.운동·액티비티할 때 무릎이 아픈 이유),운동·액티비티
뒤태의 완성은 기립근 (부제: 베스트 등 운동·액티비티 3가지 ) ㅣ 심으뜸,운동·액티비티
"ENG)플랭크의 정석 (feat.플랭크 자세, 효과)",운동·액티비티
"ENG)푸쉬업의 정석 (feat. 초보자 푸쉬업 잘 하는 법, 푸쉬업 자세+효과) I 심으뜸 필라테스",운동·액티비티
"ENG)스쿼트가 어렵다면 브릿지부터!(feat.허리강화+골반교정+힙업 3in1) I 브릿지 자세, 효과",운동·액티비티
11자 복근 찾아내기(feat. 누구나 복근은 있다) ㅣ심으뜸 베스트 복근운동·액티비티루틴,운동·액티비티
헬스장 스텝퍼로 엉덩이 폭파시키는 방법 !! (엉밑살 빼기 + 힙업 효과 ) ㅣ 심으뜸,운동·액티비티
코어를 강화시키는 7분 기초필라테스 I 복부 힘 기르기 I 심으뜸 필라테스,운동·액티비티
"집에서 배우는 기초 필라테스 I ""코어에 좋아요"" I 심으뜸 필라테스",운동·액티비티
ENG)엉덩이폭파시키는 8분 힙운동·액티비티 I 베스트 힙업운동·액티비티 I 심으뜸,운동·액티비티
애플힙 심으뜸이 알려주는 엉덩이 폭파운동·액티비티 5가지 I 베스트 힙업운동·액티비티ㅣ minus life,운동·액티비티
"심으뜸과 런지 100개 챌린지 I 힙업 프로젝트 I 엉짱, 애플힙 가즈아~~~!ㅣ100 lunges challenge",운동·액티비티
ENG)엉짱 심으뜸이 알려주는 런지의 정석 I 힙업/힙운동·액티비티/힙업운동·액티비티 I basic lungeㅣhow to do lunge,운동·액티비티
ENG)심으뜸과 스쿼트 100개 챌린지 Squats For Beginners: How to do a Squat Correctlyㅣchallenge,운동·액티비티
"자기전 숙면을 도와주는 10분 스트레칭 ㅣ저녁, 운동·액티비티 전후 스트레칭 ㅣ 심으뜸ㅣ10 min bedtime stretch",운동·액티비티
ENG)애플힙 심으뜸이 알려주는 알려주는 스쿼트의 정석(힙업을 위한 basic squat) l How to do Squat,운동·액티비티