title,club_main_category_id
메이드 카페에서 처음 만난 그녀와 한국여행·동행까지 총정리,여행·동행
오랜 일본팬이 갑자기 최애의 아이돌을 만난다면 - 미나미(끝),여행·동행
일본 여사친과 가슴 따뜻한 전통한옥 1박2일 - 미나미(3),여행·동행
첫 해외여행·동행 온 일본 여사친의 소원 들어주기 - 미나미(2),여행·동행
"메이드 그녀, 초호화 크루즈로 한국에 오다 - 미나미(1)",여행·동행
다비치 누나들과 섬 마을에서 생긴일 - 홍콩(下),여행·동행
다비치와 떠나는 꿈의 2박3일 여행·동행기 - 홍콩(上),여행·동행
7년전 나를 구원해준 스페인 은인 찾아가기,여행·동행
꿈의 구단 맨체스터 시티 레전드와 만난 사연 - 영국(2),여행·동행
세계 최고의 축구게임 본사에 가다 - 영국(1),여행·동행
고도비만 청년의 신년맞이 1일1식 다이어트,여행·동행
메이드 그녀와 1박2일 기차여행·동행을 가다 - 일본(끝),여행·동행
퇴사한 메이드카페 그녀를 만나다 - 일본(3),여행·동행
요상한 지하아이돌 콘서트에 가다 - 일본(2),여행·동행
한류스타와 일본에 가다 - 일본(1),여행·동행
필리핀 숨겨진 섬에서 2023년 마무리 - 필리핀(끝),여행·동행
필리핀식 백만원짜리 대저택 파티 - 필리핀(2),여행·동행
직원들 속이고 갑자기 해외여행·동행 데려가는 회사 - 필리핀(1),여행·동행
전기자전거 국토종주 카메라 분실사건,여행·동행
유일한 형제의 결혼식 브이로그 - 곽컴퍼니(3),여행·동행
다섯 청춘 남녀가 무인도에 가면 생기는 일 - 곽컴퍼니(2),여행·동행
망해가는 패션스타트업 부활 프로젝트 - 곽컴퍼니(1),여행·동행
쿠바에서 가장 비싼 호텔에서 마무리 - 쿠바(끝),여행·동행
세계에서 가장 저렴한 무제한 호텔 - 쿠바(5),여행·동행
단돈 만원짜리 쿠바식 환상의 민박 - 쿠바(4),여행·동행
너무나도 저렴한 쿠바 산골마을 여행·동행 - 쿠바(3),여행·동행
경제위기 쿠바에서 하드코어 흥정배틀 - 쿠바(2),여행·동행
공산국가 쿠바에서 다시 만난 3인조 - 쿠바(1),여행·동행
술이 무한으로 나오는 미쳐버린 멕시코 기차 - 북중미(10),여행·동행
내겐 너무 친절한 멕시코 마을축제 - 북중미(9),여행·동행
세계에서 가장 기괴한 시장 투어 - 북중미(8),여행·동행
모든 음식이 무제한으로 나오는 멕시코 호텔 - 북중미(7),여행·동행
폐쇄된 정글에서 공짜밥 얻어먹은 사연 - 북중미(6),여행·동행
모든 것이 비싼 벨리즈라는 나라 - 북중미(5),여행·동행
고난의 모터보트 국경넘기 대작전 - 북중미(4),여행·동행
혼돈의 과테말라 길거리 음식 유랑기 - 북중미(3),여행·동행
하루 3만원짜리 과테말라 기숙사 생활 - 북중미(2),여행·동행
"새로운 여행·동행, 라틴아메리카에서 시작 - 북중미(1)",여행·동행
제주도 최고의 여행·동행지를 찾아서 - 제주(3),여행·동행
두 남자의 파티게스트하우스 1박 2일 - 제주(2),여행·동행
두 남자의 초호화 크루즈 여행·동행기 - 제주(1),여행·동행
세계 1위 아이스크림 본사 탐방기 - 미국(下),여행·동행
혼란과 위기의 미국 입국 24시 - 미국(上),여행·동행
네 청춘남녀의 부산 풀코스 여행·동행기,여행·동행
1억짜리 대저택에서 보낸 3일 - 아제르바이잔(5),여행·동행
산기슭 신기한 초자연온천 대모험 - 아제르바이잔(4),여행·동행
인적드문 이상한 산골마을 여행·동행기 - 아제르바이잔(3),여행·동행
퇴사한지 3년만에 돌아온 직장 - 아제르바이잔(2),여행·동행
500만원짜리 초호화 일등석 비행후기 - 아제르바이잔(1),여행·동행
찐따 최후의 고백 대작전 - 찐따록(완),여행·동행
술자리에서 만난 이상형 그녀 - 찐따록(5),여행·동행
"복학생, 클럽에 가다 - 찐따록(4)",여행·동행
복학 일주일 만에 휴학하게 된 사연 - 찐따록(3),여행·동행
복학생이 신입생 꼬시는 방법 - 찐따록(2),여행·동행
"복학한 찐따, 사랑을 시작하다 - 찐따록(1)",여행·동행
찐따록 : 인간 곽준빈 예고,여행·동행
32세 스타트업 대표의 개업식 - 이사(끝),여행·동행
15평 원룸 사무실 셀프 인테리어 후기 - 이사(3),여행·동행
성공한 찐따의 한강뷰 이주 대작전 - 이사(2),여행·동행
신년 한강뷰 이사 프로젝트 - 이사(1),여행·동행
연말 파주 노천온천에서 보낸 2박3일 여행·동행,여행·동행
500만원짜리 VIP 비즈니스석 탑승 후기,여행·동행
굿바이 카타르 월드컵 - 카타르(끝),여행·동행
벤투 감독님과 월드컵 16강행 직관한 썰 - 카타르(4),여행·동행
미쳐버린 중동 물가 초호화 체험기 - 카타르(3),여행·동행
월드컵 가나전 VIP석 직관 후기 - 카타르(2),여행·동행
월드컵개최국 카타르 수도 둘러보기 - 카타르(1),여행·동행
고도비만 남성의 기적적 간헐적 단식 후기,여행·동행
두 나라로 갈라진 이상한 국경마을 탐방,여행·동행
최고의 수리남 요리를 찾아서 - 수리남(3),여행·동행
수리남 정글에서 살아남기 - 수리남(2),여행·동행
수리남으로 간 사나이 - 수리남(1),여행·동행
"찐따, 그녀와 부산 캠핑카에서 1박 2일 여행·동행(下)",여행·동행
"찐따, 그녀의 고향에 1박2일 초대받다(中)",여행·동행
"찐따, 외딴 섬에 그녀와 1박2일 캠핑을 가다(上)",여행·동행
일본의 무한온천마을 먹방 대모험 - 일본(5),여행·동행
일본 기차타고 1박2일 만칼로리 먹방투어 - 일본(4),여행·동행
일본 여사친과 시골 축제에 가다 - 일본(3),여행·동행
"찐따, 일본 오타쿠의 성지에 가다 - 일본(2)",여행·동행
도쿄의 고독한 대식가 - 일본(1),여행·동행
끊임없이 음식이 나오는 한국 귀국 브이로그,여행·동행
우즈베키스탄식 초호화 5성 호텔에서 마지막 - 우즈벡(끝),여행·동행
멀고도 험한 한국으로 가는 길 - 우즈벡(6),여행·동행
돌아온 우즈베키스탄식 괴상한 결혼식 - 우즈벡(5),여행·동행
한국어 능력자들이 모여사는 마을 생활 - 우즈벡(4),여행·동행
중앙아시아 사막의 오아시스를 찾아서 - 우즈벡(3),여행·동행
폭염의 오지마을에서 한달살기 시작 - 우즈벡(2),여행·동행
내가 우즈베키스탄에 돌아온 이유 - 우즈벡(1),여행·동행
두 찐따가 스트리머와 1박 2일 여행·동행가면 생기는 일(Feat.여기어때),여행·동행
단역배우 출신의 웹드라마 주연 데뷔 브이로그,여행·동행
찐따남의 가슴 따뜻한 서울 여행·동행기,여행·동행
환상의 섬에서 만칼로리 먹방 기행 - 괌 下,여행·동행
두 찐따가 스튜어디스와 휴양지에 가면 생기는 일 - 괌 上,여행·동행
서울 노른자땅에서 쓰리룸 자취방을 찾아라,여행·동행
산속에 숨겨진 비밀의 사우나에서 1박 - 국내여행·동행(4),여행·동행
울산 여행·동행은 정말로 노잼인걸까? - 국내여행·동행(3),여행·동행
"대게의 성지, 영덕 대모험 - 국내여행·동행(2)",여행·동행
450년 전에 지어진 한옥에서 한달살기 시작 - 국내여행·동행(1),여행·동행
가슴 따뜻한 18평 풀옵션 빌라 집들이 - 자취(7),여행·동행
중고 레이 사러 갔다가 외제차 사온 사연 - 자취(6),여행·동행
골동품 인테리어로 꽉 찬 침실 대변신 - 자취(5),여행·동행
고도비만 양성 확진자의 일주일 격리 생존기,여행·동행
고도비만 남성의 최후의 김계란 다이어트 일주일,여행·동행
"18평 빌라 거실, 스마트오피스로 미친 대변신 - 자취(4)",여행·동행
서울 산꼭대기 18평 풀옵션 빌라 이사하는 날 - 자취(3),여행·동행
서울에서 가장 저렴한 지역을 찾아서 - 자취(2),여행·동행
1억으로 미쳐버린 서울 집 구하기 현실버전 - 자취(1),여행·동행
반년만에 갑자기 유명해져버린 사람의 서울 탐방,여행·동행
세계여행·동행 못다한 비하인드 영상 모음,여행·동행
반년만에 완전히 뒤바뀌어버린 한국 일상 복귀,여행·동행
시베리아 열차타고 반년만에 집으로 - 세계여행·동행(끝),여행·동행
한겨울 극한 러시아에서 오로라를 보는 방법 - 세계여행·동행(38),여행·동행
최고급 러시아 비즈니스석 입국 후기 - 세계여행·동행(37),여행·동행
날씨가 미친듯이 바뀌는 신비한 화산섬 여행·동행 - 세계여행·동행(35),여행·동행
스페인 환상의 섬에서 캠핑카 대모험 - 세계여행·동행(34),여행·동행
유럽 고급 이발소 체험 - 세계여행·동행(33),여행·동행
"미식의 나라 스페인, 드디어 입성 - 세계여행·동행(32)",여행·동행
세 남자의 우즈베키스탄 마지막 이야기 - 세계여행·동행(31),여행·동행
한국어 능력자 마을의 이상한 승마 축제 - 세계여행·동행(30),여행·동행
열악한 우즈베키스탄 꼴찌팀에서 보낸 4일 - 세계여행·동행(29),여행·동행
올해 세계여행·동행 계획이 바뀐 건에 대하여,여행·동행
우즈베키스탄 시골집에 소파 선물해주기 - 세계여행·동행(28),여행·동행
한국어 능력자가 넘쳐나는 이상한 마을 결혼식 - 세계여행·동행(27),여행·동행
우즈베키스탄 시골마을 먹방 일기 - 세계여행·동행(26),여행·동행
러시아에서 만났던 이방인을 찾아서 - 세계여행·동행(25),여행·동행
우즈베키스탄 입국하자마자 이상한 동행 - 세계여행·동행(24),여행·동행
카자흐스탄 농촌 가정방문 - 세계여행·동행(23),여행·동행
130만원짜리 러시아 우주기지 투어 - 세계여행·동행(22),여행·동행
따뜻한 카자흐스탄 가정에서의 하루 - 세계여행·동행(21),여행·동행
이상한 택시기사와 워터파크에서 1박 2일 - 세계여행·동행(20),여행·동행
"곽튜브 자주 묻는 질문과 답변 , 큐엔에이",여행·동행
힘겨운 카자흐스탄 열차 꼬리칸 24시 - 세계여행·동행(19),여행·동행
카자흐스탄 산골 온천마을 대모험 - 세계여행·동행(18),여행·동행
카자흐스탄의 이상한 사슴피 목욕탕 - 세계여행·동행(17),여행·동행
소련의 극비 방사능 호수에 가다 - 세계여행·동행(16),여행·동행
카자흐스탄 만칼로리 먹방 기행 - 세계여행·동행(15),여행·동행
처음 본 카자흐스탄 여성과의 기묘한 모험 - 세계여행·동행(14),여행·동행
소련 강제 수용소 도시 탐험 - 세계여행·동행(13),여행·동행
혼돈의 러시아 대탈출 48시간 - 세계여행·동행(12),여행·동행
갑자기 러시아에 남게 된 이유 - 세계여행·동행(11),여행·동행
6년만에 재회한 러시아 친구와 여행·동행 - 세계여행·동행(10),여행·동행
최고급 시베리아 횡단열차 2등석 후기 - 세계여행·동행(9),여행·동행
숨겨진 소련 휴양지 탐험 - 세계여행·동행(8),여행·동행
러시아 수도에서의 먹방 일상 - 세계여행·동행(7),여행·동행
머나먼 북극마을 대모험 - 세계여행·동행(6),여행·동행
만원짜리 소련 아파트 생활 - 세계여행·동행(5),여행·동행
끝없는 시베리아 횡단열차 꼬리칸에서의 숙식 - 세계여행·동행(4),여행·동행
러시아 최대 벼룩시장 대탐험 - 세계여행·동행(3),여행·동행
러시아 백신 관광의 현실 - 세계여행·동행(2),여행·동행
혼돈의 러시아 입국 후기 - 세계여행·동행(1),여행·동행
남자들의 마지막 2박3일 여름여행·동행기 下,여행·동행
남자들의 마지막 2박3일 여름여행·동행기 上,여행·동행
청담동 고급 연예인 헬스장 개인 트레이닝 체험 후기,여행·동행
"산기슭 지상낙원, 비밀의 계곡 가보기",여행·동행
일주일간 기적의 저탄고지 다이어트로 비만 탈출하기,여행·동행
고도비만 청년의 일주일간 배달음식 1일1식 다이어트 후기,여행·동행
에티오피아 VIP 여행·동행객이 출국하는 과정 - 에티오피아(끝),여행·동행
아프리카 지하 유적도시 가보기 - 에티오피아(5),여행·동행
진짜 아프리카 원주민 마을에서 먹고 자기 - 에티오피아(4),여행·동행
아프리카 작은 시골마을 여행·동행기 - 에티오피아(3),여행·동행
낯선 땅 에티오피아 수도 맛보기 - 에티오피아(2),여행·동행
초호화 비즈니스 클래스로 아프리카 대륙 이동하기 - 에티오피아(1),여행·동행
미지의 대륙 아프리카 출국하기 - 에티오피아(0),여행·동행
고도비만 남성의 강남 필라테스 다이어트 후기,여행·동행
"미친 물가 울릉도, 비수기에 여행·동행해보기",여행·동행
자취 한달 만에 60만원치 가구 바꾸기(ft.빠니보틀) - 서울살이 10,여행·동행
8평 원룸 자취생의 가슴 따뜻한 하루 - 서울살이 09,여행·동행
이케아 용품으로 8평 원룸 PC방 꾸미기 - 서울살이 08,여행·동행
지방출신 원룸 자취생의 홍대 생활 탐방기 - 서울살이 07,여행·동행
30년 부산 토박이의 단골가게 유랑 브이로그,여행·동행
자취 4년차 독거청년의 8평 원룸 집들이 - 서울살이 06,여행·동행
"8평 원룸 영화관, PC방 공간분리 인테리어 해보기 - 서울살이 05",여행·동행
대학가 초역세권 8평 원룸 이사하기 - 서울살이 04,여행·동행
빈방 넘쳐흐르는 대학가 자취방 구하기 - 서울살이 03,여행·동행
여수 가성비 1박2일 풀코스 패키지 여행·동행 후기,여행·동행
월세지옥 강남에서 자취방 구해보기 - 서울살이 02,여행·동행
지방사람의 강남 옥탑쪽방 입성기(ft. 빠니보틀) - 서울살이 01,여행·동행
부산 시골마을 별장에서 삼시세끼 챙겨먹기 먹방,여행·동행
고도비만 환자의 5일간 채식 다이어트 후기,여행·동행
가성비 오션뷰 풀빌라 솔직한 탐방기 - 겨울여행·동행 끝,여행·동행
극한의 얼음지옥에서 낚시 해보기 - 겨울여행·동행 05,여행·동행
잊혀진 강원도 평창의 인기 관광지 둘러보기 - 겨울여행·동행 04,여행·동행
쓰레기 주워서 인적드문 겨울산에서 눈썰매 타기 - 겨울여행·동행 03,여행·동행
"혹한의 땅 강원도, 눈으로만 이글루 만들어보기 - 겨울여행·동행 02",여행·동행
잊혀진 평창올림픽 선수촌 아파트에서 한달살기 - 겨울여행·동행 01,여행·동행
고도비만 남성의 신년맞이 기적의 곤약 다이어트 후기,여행·동행
2020년 결산 : 전업 여행·동행 유튜버 1년차 후기,여행·동행
여행·동행자를 위한 노트북과 함께 떠난 창원 여행·동행,여행·동행
찐따출신 청년의 유년시절 추억 돌아보기,여행·동행
9일간 집에 박혀있다 부산 낙동강따라 고독한 도보여행·동행,여행·동행
솔직하고 진지한 곽튜브의 모든 것 Q&A,여행·동행
한국의 소림사에서 1박2일 특이한 템플스테이 여행·동행기,여행·동행
부산의 꿈 많은 단역배우 촬영현장 브이로그,여행·동행
남도 음식과 함께한 늦가을 전라남도 여수 여행·동행기,여행·동행
가슴 따뜻한 늦가을 전라남도 순천 여행·동행기,여행·동행
부산 최고급 뷔페에서 밥먹고 럭셔리 요트에서 숙박하기,여행·동행
20년전 버려진 무인도에서 낚시하고 캠핑세끼 챙겨먹기,여행·동행
"부산 먹방의 성지, 남포동 맛집 순례길",여행·동행
숨겨진 낚시명당에서 쿠팡 최저가 낚싯대와 캠핑하기,여행·동행
부산시민대표로 부산세계시민축제 개막식 가보기,여행·동행
당신이 모르는 부산의 숨겨진 동굴 탐험기,여행·동행
고도비만 남성의 극한 아이유 다이어트 체험기,여행·동행
고도비만 환자의 간헐적 단식 다이어트 체험 후기,여행·동행
쉽게 알려주는 통영의 역사문화기행,여행·동행
추석 성수기에도 장사가 안되는 과일가게의 하루,여행·동행
남성전용 브라질리언 왁싱샵 리얼 체험기(With 빠니보틀),여행·동행
성공한 아싸의 모교에서 강연해보기,여행·동행
소꿉놀이 세트만 들고 무인도에서 3일간 생존하기,여행·동행
부산토박이가 알려주는 부산 풀코스 여행·동행의 진실,여행·동행
사라진 부곡하와이 앞에서 최고급 온천하기 - 전국일주 끝,여행·동행
깊은 산속 훈련장에서 고소공포증 극복하기 - 전국일주 12,여행·동행
울릉도 미친물가 맛집 탐방기 - 전국일주 11,여행·동행
"여름 성수기, 강원도의 한적한 해수욕장 찾아보기 - 전국일주 10",여행·동행
대한민국 최북단에 위치한 김일성 별장가서 실망하기 - 전국일주 09,여행·동행
신형 렉스턴 스포츠 칸과 함께 럭셔리 차박 캠핑 해보기,여행·동행
100/30 서울 역세권 옥탑방 생활기 - 전국일주 08,여행·동행
고도비만 환자의 3일간 단식원 다이어트 후기 - 전국일주 07,여행·동행
여름 성수기에 사람 한명 없는 숨겨진 계곡 가보기 - 전국일주 06,여행·동행
경상도에서 강원도까지 극한의 도보여행·동행 - 전국일주 05,여행·동행
경상도의 외딴 시골마을 1박2일 여행·동행기 - 전국일주 04,여행·동행
경주에서 가장 싼 게스트하우스에서 요양하기 - 전국일주 03,여행·동행
오토바이 얻어타고 경남 창원 여행·동행하기 - 전국일주 02,여행·동행
고도비만 여행·동행가의 부산에서 창원까지 도보여행·동행 다이어트 - 전국일주 01,여행·동행
고등학교 자퇴생의 짧은 인생 이야기,여행·동행
"거제도의 인적드문 바닷마을 여행·동행기(With. 쏘이,제이,이나)",여행·동행
일손이 부족한 매실농가 단기알바 체험기,여행·동행
인적드문 지리산 산골 사찰에서 하루 보내기,여행·동행
깊은 산골 인적드문 자연 속 공짜 워터파크 가보기,여행·동행
무인도에서 버려진 물건들로 자급자족 생존여행·동행,여행·동행
"17년전 버려진 무인도, 폐교에서 캠핑하기",여행·동행
고도비만 여행·동행가의 부산에서 밀양까지 도보여행·동행 다이어트,여행·동행
한국 최대 애니메이션 박물관 가보기(Feat.빠니보틀),여행·동행
"닭갈비의 성지, 춘천 닭갈비 골목 순례길(Feat. 빠니보틀)",여행·동행
"서울먹방의 성지, 노량진 컵밥 순례길(Feat. 빠니보틀)",여행·동행
태국 여행·동행가와 해방촌 태국식당 솔직한 탐방기,여행·동행
인도 여행·동행가와 이태원 인도식당 솔직한 탐방기,여행·동행
러시아 여행·동행가의 동대문 러시아식당 솔직한 탐방기,여행·동행
초보캠퍼의 무인도 캠핑중 강풍주의보 맛보기,여행·동행
한국에서 가장 가기 쉬운 무인도 여행·동행,여행·동행
"쿠팡, 다이소에서 산 최저가용품으로 캠핑해보기",여행·동행
조금 이른 4월의 사람 없는 지리산계곡 여행·동행하기,여행·동행
부산골목맛집탐방 - 만덕 한우꼬리곰탕,여행·동행
부산골목맛집탐방 - 가성비최강 문현동 국수,여행·동행
고도비만의 짧은 저탄고지 생존다이어트 후기 vlog,여행·동행
고도비만의 일주일간 1일1식 생존다이어트 후기 vlog,여행·동행
영하 45°C 야외에서 컵라면을 먹으면 바로 얼어붙을까?,여행·동행
세상 가장 추운 마을 '오이먀콘'에서의 사냥과 낚시 - 러시아(10),여행·동행
"최저온도 -71.2℃, 지구상 가장 추운마을 '오이먀콘'으로 가는 길 - 러시아(9)",여행·동행
얼어붙은 강 위에 만든 시베리아 얼음 테마파크 가보기 - 러시아(8),여행·동행
혹한의 겨울왕국에서 러시아 전통사우나 해보기 - 러시아(7),여행·동행
러시아 시베리아 자가생존 브이로그 - 러시아(6),여행·동행
"블라디보스톡 호텔 숙소 비교체험 18만원vs18,000원 - 러시아(5)",여행·동행
불곰국에서 러시아식 사슴샐러드와 곰요리 먹어보기 - 러시아(4),여행·동행
"러시아 시골마을, 얼어붙은 바다에서 낚시하기 - 러시아(3)",여행·동행
러시아전공자의 블라디보스톡 찐 러시아 전통음식 탐방기 - 러시아(2),여행·동행
2월 25일 러시아 블라디보스톡 입국하기 - 러시아(1),여행·동행
"섬여행·동행 끝판왕, 나만 알고싶은 섬 여서도 둘러보기 - 한국여행·동행 05",여행·동행
"전라남도 최남단, 신비의 섬 여서도에서 텐트치고 야영하기 - 한국여행·동행 04",여행·동행
"아름다운 숲과 정원의 섬, 전라남도 보길도 도보여행·동행기 - 한국 여행·동행 03",여행·동행
"빈집인줄 알았던 할아버지댁에 처음보는 조선족이 살고있다 - 한국여행·동행, 전라남도 보길도 02",여행·동행
세계여행·동행 대신 빡세게 국내여행·동행 - 전라남도 해남으로 출발 01,여행·동행
부산 구포시장 쇼핑하고 돌아다니기,여행·동행
설날 대목 과일가게 알바의 하루 브이로그,여행·동행
세계에서 가장 큰 노스페이스 매장 가보기 - 러시아여행·동행 방한 준비,여행·동행
추억의 동네에서 나만 아는 부산 최고의 해물칼국수 먹방,여행·동행
아무도 모르는 부산 최고의 돼지국밥 맛집 먹방,여행·동행
"아제르바이잔 유튜버의 부산적응 브이로그 - 먹방, 이발",여행·동행
퇴사후 세계여행·동행? 자주 묻는 질문과 앞으로의 계획,여행·동행
2020년 새해에는 아제르바이잔을 떠납니다.,여행·동행
한달살기? 당신이 아제르바이잔에 오기전에 참고하면 좋을 영상,여행·동행
추운 겨울 따뜻한 아제르바이잔식 염소갈비찜 먹기,여행·동행
유럽식 아제르바이잔 크리스마스마켓에서 길거리 음식 먹방하기,여행·동행
"아제르바이잔의 아침식사는 어떨까? 오믈렛, 카이막 먹방",여행·동행
"단돈 6천원! 명품들이 즐비한 아제르바이잔 의류시장 방문기(짝퉁 발렌시아가, 구찌, 롤렉스 등)",여행·동행
몸을 직접 사우나통에 넣고 지지는 신개념 아제르바이잔식 찜질방 체험,여행·동행
친구집가서 아제르바이잔 가정식 국밥 요리 얻어먹기,여행·동행
외국에 사는 한국인의 가슴따뜻한 주말 브이로그 I 인간 곽준빈 극장,여행·동행
"맥주 1리터 2500원, 메추리구이 2000원, 미쳐버린 가격의 아제르바이잔 맥주공장에 다녀왔습니다.",여행·동행
"아제르바이잔 길거리음식은 어떨까? 바클라바, 되네르케밥",여행·동행
"세계먹방기행 - 터키 이스탄불의 보석, 고등어 케밥",여행·동행
"두바이 호텔 4군데를 다녀온후 가벼운 비교체험기/프리미어인 두바이 에어포트, 로열톤, 하얏트, 아시아나 호텔",여행·동행
상공 50m에 올라가는 고오급 레스토랑에 다녀왔습니다/두바이 디너인더스카이,여행·동행
"사막도시 두바이의 실내 스키장, 스키 두바이에 다녀왔습니다(With 빠니보틀)",여행·동행
아제르바이잔 항공(AZAL)/국제공항 이용해보고 리뷰하기,여행·동행
아제르바이잔에도 핑크호수가 있다?,여행·동행
아제르바이잔 케이팝 댄스모임에 다녀왔습니다. K-Pop in Public Azerbaijan.,여행·동행
아제르바이잔 병원에 다녀왔습니다.,여행·동행
"조지아 유황온천, 때밀이, 오일마사지 체험하고 왔습니다.",여행·동행
"바위를 깎아만든 조지아의 고대 동굴도시에 다녀왔습니다. 우플리스치케, 삼타비시 여행·동행",여행·동행
아제르바이잔 1등석 야간기차 14시간타고 조지아여행·동행차 국경넘어 보았습니다.,여행·동행
아제르바이잔 현지 바버샵에가서 연예인(류준열) 사진 보여주고 한국스타일로 이발 부탁해보았습니다.,여행·동행
"오락실에 자이로드롭이?! 아제르바이잔 종합 오락실 체험하고 왔습니다. 범퍼카, 암벽등반, 펌프 등..",여행·동행
2000원 주고 유로2020 예선 크로아티아vs아제르바이잔 직관 하고왔습니다(모드리치 선발),여행·동행
현지 친구집에 초대받아 야외에서 굽는 리얼 양갈비 먹방 하고왔습니다. Lamb mukbang,여행·동행
아제르바이잔 여자사람친구가 추천하는 식당에 가서 아제르바이잔에서의 한국에 대한 인식에 대해 얘기하고 왔습니다,여행·동행
아제르바이잔 진흙 화산에서 머드목욕을 하고 왔습니다. 머드 볼케이노 머드팩 체험여행·동행! Azerbaijan Mud volcano travel,여행·동행
"아제르바이잔 3,000원 점심식사 든든하게 해결하고 왔습니다. 3000원 아제르 가정식 먹방",여행·동행
아제르바이잔의 아파트는 어떻게 생겼을까? 해외 아파트 월세는 얼마일까? 사는집 공개!,여행·동행
아제르바이잔 밤길은 과연 안전할까? 치안테스트!,여행·동행
아제르바이잔 현지 시장에서 돼지고기 사서 보쌈해먹기 요리&먹방 Pork mukbang show,여행·동행