﻿Number,Content
1,ㅅㅂ좆같네ㄹㅇ 내마지막 희망인데
2,애새끼들 물고빠는 장난감이야 그랗다쳐도  밧데리는좆같네구형...
3,그래뭐 나도마찬가지엿겟지 연예인애들도 좆같은데 웬만하면 95퍼센트 전부 애새끼들은 좆같고&...
4,특히 여름이 제일 좆같음 곧있으면 여름인데그린란드나 추코트카자치구 같은 4계절 추운나라에서 살고싶다...
5,애비는 공군 대령이고애미는 간호장교 대위까지 하다가 지금 대학병원 수간호사 곧 퇴직함.외동이라 어릴...
6,한두번이 아니라게이새끼들 팬티쳐입은개좆같은 광고 자꾸 뜨는데죽여버리고싶다
7,일 시작부터 남이 쓰던 장갑 줘서 손에 담배냄새 다 배기고 씨발 4명이서 해야 할 일을 일...
8,애한테  임마  라고 하면 욕인가??? 딱딱하게  야 임마! 이...
9,한달에 쌩돈 30씩 처 나가는데 개 씨발
10,아무리 전화해도 전화 받는 부서조차 없다는 게 더 빡침사기 피해가 이미 5건 이상 쌓여 있는 사기꾼...
21,ㅅㅂ좆같네ㄹㅇ 내마지막 희망인데
22,애새끼들 물고빠는 장난감이야 그랗다쳐도  밧데리는좆같네구형...
23,그래뭐 나도마찬가지엿겟지 연예인애들도 좆같은데 웬만하면 95퍼센트 전부 애새끼들은 좆같고&...
24,특히 여름이 제일 좆같음 곧있으면 여름인데그린란드나 추코트카자치구 같은 4계절 추운나라에서 살고싶다...
25,애비는 공군 대령이고애미는 간호장교 대위까지 하다가 지금 대학병원 수간호사 곧 퇴직함.외동이라 어릴...
26,한두번이 아니라게이새끼들 팬티쳐입은개좆같은 광고 자꾸 뜨는데죽여버리고싶다
27,일 시작부터 남이 쓰던 장갑 줘서 손에 담배냄새 다 배기고 씨발 4명이서 해야 할 일을 일...
28,애한테  임마  라고 하면 욕인가??? 딱딱하게  야 임마! 이...
29,한달에 쌩돈 30씩 처 나가는데 개 씨발
30,아무리 전화해도 전화 받는 부서조차 없다는 게 더 빡침사기 피해가 이미 5건 이상 쌓여 있는 사기꾼...
41,ㅅㅂ좆같네ㄹㅇ 내마지막 희망인데
42,애새끼들 물고빠는 장난감이야 그랗다쳐도  밧데리는좆같네구형...
43,그래뭐 나도마찬가지엿겟지 연예인애들도 좆같은데 웬만하면 95퍼센트 전부 애새끼들은 좆같고&...
44,특히 여름이 제일 좆같음 곧있으면 여름인데그린란드나 추코트카자치구 같은 4계절 추운나라에서 살고싶다...
45,애비는 공군 대령이고애미는 간호장교 대위까지 하다가 지금 대학병원 수간호사 곧 퇴직함.외동이라 어릴...
46,한두번이 아니라게이새끼들 팬티쳐입은개좆같은 광고 자꾸 뜨는데죽여버리고싶다
47,일 시작부터 남이 쓰던 장갑 줘서 손에 담배냄새 다 배기고 씨발 4명이서 해야 할 일을 일...
48,애한테  임마  라고 하면 욕인가??? 딱딱하게  야 임마! 이...
49,한달에 쌩돈 30씩 처 나가는데 개 씨발
50,아무리 전화해도 전화 받는 부서조차 없다는 게 더 빡침사기 피해가 이미 5건 이상 쌓여 있는 사기꾼...
61,ㅅㅂ좆같네ㄹㅇ 내마지막 희망인데
62,애새끼들 물고빠는 장난감이야 그랗다쳐도  밧데리는좆같네구형...
63,그래뭐 나도마찬가지엿겟지 연예인애들도 좆같은데 웬만하면 95퍼센트 전부 애새끼들은 좆같고&...
64,특히 여름이 제일 좆같음 곧있으면 여름인데그린란드나 추코트카자치구 같은 4계절 추운나라에서 살고싶다...
65,애비는 공군 대령이고애미는 간호장교 대위까지 하다가 지금 대학병원 수간호사 곧 퇴직함.외동이라 어릴...
66,한두번이 아니라게이새끼들 팬티쳐입은개좆같은 광고 자꾸 뜨는데죽여버리고싶다
67,일 시작부터 남이 쓰던 장갑 줘서 손에 담배냄새 다 배기고 씨발 4명이서 해야 할 일을 일...
68,애한테  임마  라고 하면 욕인가??? 딱딱하게  야 임마! 이...
69,한달에 쌩돈 30씩 처 나가는데 개 씨발
70,아무리 전화해도 전화 받는 부서조차 없다는 게 더 빡침사기 피해가 이미 5건 이상 쌓여 있는 사기꾼...
81,ㅅㅂ좆같네ㄹㅇ 내마지막 희망인데
82,애새끼들 물고빠는 장난감이야 그랗다쳐도  밧데리는좆같네구형...
83,그래뭐 나도마찬가지엿겟지 연예인애들도 좆같은데 웬만하면 95퍼센트 전부 애새끼들은 좆같고&...
84,특히 여름이 제일 좆같음 곧있으면 여름인데그린란드나 추코트카자치구 같은 4계절 추운나라에서 살고싶다...
85,애비는 공군 대령이고애미는 간호장교 대위까지 하다가 지금 대학병원 수간호사 곧 퇴직함.외동이라 어릴...
86,한두번이 아니라게이새끼들 팬티쳐입은개좆같은 광고 자꾸 뜨는데죽여버리고싶다
87,일 시작부터 남이 쓰던 장갑 줘서 손에 담배냄새 다 배기고 씨발 4명이서 해야 할 일을 일...
88,애한테  임마  라고 하면 욕인가??? 딱딱하게  야 임마! 이...
89,한달에 쌩돈 30씩 처 나가는데 개 씨발
90,아무리 전화해도 전화 받는 부서조차 없다는 게 더 빡침사기 피해가 이미 5건 이상 쌓여 있는 사기꾼...
101,ㅅㅂ좆같네ㄹㅇ 내마지막 희망인데
102,애새끼들 물고빠는 장난감이야 그랗다쳐도  밧데리는좆같네구형...
103,그래뭐 나도마찬가지엿겟지 연예인애들도 좆같은데 웬만하면 95퍼센트 전부 애새끼들은 좆같고&...
104,특히 여름이 제일 좆같음 곧있으면 여름인데그린란드나 추코트카자치구 같은 4계절 추운나라에서 살고싶다...
105,애비는 공군 대령이고애미는 간호장교 대위까지 하다가 지금 대학병원 수간호사 곧 퇴직함.외동이라 어릴...
106,한두번이 아니라게이새끼들 팬티쳐입은개좆같은 광고 자꾸 뜨는데죽여버리고싶다
107,일 시작부터 남이 쓰던 장갑 줘서 손에 담배냄새 다 배기고 씨발 4명이서 해야 할 일을 일...
108,애한테  임마  라고 하면 욕인가??? 딱딱하게  야 임마! 이...
109,한달에 쌩돈 30씩 처 나가는데 개 씨발
110,아무리 전화해도 전화 받는 부서조차 없다는 게 더 빡침사기 피해가 이미 5건 이상 쌓여 있는 사기꾼...
121,ㅅㅂ좆같네ㄹㅇ 내마지막 희망인데
122,애새끼들 물고빠는 장난감이야 그랗다쳐도  밧데리는좆같네구형...
123,그래뭐 나도마찬가지엿겟지 연예인애들도 좆같은데 웬만하면 95퍼센트 전부 애새끼들은 좆같고&...
124,특히 여름이 제일 좆같음 곧있으면 여름인데그린란드나 추코트카자치구 같은 4계절 추운나라에서 살고싶다...
125,애비는 공군 대령이고애미는 간호장교 대위까지 하다가 지금 대학병원 수간호사 곧 퇴직함.외동이라 어릴...
126,한두번이 아니라게이새끼들 팬티쳐입은개좆같은 광고 자꾸 뜨는데죽여버리고싶다
127,일 시작부터 남이 쓰던 장갑 줘서 손에 담배냄새 다 배기고 씨발 4명이서 해야 할 일을 일...
128,애한테  임마  라고 하면 욕인가??? 딱딱하게  야 임마! 이...
129,한달에 쌩돈 30씩 처 나가는데 개 씨발
130,아무리 전화해도 전화 받는 부서조차 없다는 게 더 빡침사기 피해가 이미 5건 이상 쌓여 있는 사기꾼...
141,ㅅㅂ좆같네ㄹㅇ 내마지막 희망인데
142,애새끼들 물고빠는 장난감이야 그랗다쳐도  밧데리는좆같네구형...
143,그래뭐 나도마찬가지엿겟지 연예인애들도 좆같은데 웬만하면 95퍼센트 전부 애새끼들은 좆같고&...
144,특히 여름이 제일 좆같음 곧있으면 여름인데그린란드나 추코트카자치구 같은 4계절 추운나라에서 살고싶다...
145,애비는 공군 대령이고애미는 간호장교 대위까지 하다가 지금 대학병원 수간호사 곧 퇴직함.외동이라 어릴...
146,한두번이 아니라게이새끼들 팬티쳐입은개좆같은 광고 자꾸 뜨는데죽여버리고싶다
147,일 시작부터 남이 쓰던 장갑 줘서 손에 담배냄새 다 배기고 씨발 4명이서 해야 할 일을 일...
148,애한테  임마  라고 하면 욕인가??? 딱딱하게  야 임마! 이...
149,한달에 쌩돈 30씩 처 나가는데 개 씨발
150,아무리 전화해도 전화 받는 부서조차 없다는 게 더 빡침사기 피해가 이미 5건 이상 쌓여 있는 사기꾼...
161,ㅅㅂ좆같네ㄹㅇ 내마지막 희망인데
162,애새끼들 물고빠는 장난감이야 그랗다쳐도  밧데리는좆같네구형...
163,그래뭐 나도마찬가지엿겟지 연예인애들도 좆같은데 웬만하면 95퍼센트 전부 애새끼들은 좆같고&...
164,특히 여름이 제일 좆같음 곧있으면 여름인데그린란드나 추코트카자치구 같은 4계절 추운나라에서 살고싶다...
165,애비는 공군 대령이고애미는 간호장교 대위까지 하다가 지금 대학병원 수간호사 곧 퇴직함.외동이라 어릴...
166,한두번이 아니라게이새끼들 팬티쳐입은개좆같은 광고 자꾸 뜨는데죽여버리고싶다
167,일 시작부터 남이 쓰던 장갑 줘서 손에 담배냄새 다 배기고 씨발 4명이서 해야 할 일을 일...
168,애한테  임마  라고 하면 욕인가??? 딱딱하게  야 임마! 이...
169,한달에 쌩돈 30씩 처 나가는데 개 씨발
170,아무리 전화해도 전화 받는 부서조차 없다는 게 더 빡침사기 피해가 이미 5건 이상 쌓여 있는 사기꾼...
181,ㅅㅂ좆같네ㄹㅇ 내마지막 희망인데
182,애새끼들 물고빠는 장난감이야 그랗다쳐도  밧데리는좆같네구형...
183,그래뭐 나도마찬가지엿겟지 연예인애들도 좆같은데 웬만하면 95퍼센트 전부 애새끼들은 좆같고&...
184,특히 여름이 제일 좆같음 곧있으면 여름인데그린란드나 추코트카자치구 같은 4계절 추운나라에서 살고싶다...
185,애비는 공군 대령이고애미는 간호장교 대위까지 하다가 지금 대학병원 수간호사 곧 퇴직함.외동이라 어릴...
186,한두번이 아니라게이새끼들 팬티쳐입은개좆같은 광고 자꾸 뜨는데죽여버리고싶다
187,일 시작부터 남이 쓰던 장갑 줘서 손에 담배냄새 다 배기고 씨발 4명이서 해야 할 일을 일...
188,애한테  임마  라고 하면 욕인가??? 딱딱하게  야 임마! 이...
189,한달에 쌩돈 30씩 처 나가는데 개 씨발
190,아무리 전화해도 전화 받는 부서조차 없다는 게 더 빡침사기 피해가 이미 5건 이상 쌓여 있는 사기꾼...
201,ㅅㅂ좆같네ㄹㅇ 내마지막 희망인데
202,애새끼들 물고빠는 장난감이야 그랗다쳐도  밧데리는좆같네구형...
203,그래뭐 나도마찬가지엿겟지 연예인애들도 좆같은데 웬만하면 95퍼센트 전부 애새끼들은 좆같고&...
204,특히 여름이 제일 좆같음 곧있으면 여름인데그린란드나 추코트카자치구 같은 4계절 추운나라에서 살고싶다...
205,애비는 공군 대령이고애미는 간호장교 대위까지 하다가 지금 대학병원 수간호사 곧 퇴직함.외동이라 어릴...
206,한두번이 아니라게이새끼들 팬티쳐입은개좆같은 광고 자꾸 뜨는데죽여버리고싶다
207,일 시작부터 남이 쓰던 장갑 줘서 손에 담배냄새 다 배기고 씨발 4명이서 해야 할 일을 일...
208,애한테  임마  라고 하면 욕인가??? 딱딱하게  야 임마! 이...
209,한달에 쌩돈 30씩 처 나가는데 개 씨발
210,아무리 전화해도 전화 받는 부서조차 없다는 게 더 빡침사기 피해가 이미 5건 이상 쌓여 있는 사기꾼...
221,ㅅㅂ좆같네ㄹㅇ 내마지막 희망인데
222,애새끼들 물고빠는 장난감이야 그랗다쳐도  밧데리는좆같네구형...
223,그래뭐 나도마찬가지엿겟지 연예인애들도 좆같은데 웬만하면 95퍼센트 전부 애새끼들은 좆같고&...
224,특히 여름이 제일 좆같음 곧있으면 여름인데그린란드나 추코트카자치구 같은 4계절 추운나라에서 살고싶다...
225,애비는 공군 대령이고애미는 간호장교 대위까지 하다가 지금 대학병원 수간호사 곧 퇴직함.외동이라 어릴...
226,한두번이 아니라게이새끼들 팬티쳐입은개좆같은 광고 자꾸 뜨는데죽여버리고싶다
227,일 시작부터 남이 쓰던 장갑 줘서 손에 담배냄새 다 배기고 씨발 4명이서 해야 할 일을 일...
228,애한테  임마  라고 하면 욕인가??? 딱딱하게  야 임마! 이...
229,한달에 쌩돈 30씩 처 나가는데 개 씨발
230,아무리 전화해도 전화 받는 부서조차 없다는 게 더 빡침사기 피해가 이미 5건 이상 쌓여 있는 사기꾼...
241,ㅅㅂ좆같네ㄹㅇ 내마지막 희망인데
242,애새끼들 물고빠는 장난감이야 그랗다쳐도  밧데리는좆같네구형...
243,그래뭐 나도마찬가지엿겟지 연예인애들도 좆같은데 웬만하면 95퍼센트 전부 애새끼들은 좆같고&...
244,특히 여름이 제일 좆같음 곧있으면 여름인데그린란드나 추코트카자치구 같은 4계절 추운나라에서 살고싶다...
245,애비는 공군 대령이고애미는 간호장교 대위까지 하다가 지금 대학병원 수간호사 곧 퇴직함.외동이라 어릴...
246,한두번이 아니라게이새끼들 팬티쳐입은개좆같은 광고 자꾸 뜨는데죽여버리고싶다
247,일 시작부터 남이 쓰던 장갑 줘서 손에 담배냄새 다 배기고 씨발 4명이서 해야 할 일을 일...
248,애한테  임마  라고 하면 욕인가??? 딱딱하게  야 임마! 이...
249,한달에 쌩돈 30씩 처 나가는데 개 씨발
250,아무리 전화해도 전화 받는 부서조차 없다는 게 더 빡침사기 피해가 이미 5건 이상 쌓여 있는 사기꾼...
261,ㅅㅂ좆같네ㄹㅇ 내마지막 희망인데
262,애새끼들 물고빠는 장난감이야 그랗다쳐도  밧데리는좆같네구형...
263,그래뭐 나도마찬가지엿겟지 연예인애들도 좆같은데 웬만하면 95퍼센트 전부 애새끼들은 좆같고&...
264,특히 여름이 제일 좆같음 곧있으면 여름인데그린란드나 추코트카자치구 같은 4계절 추운나라에서 살고싶다...
265,애비는 공군 대령이고애미는 간호장교 대위까지 하다가 지금 대학병원 수간호사 곧 퇴직함.외동이라 어릴...
266,한두번이 아니라게이새끼들 팬티쳐입은개좆같은 광고 자꾸 뜨는데죽여버리고싶다
267,일 시작부터 남이 쓰던 장갑 줘서 손에 담배냄새 다 배기고 씨발 4명이서 해야 할 일을 일...
268,애한테  임마  라고 하면 욕인가??? 딱딱하게  야 임마! 이...
269,한달에 쌩돈 30씩 처 나가는데 개 씨발
270,아무리 전화해도 전화 받는 부서조차 없다는 게 더 빡침사기 피해가 이미 5건 이상 쌓여 있는 사기꾼...
281,ㅅㅂ좆같네ㄹㅇ 내마지막 희망인데
282,애새끼들 물고빠는 장난감이야 그랗다쳐도  밧데리는좆같네구형...
283,그래뭐 나도마찬가지엿겟지 연예인애들도 좆같은데 웬만하면 95퍼센트 전부 애새끼들은 좆같고&...
284,특히 여름이 제일 좆같음 곧있으면 여름인데그린란드나 추코트카자치구 같은 4계절 추운나라에서 살고싶다...
285,애비는 공군 대령이고애미는 간호장교 대위까지 하다가 지금 대학병원 수간호사 곧 퇴직함.외동이라 어릴...
286,한두번이 아니라게이새끼들 팬티쳐입은개좆같은 광고 자꾸 뜨는데죽여버리고싶다
287,일 시작부터 남이 쓰던 장갑 줘서 손에 담배냄새 다 배기고 씨발 4명이서 해야 할 일을 일...
288,애한테  임마  라고 하면 욕인가??? 딱딱하게  야 임마! 이...
289,한달에 쌩돈 30씩 처 나가는데 개 씨발
290,아무리 전화해도 전화 받는 부서조차 없다는 게 더 빡침사기 피해가 이미 5건 이상 쌓여 있는 사기꾼...
301,ㅅㅂ좆같네ㄹㅇ 내마지막 희망인데
302,애새끼들 물고빠는 장난감이야 그랗다쳐도  밧데리는좆같네구형...
303,그래뭐 나도마찬가지엿겟지 연예인애들도 좆같은데 웬만하면 95퍼센트 전부 애새끼들은 좆같고&...
304,특히 여름이 제일 좆같음 곧있으면 여름인데그린란드나 추코트카자치구 같은 4계절 추운나라에서 살고싶다...
305,애비는 공군 대령이고애미는 간호장교 대위까지 하다가 지금 대학병원 수간호사 곧 퇴직함.외동이라 어릴...
306,한두번이 아니라게이새끼들 팬티쳐입은개좆같은 광고 자꾸 뜨는데죽여버리고싶다
307,일 시작부터 남이 쓰던 장갑 줘서 손에 담배냄새 다 배기고 씨발 4명이서 해야 할 일을 일...
308,애한테  임마  라고 하면 욕인가??? 딱딱하게  야 임마! 이...
309,한달에 쌩돈 30씩 처 나가는데 개 씨발
310,아무리 전화해도 전화 받는 부서조차 없다는 게 더 빡침사기 피해가 이미 5건 이상 쌓여 있는 사기꾼...
321,ㅅㅂ좆같네ㄹㅇ 내마지막 희망인데
322,애새끼들 물고빠는 장난감이야 그랗다쳐도  밧데리는좆같네구형...
323,그래뭐 나도마찬가지엿겟지 연예인애들도 좆같은데 웬만하면 95퍼센트 전부 애새끼들은 좆같고&...
324,특히 여름이 제일 좆같음 곧있으면 여름인데그린란드나 추코트카자치구 같은 4계절 추운나라에서 살고싶다...
325,애비는 공군 대령이고애미는 간호장교 대위까지 하다가 지금 대학병원 수간호사 곧 퇴직함.외동이라 어릴...
326,한두번이 아니라게이새끼들 팬티쳐입은개좆같은 광고 자꾸 뜨는데죽여버리고싶다
327,일 시작부터 남이 쓰던 장갑 줘서 손에 담배냄새 다 배기고 씨발 4명이서 해야 할 일을 일...
328,애한테  임마  라고 하면 욕인가??? 딱딱하게  야 임마! 이...
329,한달에 쌩돈 30씩 처 나가는데 개 씨발
330,아무리 전화해도 전화 받는 부서조차 없다는 게 더 빡침사기 피해가 이미 5건 이상 쌓여 있는 사기꾼...
341,ㅅㅂ좆같네ㄹㅇ 내마지막 희망인데
342,애새끼들 물고빠는 장난감이야 그랗다쳐도  밧데리는좆같네구형...
343,그래뭐 나도마찬가지엿겟지 연예인애들도 좆같은데 웬만하면 95퍼센트 전부 애새끼들은 좆같고&...
344,특히 여름이 제일 좆같음 곧있으면 여름인데그린란드나 추코트카자치구 같은 4계절 추운나라에서 살고싶다...
345,애비는 공군 대령이고애미는 간호장교 대위까지 하다가 지금 대학병원 수간호사 곧 퇴직함.외동이라 어릴...
346,한두번이 아니라게이새끼들 팬티쳐입은개좆같은 광고 자꾸 뜨는데죽여버리고싶다
347,일 시작부터 남이 쓰던 장갑 줘서 손에 담배냄새 다 배기고 씨발 4명이서 해야 할 일을 일...
348,애한테  임마  라고 하면 욕인가??? 딱딱하게  야 임마! 이...
349,한달에 쌩돈 30씩 처 나가는데 개 씨발
350,아무리 전화해도 전화 받는 부서조차 없다는 게 더 빡침사기 피해가 이미 5건 이상 쌓여 있는 사기꾼...
361,ㅅㅂ좆같네ㄹㅇ 내마지막 희망인데
362,애새끼들 물고빠는 장난감이야 그랗다쳐도  밧데리는좆같네구형...
363,그래뭐 나도마찬가지엿겟지 연예인애들도 좆같은데 웬만하면 95퍼센트 전부 애새끼들은 좆같고&...
364,특히 여름이 제일 좆같음 곧있으면 여름인데그린란드나 추코트카자치구 같은 4계절 추운나라에서 살고싶다...
365,애비는 공군 대령이고애미는 간호장교 대위까지 하다가 지금 대학병원 수간호사 곧 퇴직함.외동이라 어릴...
366,한두번이 아니라게이새끼들 팬티쳐입은개좆같은 광고 자꾸 뜨는데죽여버리고싶다
367,일 시작부터 남이 쓰던 장갑 줘서 손에 담배냄새 다 배기고 씨발 4명이서 해야 할 일을 일...
368,애한테  임마  라고 하면 욕인가??? 딱딱하게  야 임마! 이...
369,한달에 쌩돈 30씩 처 나가는데 개 씨발
370,아무리 전화해도 전화 받는 부서조차 없다는 게 더 빡침사기 피해가 이미 5건 이상 쌓여 있는 사기꾼...
