﻿Number,Content
1,사실 상먹튀개새끼확정 ㅋㅋㅋㅋ
2,이개새끼개병신새끼임민주당은 지 밥그릇 챙기더라도 일은 하는데이새끼는 이도저도 안하고 처...
3,윤두창 애미뒤진 새끼가 물가는 개씹창내놓고 파때문에 민주당 180석 만들어줘놓고 저지랄을...
4,씹걸레 김부선 따먹고 버리기자본주의 심판친일파 성남시개새끼들돈 해쳐먹고 독립운동하기 이재...
5,1400만원짜리 캐스퍼옵션 안들어간 깡통차 사놓고
6,
7,윤석열중러관계 파탄내고 친미 친아드레크롬 친재벌 친빅테크 친자본주의 친서방우파 제도권 개병신새끼들 ...
8,대가리 존나 딸리는개새끼들 세뇌역사 외워서 잘난척하는거 죽여버리고 싶네앞으로 이재명찍는다이씨발새끼들...
9,"노가다 현장에 가면 자주 보이는 유형인데...이빨 빠진개새끼들, 앞니 썩은 개..."
10,왜 짱개새끼들 장사하는 우편물요금을 한국세금으로 지원하냐 G2 대국 거지들을
21,사실 상먹튀개새끼확정 ㅋㅋㅋㅋ
22,이개새끼개병신새끼임민주당은 지 밥그릇 챙기더라도 일은 하는데이새끼는 이도저도 안하고 처...
23,윤두창 애미뒤진 새끼가 물가는 개씹창내놓고 파때문에 민주당 180석 만들어줘놓고 저지랄을...
24,씹걸레 김부선 따먹고 버리기자본주의 심판친일파 성남시개새끼들돈 해쳐먹고 독립운동하기 이재...
25,1400만원짜리 캐스퍼옵션 안들어간 깡통차 사놓고
26,
27,윤석열중러관계 파탄내고 친미 친아드레크롬 친재벌 친빅테크 친자본주의 친서방우파 제도권 개병신새끼들 ...
28,대가리 존나 딸리는개새끼들 세뇌역사 외워서 잘난척하는거 죽여버리고 싶네앞으로 이재명찍는다이씨발새끼들...
29,"노가다 현장에 가면 자주 보이는 유형인데...이빨 빠진개새끼들, 앞니 썩은 개..."
30,왜 짱개새끼들 장사하는 우편물요금을 한국세금으로 지원하냐 G2 대국 거지들을
41,사실 상먹튀개새끼확정 ㅋㅋㅋㅋ
42,이개새끼개병신새끼임민주당은 지 밥그릇 챙기더라도 일은 하는데이새끼는 이도저도 안하고 처...
43,윤두창 애미뒤진 새끼가 물가는 개씹창내놓고 파때문에 민주당 180석 만들어줘놓고 저지랄을...
44,씹걸레 김부선 따먹고 버리기자본주의 심판친일파 성남시개새끼들돈 해쳐먹고 독립운동하기 이재...
45,1400만원짜리 캐스퍼옵션 안들어간 깡통차 사놓고
46,
47,윤석열중러관계 파탄내고 친미 친아드레크롬 친재벌 친빅테크 친자본주의 친서방우파 제도권 개병신새끼들 ...
48,대가리 존나 딸리는개새끼들 세뇌역사 외워서 잘난척하는거 죽여버리고 싶네앞으로 이재명찍는다이씨발새끼들...
49,"노가다 현장에 가면 자주 보이는 유형인데...이빨 빠진개새끼들, 앞니 썩은 개..."
50,왜 짱개새끼들 장사하는 우편물요금을 한국세금으로 지원하냐 G2 대국 거지들을
61,사실 상먹튀개새끼확정 ㅋㅋㅋㅋ
62,이개새끼개병신새끼임민주당은 지 밥그릇 챙기더라도 일은 하는데이새끼는 이도저도 안하고 처...
63,윤두창 애미뒤진 새끼가 물가는 개씹창내놓고 파때문에 민주당 180석 만들어줘놓고 저지랄을...
64,씹걸레 김부선 따먹고 버리기자본주의 심판친일파 성남시개새끼들돈 해쳐먹고 독립운동하기 이재...
65,1400만원짜리 캐스퍼옵션 안들어간 깡통차 사놓고
66,
67,윤석열중러관계 파탄내고 친미 친아드레크롬 친재벌 친빅테크 친자본주의 친서방우파 제도권 개병신새끼들 ...
68,대가리 존나 딸리는개새끼들 세뇌역사 외워서 잘난척하는거 죽여버리고 싶네앞으로 이재명찍는다이씨발새끼들...
69,"노가다 현장에 가면 자주 보이는 유형인데...이빨 빠진개새끼들, 앞니 썩은 개..."
70,왜 짱개새끼들 장사하는 우편물요금을 한국세금으로 지원하냐 G2 대국 거지들을
81,사실 상먹튀개새끼확정 ㅋㅋㅋㅋ
82,이개새끼개병신새끼임민주당은 지 밥그릇 챙기더라도 일은 하는데이새끼는 이도저도 안하고 처...
83,윤두창 애미뒤진 새끼가 물가는 개씹창내놓고 파때문에 민주당 180석 만들어줘놓고 저지랄을...
84,씹걸레 김부선 따먹고 버리기자본주의 심판친일파 성남시개새끼들돈 해쳐먹고 독립운동하기 이재...
85,1400만원짜리 캐스퍼옵션 안들어간 깡통차 사놓고
86,
87,윤석열중러관계 파탄내고 친미 친아드레크롬 친재벌 친빅테크 친자본주의 친서방우파 제도권 개병신새끼들 ...
88,대가리 존나 딸리는개새끼들 세뇌역사 외워서 잘난척하는거 죽여버리고 싶네앞으로 이재명찍는다이씨발새끼들...
89,"노가다 현장에 가면 자주 보이는 유형인데...이빨 빠진개새끼들, 앞니 썩은 개..."
90,왜 짱개새끼들 장사하는 우편물요금을 한국세금으로 지원하냐 G2 대국 거지들을
101,사실 상먹튀개새끼확정 ㅋㅋㅋㅋ
102,이개새끼개병신새끼임민주당은 지 밥그릇 챙기더라도 일은 하는데이새끼는 이도저도 안하고 처...
103,윤두창 애미뒤진 새끼가 물가는 개씹창내놓고 파때문에 민주당 180석 만들어줘놓고 저지랄을...
104,씹걸레 김부선 따먹고 버리기자본주의 심판친일파 성남시개새끼들돈 해쳐먹고 독립운동하기 이재...
105,1400만원짜리 캐스퍼옵션 안들어간 깡통차 사놓고
106,
107,윤석열중러관계 파탄내고 친미 친아드레크롬 친재벌 친빅테크 친자본주의 친서방우파 제도권 개병신새끼들 ...
108,대가리 존나 딸리는개새끼들 세뇌역사 외워서 잘난척하는거 죽여버리고 싶네앞으로 이재명찍는다이씨발새끼들...
109,"노가다 현장에 가면 자주 보이는 유형인데...이빨 빠진개새끼들, 앞니 썩은 개..."
110,왜 짱개새끼들 장사하는 우편물요금을 한국세금으로 지원하냐 G2 대국 거지들을
121,사실 상먹튀개새끼확정 ㅋㅋㅋㅋ
122,이개새끼개병신새끼임민주당은 지 밥그릇 챙기더라도 일은 하는데이새끼는 이도저도 안하고 처...
123,윤두창 애미뒤진 새끼가 물가는 개씹창내놓고 파때문에 민주당 180석 만들어줘놓고 저지랄을...
124,씹걸레 김부선 따먹고 버리기자본주의 심판친일파 성남시개새끼들돈 해쳐먹고 독립운동하기 이재...
125,1400만원짜리 캐스퍼옵션 안들어간 깡통차 사놓고
126,
127,윤석열중러관계 파탄내고 친미 친아드레크롬 친재벌 친빅테크 친자본주의 친서방우파 제도권 개병신새끼들 ...
128,대가리 존나 딸리는개새끼들 세뇌역사 외워서 잘난척하는거 죽여버리고 싶네앞으로 이재명찍는다이씨발새끼들...
129,"노가다 현장에 가면 자주 보이는 유형인데...이빨 빠진개새끼들, 앞니 썩은 개..."
130,왜 짱개새끼들 장사하는 우편물요금을 한국세금으로 지원하냐 G2 대국 거지들을
141,사실 상먹튀개새끼확정 ㅋㅋㅋㅋ
142,이개새끼개병신새끼임민주당은 지 밥그릇 챙기더라도 일은 하는데이새끼는 이도저도 안하고 처...
143,윤두창 애미뒤진 새끼가 물가는 개씹창내놓고 파때문에 민주당 180석 만들어줘놓고 저지랄을...
144,씹걸레 김부선 따먹고 버리기자본주의 심판친일파 성남시개새끼들돈 해쳐먹고 독립운동하기 이재...
145,1400만원짜리 캐스퍼옵션 안들어간 깡통차 사놓고
146,
147,윤석열중러관계 파탄내고 친미 친아드레크롬 친재벌 친빅테크 친자본주의 친서방우파 제도권 개병신새끼들 ...
148,대가리 존나 딸리는개새끼들 세뇌역사 외워서 잘난척하는거 죽여버리고 싶네앞으로 이재명찍는다이씨발새끼들...
149,"노가다 현장에 가면 자주 보이는 유형인데...이빨 빠진개새끼들, 앞니 썩은 개..."
150,왜 짱개새끼들 장사하는 우편물요금을 한국세금으로 지원하냐 G2 대국 거지들을
161,사실 상먹튀개새끼확정 ㅋㅋㅋㅋ
162,이개새끼개병신새끼임민주당은 지 밥그릇 챙기더라도 일은 하는데이새끼는 이도저도 안하고 처...
163,윤두창 애미뒤진 새끼가 물가는 개씹창내놓고 파때문에 민주당 180석 만들어줘놓고 저지랄을...
164,씹걸레 김부선 따먹고 버리기자본주의 심판친일파 성남시개새끼들돈 해쳐먹고 독립운동하기 이재...
165,1400만원짜리 캐스퍼옵션 안들어간 깡통차 사놓고
166,
167,윤석열중러관계 파탄내고 친미 친아드레크롬 친재벌 친빅테크 친자본주의 친서방우파 제도권 개병신새끼들 ...
168,대가리 존나 딸리는개새끼들 세뇌역사 외워서 잘난척하는거 죽여버리고 싶네앞으로 이재명찍는다이씨발새끼들...
169,"노가다 현장에 가면 자주 보이는 유형인데...이빨 빠진개새끼들, 앞니 썩은 개..."
170,왜 짱개새끼들 장사하는 우편물요금을 한국세금으로 지원하냐 G2 대국 거지들을
