﻿Number,Content
1,바로 국내 시장 때문이다. 국내에서는 비싸게 팔구 해외는존나게 싸게 파는거다....
2,"박진우가 일본,중국 둘 다 갔는데 시청자들 공통적인 평가가 중국하고 비교하니 일..."
3,중국음식은 묵을때마다 알싸한 향신료가 맘에 듬 캐비지생선...
4,일 시작부터 남이 쓰던 장갑 줘서 손에 담배냄새 다 배기고 씨발 4명이서 해야 할 일을 일...
5,
6,세계 평균은 비트가 압도적인데우리나라 리플비율 보소도지 비캐도존나많네
7,해명을존나늦게함.논란이 터지면 거의
8,그럼 한달 생활비로 50만원 쓰는 사람은 월급도 50만원만 받고한달 생활비로 3백만원 쓰는 사람은 ...
9,걸게 박일산임 ㅋㅋㅋㅋㅋㅋㅋㅋㅋㅋ
10,현실적으로 돈이 젤 큰 선물인데 그게 없으면 현타존나크다.업계에 이름이라도 남으면 큰 다행일까남...
21,"박진우가 일본,중국 둘 다 갔는데 시청자들 공통적인 평가가 중국하고 비교하니 일..."
22,중국음식은 묵을때마다 알싸한 향신료가 맘에 듬 캐비지생선...
23,일 시작부터 남이 쓰던 장갑 줘서 손에 담배냄새 다 배기고 씨발 4명이서 해야 할 일을 일...
24,
25,세계 평균은 비트가 압도적인데우리나라 리플비율 보소도지 비캐도존나많네
26,해명을존나늦게함.논란이 터지면 거의
27,그럼 한달 생활비로 50만원 쓰는 사람은 월급도 50만원만 받고한달 생활비로 3백만원 쓰는 사람은 ...
28,걸게 박일산임 ㅋㅋㅋㅋㅋㅋㅋㅋㅋㅋ
29,현실적으로 돈이 젤 큰 선물인데 그게 없으면 현타존나크다.업계에 이름이라도 남으면 큰 다행일까남...
30,"africa tv가 아니라afreeca tv인데a free ca 임a free broad""..."
41,"박진우가 일본,중국 둘 다 갔는데 시청자들 공통적인 평가가 중국하고 비교하니 일..."
42,중국음식은 묵을때마다 알싸한 향신료가 맘에 듬 캐비지생선...
43,일 시작부터 남이 쓰던 장갑 줘서 손에 담배냄새 다 배기고 씨발 4명이서 해야 할 일을 일...
44,
45,세계 평균은 비트가 압도적인데우리나라 리플비율 보소도지 비캐도존나많네
46,해명을존나늦게함.논란이 터지면 거의
47,그럼 한달 생활비로 50만원 쓰는 사람은 월급도 50만원만 받고한달 생활비로 3백만원 쓰는 사람은 ...
48,걸게 박일산임 ㅋㅋㅋㅋㅋㅋㅋㅋㅋㅋ
49,현실적으로 돈이 젤 큰 선물인데 그게 없으면 현타존나크다.업계에 이름이라도 남으면 큰 다행일까남...
50,"africa tv가 아니라afreeca tv인데a free ca 임a free broad""..."
61,바로 국내 시장 때문이다. 국내에서는 비싸게 팔구 해외는존나게 싸게 파는거다....
62,"박진우가 일본,중국 둘 다 갔는데 시청자들 공통적인 평가가 중국하고 비교하니 일..."
63,중국음식은 묵을때마다 알싸한 향신료가 맘에 듬 캐비지생선...
64,일 시작부터 남이 쓰던 장갑 줘서 손에 담배냄새 다 배기고 씨발 4명이서 해야 할 일을 일...
65,
66,세계 평균은 비트가 압도적인데우리나라 리플비율 보소도지 비캐도존나많네
67,해명을존나늦게함.논란이 터지면 거의
68,그럼 한달 생활비로 50만원 쓰는 사람은 월급도 50만원만 받고한달 생활비로 3백만원 쓰는 사람은 ...
69,걸게 박일산임 ㅋㅋㅋㅋㅋㅋㅋㅋㅋㅋ
70,현실적으로 돈이 젤 큰 선물인데 그게 없으면 현타존나크다.업계에 이름이라도 남으면 큰 다행일까남...
81,바로 국내 시장 때문이다. 국내에서는 비싸게 팔구 해외는존나게 싸게 파는거다....
82,"박진우가 일본,중국 둘 다 갔는데 시청자들 공통적인 평가가 중국하고 비교하니 일..."
83,중국음식은 묵을때마다 알싸한 향신료가 맘에 듬 캐비지생선...
84,일 시작부터 남이 쓰던 장갑 줘서 손에 담배냄새 다 배기고 씨발 4명이서 해야 할 일을 일...
85,
86,세계 평균은 비트가 압도적인데우리나라 리플비율 보소도지 비캐도존나많네
87,해명을존나늦게함.논란이 터지면 거의
88,그럼 한달 생활비로 50만원 쓰는 사람은 월급도 50만원만 받고한달 생활비로 3백만원 쓰는 사람은 ...
89,걸게 박일산임 ㅋㅋㅋㅋㅋㅋㅋㅋㅋㅋ
90,현실적으로 돈이 젤 큰 선물인데 그게 없으면 현타존나크다.업계에 이름이라도 남으면 큰 다행일까남...
101,"박진우가 일본,중국 둘 다 갔는데 시청자들 공통적인 평가가 중국하고 비교하니 일..."
102,중국음식은 묵을때마다 알싸한 향신료가 맘에 듬 캐비지생선...
103,일 시작부터 남이 쓰던 장갑 줘서 손에 담배냄새 다 배기고 씨발 4명이서 해야 할 일을 일...
104,
105,세계 평균은 비트가 압도적인데우리나라 리플비율 보소도지 비캐도존나많네
106,해명을존나늦게함.논란이 터지면 거의
107,그럼 한달 생활비로 50만원 쓰는 사람은 월급도 50만원만 받고한달 생활비로 3백만원 쓰는 사람은 ...
108,걸게 박일산임 ㅋㅋㅋㅋㅋㅋㅋㅋㅋㅋ
109,현실적으로 돈이 젤 큰 선물인데 그게 없으면 현타존나크다.업계에 이름이라도 남으면 큰 다행일까남...
110,"africa tv가 아니라afreeca tv인데a free ca 임a free broad""..."
121,바로 국내 시장 때문이다. 국내에서는 비싸게 팔구 해외는존나게 싸게 파는거다....
122,"박진우가 일본,중국 둘 다 갔는데 시청자들 공통적인 평가가 중국하고 비교하니 일..."
123,중국음식은 묵을때마다 알싸한 향신료가 맘에 듬 캐비지생선...
124,일 시작부터 남이 쓰던 장갑 줘서 손에 담배냄새 다 배기고 씨발 4명이서 해야 할 일을 일...
125,
126,세계 평균은 비트가 압도적인데우리나라 리플비율 보소도지 비캐도존나많네
127,해명을존나늦게함.논란이 터지면 거의
128,그럼 한달 생활비로 50만원 쓰는 사람은 월급도 50만원만 받고한달 생활비로 3백만원 쓰는 사람은 ...
129,걸게 박일산임 ㅋㅋㅋㅋㅋㅋㅋㅋㅋㅋ
130,현실적으로 돈이 젤 큰 선물인데 그게 없으면 현타존나크다.업계에 이름이라도 남으면 큰 다행일까남...
141,바로 국내 시장 때문이다. 국내에서는 비싸게 팔구 해외는존나게 싸게 파는거다....
142,"박진우가 일본,중국 둘 다 갔는데 시청자들 공통적인 평가가 중국하고 비교하니 일..."
143,중국음식은 묵을때마다 알싸한 향신료가 맘에 듬 캐비지생선...
144,일 시작부터 남이 쓰던 장갑 줘서 손에 담배냄새 다 배기고 씨발 4명이서 해야 할 일을 일...
145,
146,세계 평균은 비트가 압도적인데우리나라 리플비율 보소도지 비캐도존나많네
147,해명을존나늦게함.논란이 터지면 거의
148,그럼 한달 생활비로 50만원 쓰는 사람은 월급도 50만원만 받고한달 생활비로 3백만원 쓰는 사람은 ...
149,걸게 박일산임 ㅋㅋㅋㅋㅋㅋㅋㅋㅋㅋ
150,현실적으로 돈이 젤 큰 선물인데 그게 없으면 현타존나크다.업계에 이름이라도 남으면 큰 다행일까남...
161,바로 국내 시장 때문이다. 국내에서는 비싸게 팔구 해외는존나게 싸게 파는거다....
162,"박진우가 일본,중국 둘 다 갔는데 시청자들 공통적인 평가가 중국하고 비교하니 일..."
163,중국음식은 묵을때마다 알싸한 향신료가 맘에 듬 캐비지생선...
164,일 시작부터 남이 쓰던 장갑 줘서 손에 담배냄새 다 배기고 씨발 4명이서 해야 할 일을 일...
165,
166,세계 평균은 비트가 압도적인데우리나라 리플비율 보소도지 비캐도존나많네
167,해명을존나늦게함.논란이 터지면 거의
168,그럼 한달 생활비로 50만원 쓰는 사람은 월급도 50만원만 받고한달 생활비로 3백만원 쓰는 사람은 ...
169,걸게 박일산임 ㅋㅋㅋㅋㅋㅋㅋㅋㅋㅋ
170,현실적으로 돈이 젤 큰 선물인데 그게 없으면 현타존나크다.업계에 이름이라도 남으면 큰 다행일까남...
181,바로 국내 시장 때문이다. 국내에서는 비싸게 팔구 해외는존나게 싸게 파는거다....
182,"박진우가 일본,중국 둘 다 갔는데 시청자들 공통적인 평가가 중국하고 비교하니 일..."
183,중국음식은 묵을때마다 알싸한 향신료가 맘에 듬 캐비지생선...
184,일 시작부터 남이 쓰던 장갑 줘서 손에 담배냄새 다 배기고 씨발 4명이서 해야 할 일을 일...
185,
186,세계 평균은 비트가 압도적인데우리나라 리플비율 보소도지 비캐도존나많네
187,해명을존나늦게함.논란이 터지면 거의
188,그럼 한달 생활비로 50만원 쓰는 사람은 월급도 50만원만 받고한달 생활비로 3백만원 쓰는 사람은 ...
189,걸게 박일산임 ㅋㅋㅋㅋㅋㅋㅋㅋㅋㅋ
190,현실적으로 돈이 젤 큰 선물인데 그게 없으면 현타존나크다.업계에 이름이라도 남으면 큰 다행일까남...
201,바로 국내 시장 때문이다. 국내에서는 비싸게 팔구 해외는존나게 싸게 파는거다....
202,"박진우가 일본,중국 둘 다 갔는데 시청자들 공통적인 평가가 중국하고 비교하니 일..."
203,중국음식은 묵을때마다 알싸한 향신료가 맘에 듬 캐비지생선...
204,일 시작부터 남이 쓰던 장갑 줘서 손에 담배냄새 다 배기고 씨발 4명이서 해야 할 일을 일...
205,
206,세계 평균은 비트가 압도적인데우리나라 리플비율 보소도지 비캐도존나많네
207,해명을존나늦게함.논란이 터지면 거의
208,그럼 한달 생활비로 50만원 쓰는 사람은 월급도 50만원만 받고한달 생활비로 3백만원 쓰는 사람은 ...
209,걸게 박일산임 ㅋㅋㅋㅋㅋㅋㅋㅋㅋㅋ
210,현실적으로 돈이 젤 큰 선물인데 그게 없으면 현타존나크다.업계에 이름이라도 남으면 큰 다행일까남...
221,바로 국내 시장 때문이다. 국내에서는 비싸게 팔구 해외는존나게 싸게 파는거다....
222,"박진우가 일본,중국 둘 다 갔는데 시청자들 공통적인 평가가 중국하고 비교하니 일..."
223,중국음식은 묵을때마다 알싸한 향신료가 맘에 듬 캐비지생선...
224,일 시작부터 남이 쓰던 장갑 줘서 손에 담배냄새 다 배기고 씨발 4명이서 해야 할 일을 일...
225,
226,세계 평균은 비트가 압도적인데우리나라 리플비율 보소도지 비캐도존나많네
227,해명을존나늦게함.논란이 터지면 거의
228,그럼 한달 생활비로 50만원 쓰는 사람은 월급도 50만원만 받고한달 생활비로 3백만원 쓰는 사람은 ...
229,걸게 박일산임 ㅋㅋㅋㅋㅋㅋㅋㅋㅋㅋ
230,현실적으로 돈이 젤 큰 선물인데 그게 없으면 현타존나크다.업계에 이름이라도 남으면 큰 다행일까남...
241,바로 국내 시장 때문이다. 국내에서는 비싸게 팔구 해외는존나게 싸게 파는거다....
242,"박진우가 일본,중국 둘 다 갔는데 시청자들 공통적인 평가가 중국하고 비교하니 일..."
243,중국음식은 묵을때마다 알싸한 향신료가 맘에 듬 캐비지생선...
244,일 시작부터 남이 쓰던 장갑 줘서 손에 담배냄새 다 배기고 씨발 4명이서 해야 할 일을 일...
245,
246,세계 평균은 비트가 압도적인데우리나라 리플비율 보소도지 비캐도존나많네
247,해명을존나늦게함.논란이 터지면 거의
248,그럼 한달 생활비로 50만원 쓰는 사람은 월급도 50만원만 받고한달 생활비로 3백만원 쓰는 사람은 ...
249,걸게 박일산임 ㅋㅋㅋㅋㅋㅋㅋㅋㅋㅋ
250,현실적으로 돈이 젤 큰 선물인데 그게 없으면 현타존나크다.업계에 이름이라도 남으면 큰 다행일까남...
261,바로 국내 시장 때문이다. 국내에서는 비싸게 팔구 해외는존나게 싸게 파는거다....
262,"박진우가 일본,중국 둘 다 갔는데 시청자들 공통적인 평가가 중국하고 비교하니 일..."
263,중국음식은 묵을때마다 알싸한 향신료가 맘에 듬 캐비지생선...
264,일 시작부터 남이 쓰던 장갑 줘서 손에 담배냄새 다 배기고 씨발 4명이서 해야 할 일을 일...
265,
266,세계 평균은 비트가 압도적인데우리나라 리플비율 보소도지 비캐도존나많네
267,해명을존나늦게함.논란이 터지면 거의
268,그럼 한달 생활비로 50만원 쓰는 사람은 월급도 50만원만 받고한달 생활비로 3백만원 쓰는 사람은 ...
269,걸게 박일산임 ㅋㅋㅋㅋㅋㅋㅋㅋㅋㅋ
270,현실적으로 돈이 젤 큰 선물인데 그게 없으면 현타존나크다.업계에 이름이라도 남으면 큰 다행일까남...
281,바로 국내 시장 때문이다. 국내에서는 비싸게 팔구 해외는존나게 싸게 파는거다....
282,"박진우가 일본,중국 둘 다 갔는데 시청자들 공통적인 평가가 중국하고 비교하니 일..."
283,중국음식은 묵을때마다 알싸한 향신료가 맘에 듬 캐비지생선...
284,일 시작부터 남이 쓰던 장갑 줘서 손에 담배냄새 다 배기고 씨발 4명이서 해야 할 일을 일...
285,
286,세계 평균은 비트가 압도적인데우리나라 리플비율 보소도지 비캐도존나많네
287,해명을존나늦게함.논란이 터지면 거의
288,그럼 한달 생활비로 50만원 쓰는 사람은 월급도 50만원만 받고한달 생활비로 3백만원 쓰는 사람은 ...
289,걸게 박일산임 ㅋㅋㅋㅋㅋㅋㅋㅋㅋㅋ
290,현실적으로 돈이 젤 큰 선물인데 그게 없으면 현타존나크다.업계에 이름이라도 남으면 큰 다행일까남...
301,바로 국내 시장 때문이다. 국내에서는 비싸게 팔구 해외는존나게 싸게 파는거다....
302,"박진우가 일본,중국 둘 다 갔는데 시청자들 공통적인 평가가 중국하고 비교하니 일..."
303,중국음식은 묵을때마다 알싸한 향신료가 맘에 듬 캐비지생선...
304,일 시작부터 남이 쓰던 장갑 줘서 손에 담배냄새 다 배기고 씨발 4명이서 해야 할 일을 일...
305,
306,세계 평균은 비트가 압도적인데우리나라 리플비율 보소도지 비캐도존나많네
307,해명을존나늦게함.논란이 터지면 거의
308,그럼 한달 생활비로 50만원 쓰는 사람은 월급도 50만원만 받고한달 생활비로 3백만원 쓰는 사람은 ...
309,걸게 박일산임 ㅋㅋㅋㅋㅋㅋㅋㅋㅋㅋ
310,현실적으로 돈이 젤 큰 선물인데 그게 없으면 현타존나크다.업계에 이름이라도 남으면 큰 다행일까남...
321,바로 국내 시장 때문이다. 국내에서는 비싸게 팔구 해외는존나게 싸게 파는거다....
322,"박진우가 일본,중국 둘 다 갔는데 시청자들 공통적인 평가가 중국하고 비교하니 일..."
323,중국음식은 묵을때마다 알싸한 향신료가 맘에 듬 캐비지생선...
324,일 시작부터 남이 쓰던 장갑 줘서 손에 담배냄새 다 배기고 씨발 4명이서 해야 할 일을 일...
325,
326,세계 평균은 비트가 압도적인데우리나라 리플비율 보소도지 비캐도존나많네
327,해명을존나늦게함.논란이 터지면 거의
328,그럼 한달 생활비로 50만원 쓰는 사람은 월급도 50만원만 받고한달 생활비로 3백만원 쓰는 사람은 ...
329,걸게 박일산임 ㅋㅋㅋㅋㅋㅋㅋㅋㅋㅋ
330,현실적으로 돈이 젤 큰 선물인데 그게 없으면 현타존나크다.업계에 이름이라도 남으면 큰 다행일까남...
341,바로 국내 시장 때문이다. 국내에서는 비싸게 팔구 해외는존나게 싸게 파는거다....
342,"박진우가 일본,중국 둘 다 갔는데 시청자들 공통적인 평가가 중국하고 비교하니 일..."
343,중국음식은 묵을때마다 알싸한 향신료가 맘에 듬 캐비지생선...
344,일 시작부터 남이 쓰던 장갑 줘서 손에 담배냄새 다 배기고 씨발 4명이서 해야 할 일을 일...
345,
346,세계 평균은 비트가 압도적인데우리나라 리플비율 보소도지 비캐도존나많네
347,해명을존나늦게함.논란이 터지면 거의
348,그럼 한달 생활비로 50만원 쓰는 사람은 월급도 50만원만 받고한달 생활비로 3백만원 쓰는 사람은 ...
349,걸게 박일산임 ㅋㅋㅋㅋㅋㅋㅋㅋㅋㅋ
350,현실적으로 돈이 젤 큰 선물인데 그게 없으면 현타존나크다.업계에 이름이라도 남으면 큰 다행일까남...
361,바로 국내 시장 때문이다. 국내에서는 비싸게 팔구 해외는존나게 싸게 파는거다....
362,"박진우가 일본,중국 둘 다 갔는데 시청자들 공통적인 평가가 중국하고 비교하니 일..."
363,중국음식은 묵을때마다 알싸한 향신료가 맘에 듬 캐비지생선...
364,일 시작부터 남이 쓰던 장갑 줘서 손에 담배냄새 다 배기고 씨발 4명이서 해야 할 일을 일...
365,
366,세계 평균은 비트가 압도적인데우리나라 리플비율 보소도지 비캐도존나많네
367,해명을존나늦게함.논란이 터지면 거의
368,그럼 한달 생활비로 50만원 쓰는 사람은 월급도 50만원만 받고한달 생활비로 3백만원 쓰는 사람은 ...
369,걸게 박일산임 ㅋㅋㅋㅋㅋㅋㅋㅋㅋㅋ
370,현실적으로 돈이 젤 큰 선물인데 그게 없으면 현타존나크다.업계에 이름이라도 남으면 큰 다행일까남...
